sasdate,RPI,W875RX1,DPCERA3M086SBEA,CMRMTSPLx,RETAILx,INDPRO,IPFPNSS,IPFINAL,IPCONGD,IPDCONGD,IPNCONGD,IPBUSEQ,IPMAT,IPDMAT,IPNMAT,IPMANSICS,IPB51222S,IPFUELS,CUMFNS,HWI,HWIURATIO,CLF16OV,CE16OV,UNRATE,UEMPMEAN,UEMPLT5,UEMP5TO14,UEMP15OV,UEMP15T26,UEMP27OV,CLAIMSx,PAYEMS,USGOOD,CES1021000001,USCONS,MANEMP,DMANEMP,NDMANEMP,SRVPRD,USTPU,USWTRADE,USTRADE,USFIRE,USGOVT,CES0600000007,AWOTMAN,AWHMAN,HOUST,HOUSTNE,HOUSTMW,HOUSTS,HOUSTW,PERMIT,PERMITNE,PERMITMW,PERMITS,PERMITW,ACOGNO,AMDMNOx,ANDENOx,AMDMUOx,BUSINVx,ISRATIOx,M1SL,M2SL,M2REAL,BOGMBASE,TOTRESNS,NONBORRES,BUSLOANS,REALLN,NONREVSL,CONSPI,S&P 500,S&P div yield,S&P PE ratio,FEDFUNDS,CP3Mx,TB3MS,TB6MS,GS1,GS5,GS10,AAA,BAA,COMPAPFFx,TB3SMFFM,TB6SMFFM,T1YFFM,T5YFFM,T10YFFM,AAAFFM,BAAFFM,WPSFD49207,WPSFD49502,WPSID61,WPSID62,OILPRICEx,PPICMM,CPIAUCSL,CPIAPPSL,CPITRNSL,CPIMEDSL,CUSR0000SAC,CUSR0000SAD,CUSR0000SAS,CPIULFSL,CUSR0000SA0L2,CUSR0000SA0L5,PCEPI,DDURRG3M086SBEA,DNDGRG3M086SBEA,DSERRG3M086SBEA,CES0600000008,CES2000000008,CES3000000008,UMCSENTx,DTCOLNVHFNM,DTCTHFNM,INVEST,VIXCLSx
1992-03-01,0.0014665391210950673,0.0005896671294305378,0.0018304593461064833,0.004016845545530501,-0.003000606031390518,0.008380590946749145,0.008338489774009972,0.008783219940850628,0.008871101919213586,0.02022239158430228,0.004915541473797802,0.011425150774018622,0.008438061979032074,0.012454121066676205,0.013981588603072304,0.010273418164739923,-0.008735170157248895,0.004298490853828163,0.6256000000000057,140.0,0.01461104000000002,0.0031160375433465504,0.0033150091613496357,0.0,0.40000000000000213,0.04037025991275378,-0.05284510648381424,0.004390097988432373,-0.036518008805395574,0.038565930393573034,-0.029140526999036354,0.00045229447910344334,-0.0006776751484807164,-0.0025661601892918995,0.0019495294813172137,-0.001427127553865759,-0.0021043146198955753,-0.0004387568626142979,0.000742442204819227,0.0,-0.0005283912566547144,-0.0001716229292441085,-0.00015329194480884212,0.0013902258682261248,40.2,0.10000000000000009,40.7,7.167809184316444,4.919980925828125,5.793013608384144,6.269096283706261,5.717027701406222,6.9865664594064265,4.812184355372417,5.579729825986222,6.09807428216624,5.517452896464707,0.04458101459158392,0.046819601276466116,0.09310709839458653,-0.004805880715299082,0.003852500411497317,-0.030000000000000027,-0.0037727371274165478,-0.0043983540952758915,-0.0024488808613973845,0.018917874770475684,0.030542497966809634,0.028956508114742374,0.002159954766070449,-0.0013555855277465056,-6.425615648542049e-05,-0.000477640999999987,-0.012684334373661343,0.047815179000000096,0.006893824191635645,-0.07999999999999963,0.1899999999999995,0.20000000000000018,0.24999999999999956,0.33999999999999986,0.3700000000000001,0.20000000000000018,0.0600000000000005,0.019999999999999574,0.32,0.06,0.2,0.65,2.97,3.56,4.37,5.27,-0.0016386705747706287,-0.0033167526259942903,-0.0026427816376717317,-0.02963043645350627,-0.013423314340315073,-0.026707927430728695,0.001434164088504275,0.0015238078223029916,0.004810911846130139,-0.0005842502336799171,0.0015588315103904904,0.0025470305022974316,0.0013266668390130576,0.0007134680209661681,0.0007306699002054273,0.0014662632291138067,-0.00011760583163233918,-0.002486612617517814,0.0012907445405110352,-0.000182019603953254,0.0008364488533993963,0.01166981782768417,-0.003555534196008292,7.200000000000003,-0.016313105296207553,0.0016634239017179198,-0.0037910198809356643,16.2227
1992-04-01,0.0035874565796039093,0.0025740039951731575,0.0008327663556206844,0.006642007628762769,0.0060165209045663914,0.007651588620925409,0.0074326524407073435,0.007499292485140252,0.00932160780028557,0.018414629545071115,0.006126536361060531,0.009434591680241855,0.00792870770741505,0.006558968716463109,0.0018865869697171078,0.005435030279594244,0.042140580590832144,0.006263957898388739,0.23449999999999704,-104.0,-0.009558765000000025,0.001855585883483002,0.002384073496804362,0.0,0.29999999999999716,-0.03458901758220634,0.007114935741887152,-0.02086702335196655,-0.032088314551501185,-0.011928570865274324,-0.02654240155737675,0.0014201666010364988,0.00022594274706833062,-0.0069293646051944435,-0.0039028670530250054,0.0015459629669596353,0.0008021658908035079,0.0026296581990710166,0.0017263657346120453,0.00036181086731801315,-0.002292927229200714,0.0013254122412469371,0.0016849203649194067,0.0012815722371364302,40.5,0.09999999999999964,40.8,7.002155954403621,4.812184355372417,5.4680601411351315,6.16541785423142,5.572154032177765,6.960347729101308,4.770684624465665,5.493061443340548,6.052089168924417,5.5909869805108565,0.001647128124282915,0.03636466859588339,0.010403509578768677,0.0019392537702831447,0.003350988101734842,0.0,-0.004801910780598995,-0.0023810420954877287,-0.003397534940982716,-0.02067478147536317,-0.13043494193091654,-0.12316654933443572,-0.0008367177742663046,0.0057956471743887406,-0.004493395454853832,-0.0011609070000000027,0.00012273402325213567,-0.00037116900000011555,0.023430646910816755,-0.25,-0.2599999999999998,-0.29000000000000004,-0.3099999999999996,-0.33000000000000007,-0.16999999999999993,-0.05999999999999961,-0.019999999999999574,-0.03999999999999915,0.31,0.02,0.14,0.57,3.05,3.75,4.6,5.48,-6.674785426596941e-07,0.0008274721200320911,0.0008760376539864723,0.025575877585348294,0.07196859185577065,-0.011821280514599408,-0.0014466127765677683,-0.006867618786174923,0.0007804953342569476,-0.0005733248179646822,-0.0023452754081141336,-0.0017100635722258062,-1.1052149123891297e-05,-8.245548305474415e-06,-8.650556448053237e-06,-0.0007404091111862243,0.00027938572420715957,0.00260410541700562,-0.00215586257230882,0.0007918212695514626,0.0008301359507689732,-0.005835701533973392,0.0017589934612267655,1.2000000000000028,0.03714687445322795,-0.005843294075837946,0.0013671933048433615,16.1885
1992-05-01,0.005187995101394449,0.005345856065259724,0.0051638886353564395,-0.008738496393275952,0.0054674225945383625,0.0032829131714260384,0.005519693203559051,0.005877423058186615,0.006536751839333554,0.03085723441979127,-0.0021365055808812983,0.007955861919564544,0.0004609587468009657,0.010755434363671768,-0.004871473072113552,0.00587749484348965,-0.02410137106382404,-0.008633686676736474,0.2621000000000038,94.0,-0.0005379349999999894,0.0021722152626377778,-0.00043074143089327777,0.1999999999999993,0.40000000000000213,0.03605336108592816,-0.01176693912158111,0.09560058201342336,0.05635293655113216,0.1254992209272583,-0.0020343452238336113,0.0012248865288171373,0.00013554114824110286,-0.004375665356047165,0.000434404872166283,0.00023762846900865497,0.00020044097080429424,0.00029175784306190167,0.001503794471803488,-0.0004975236991739962,-0.0020622411095310156,0.0001791856406985204,0.001682086182984932,0.0007468260242564639,40.4,0.10000000000000053,40.9,7.101675971619444,4.820281565605037,5.700443573390687,6.2166061010848646,5.66988092298052,6.962243464266207,4.8283137373023015,5.552959584921617,6.037870919922137,5.537334267018537,0.02271459930208053,0.010803486726711498,0.02421269939348214,0.0019119974000947337,-0.0005360420964333201,-0.010000000000000009,-0.0003721341895799313,0.0009110303241168793,-0.002463257670505925,0.011671363762066456,0.0784424978501006,0.06947268824493047,0.0011883610492544605,-0.006628438386419688,0.0036544717249515912,-0.0008111759999999968,0.018000534676342106,-0.053946281999999623,0.03769802632538788,0.08999999999999986,-0.16000000000000014,-0.1200000000000001,-0.1200000000000001,-0.10999999999999943,-0.08999999999999986,-0.09000000000000075,-0.05000000000000071,-0.08000000000000007,0.06,-0.19,-0.07,0.37,2.87,3.57,4.46,5.31,0.002443326680650948,0.0032996488846190886,0.0017451797113716694,0.011932337122534165,-0.03394877933485985,-0.008900005129106603,-4.63146053419905e-06,0.011442558939616099,-0.0024028297155931355,-0.0016228346695932316,0.0015558130469068843,-0.0008514042048055614,-0.0006716992375572772,-8.198397110525946e-06,-0.0007398613527671571,-4.823276488430395e-06,-0.0013670240248435661,-4.371468904196263e-05,0.0009635234931275605,-0.0025801197612134175,-0.002514315837886194,-0.0007264802353659228,-0.0008899763518828152,2.0,-0.052941440354928204,0.00020678661608819482,0.0040452674916551246,14.728
1992-06-01,0.004068981581790254,0.004315791886735809,0.0027029224136940755,0.01048664390244447,0.0028038331366566638,0.0005637853584143926,-0.00247033807801067,-0.0031551957357898175,-0.004910153984138077,-0.013889202432913805,-0.0017030338230608066,0.002350872682674421,0.004395262416075685,0.002286483461180655,0.010908494010402059,0.0033014257395693747,-0.04024770941341416,-0.0038596762556277753,0.05100000000000193,-36.0,-0.012462956000000025,0.0026502677471267333,0.00037163104222592835,0.20000000000000018,0.3999999999999986,0.029129673182213267,0.00750405522382902,0.08725331442578899,0.09655473503652967,0.08035283327689058,0.0032290884961767574,0.0006348768414206063,-0.0016729594931206293,-0.010613210896157632,-0.004570690294832147,-0.0005347434844154009,-0.0013035850429616858,0.0005832604423154919,0.0012244993790258007,0.00013571283185598304,-0.001475637497110327,0.0004906484835753844,0.001374150914758232,0.0004798080859735876,40.3,-0.10000000000000053,40.8,7.0431599159883405,4.74493212836325,5.62040086571715,6.135564891081739,5.676753802268282,6.963189985870238,4.804021044733257,5.488937726156687,6.07993319509559,5.545177444479562,0.010921089822973684,-0.02403435938463261,-0.037075424023802483,-0.005085330366004115,0.006641568734522707,0.0,-0.0032943616443228407,-0.0012076031739987059,-0.0044079249108746055,0.0035486083030820126,0.04650321893376441,0.046050487272252916,0.0018021733594935085,-0.0033711039605668347,-0.002723742644157312,-0.0010042260000000108,-0.015891863828300323,0.04757642099999959,-0.0019306958301972266,-0.06000000000000005,0.040000000000000036,0.03000000000000025,0.020000000000000018,-0.020000000000000462,-0.20999999999999996,-0.1299999999999999,-0.05999999999999872,-0.08000000000000007,0.16,-0.1,0.01,0.41,2.72,3.5,4.46,5.29,0.0008001083120907637,-1.696314282284561e-05,0.00172692660727769,-0.009300488220080894,0.032430908055577135,0.014143848209918097,0.0007094191435532693,-0.003070205623978417,0.001577853646252514,0.0005095914913333388,0.0015449458671499272,-2.858190179644282e-06,-6.989460329620556e-06,0.000703338953557342,0.0007248445178218432,0.0007237953218073301,0.0004405647143448377,-0.004107544234277505,0.0032190415424491192,0.00026470662266175893,0.002500345474614196,0.007956642338094788,-0.0008829777511922821,1.2000000000000028,0.04562073068633765,0.008812460133741595,-0.0008936338825860091,14.7531
1992-07-01,-0.0008876647020645834,-0.001450090715350072,0.0033182200560175623,0.01330298437675026,0.00708001541464931,0.009021536837824584,0.01014569972316881,0.01147690099628118,0.013213686688754223,0.026242274753843553,0.008555048819243183,0.010192518216949775,0.007603468639073796,0.011181589321126228,0.0003336152740383014,0.009026637623351874,0.009574705003651651,0.0032930564258828454,0.5087999999999937,-20.0,0.0035373230000000366,0.0008092692896006781,0.002479632868107373,-0.09999999999999964,-0.09999999999999787,-0.02300273935470898,0.00815462770936648,-0.039071708821238005,-0.07621505079940682,-0.012166738759878726,0.05573119352366618,0.0007539675599446127,-0.0010866613402917835,-0.0046067866928449774,-0.0030587745063250793,-0.0004161093833268126,-0.0020088395666668646,0.001893250401675317,0.0012230018138765786,-0.0018110205520276423,-0.003649243134072222,-0.0014258835295315464,-0.000305203725853076,0.0029271688587488853,40.3,0.0,40.8,7.037905963447182,4.812184355372417,5.598421958998375,6.156978985585555,5.6131281063880705,6.9930151229329605,4.859812404361672,5.529429087511423,6.089044875446846,5.58724865840025,-0.003820086290438951,-0.001988396248062685,-0.010538903571204017,-0.009268694765840024,0.0056528534742259495,-0.010000000000000009,0.005502079097070123,0.0016785474828591163,-0.002687229018534687,0.001999031787472738,-0.008200042259580709,-0.008263533410248325,-0.0011609366730160886,0.0017900354912274707,0.005742160797809426,-0.0001084920000000017,0.016470274660708384,-0.043680042999999724,0.02856792313279266,-0.5099999999999998,-0.48,-0.4500000000000002,-0.4900000000000002,-0.5699999999999998,-0.6400000000000006,-0.41999999999999993,-0.15000000000000036,-0.21000000000000085,0.19,-0.04,0.03,0.35,2.59,3.59,4.82,5.59,-0.004870796200287408,-0.004110157861828334,-0.004358060199588287,-0.012877840176491517,-0.09419985783006224,0.009344016035538694,-8.151649206311617e-06,0.0007395371728202704,-1.5647654871386862e-05,0.0005022639527618722,-0.002332498123863047,-2.8485504088848757e-06,0.0006502935129217846,-0.0007216150319990788,-8.512300006202622e-06,-0.0007349677542034527,0.0015250198239114,0.003609806443139796,-0.0023730920801288136,0.0026322623450170113,-0.004169102825902105,-0.015187331831240769,-3.072482158472667e-06,-3.8000000000000114,-0.0035230901468832343,-0.00854377882357582,0.00227273888345092,13.3036
1992-08-01,0.003796680096524341,0.003722634506470257,0.002486466089552497,-0.01603560233933443,0.003241242387895582,-0.005579214409331179,-0.0012684673055334272,-0.0013630491422285118,8.676089065495773e-05,-0.008910705949663367,0.0033035521140876156,-0.005003505610681636,-0.011055261459230525,-0.005040344720964374,-0.0141732407720081,-0.005006656726358472,0.01355716957482933,-0.04829235347059946,-0.6122000000000014,68.0,0.008828804999999995,0.0003888387767911894,0.0009514227855138557,-0.10000000000000053,-0.10000000000000142,-0.0005819028386486735,0.0028208763416417426,-0.009731760386147315,0.010681009420333787,-0.02430426992605028,-0.08370081142662933,0.0011390673740585555,-0.0013599893297033816,-0.006950218280528553,0.0024041099984923875,-0.0021427304192531693,-0.0015092823713249715,-0.00306011167759479,0.0017741531346562311,-0.0007253275625132005,-0.0016613599280237423,-0.0010687970810270286,0.0018298266770759852,0.003501329836932854,40.3,0.0,40.8,7.111512116496157,4.709530201312334,5.783825182329737,6.169610732491456,5.7430031878094825,6.980075940561763,4.820281565605037,5.537334267018537,6.052089168924417,5.605802066295998,-0.025341174509543762,-0.0179345632792014,-0.038359148128755294,-0.010279136765287689,0.0012572417194984808,0.020000000000000018,0.0013515558807633,0.0012953915371625158,-0.0007040066550212387,-0.0030077422778607144,0.0019577282111136185,0.004024012948962152,-0.0003514096210981421,0.0027559171946016647,-0.0003600022928846869,-0.00040667099999999734,0.006914959485198935,-0.01489465000000001,0.014054941730232695,0.04999999999999982,-0.06000000000000005,-0.08000000000000007,-0.06999999999999984,-0.1299999999999999,-0.2400000000000002,-0.25,-0.1200000000000001,-0.1899999999999995,0.08,-0.17,-0.09,0.17,2.3,3.29,4.65,5.35,0.0016214026019785166,0.0,-0.0017368650679081554,-0.008897735419864716,0.008941073736782545,0.005408641374993195,-0.0007180804806976582,-0.007550600027134813,-0.0031601812693349274,-0.0005495839985805162,0.0007695102151474842,-2.838959321849188e-06,-0.0006658856503278798,-0.0007155116892905156,-8.462845728196555e-06,0.0007201469326441057,-0.0019583368257052314,-0.0006856972264941419,-0.00029863764521564917,-0.0028481393877499706,0.004990996452555407,0.011575374097157365,0.0008699195471391086,-0.5,-0.006336428604267752,0.011633756389995753,0.0003455227745243761,14.4223
1992-09-01,-0.003884309787061113,-0.0050254425130180636,0.006487760931138453,0.013807834415880293,0.00948998818484803,0.0032009201613218963,-0.0004296283366596043,-0.0017418621932359102,-0.0041960273623926625,-0.003376210289682824,-0.0044825310585077105,0.004263991478574258,0.0078223174453389,-0.0005790462443204802,0.01302081520118925,0.0015294220385273505,-0.005948605321911771,0.02858875868589461,-0.08299999999999841,-91.0,-0.009119101000000018,-0.0008712089352123087,-0.0008924587830190234,0.0,0.10000000000000142,-0.0023310033864767377,0.014680445404215092,-0.021178258709744213,-0.07799743458003316,0.018164935412540828,0.02378175656248871,0.0002845642285240757,-0.0010893247264540662,-0.008672502655031167,0.0006546645078326918,-0.001311710180921466,-0.0018141508704605513,-0.0005839416224340255,0.0006328640761701365,-0.00022677279730665134,-0.0020409181305307555,-0.00016393122731273024,0.00243457210938125,-0.002863811885148948,40.2,-0.09999999999999964,40.7,7.078341579557671,4.8283137373023015,5.579729825986222,6.257667587882639,5.6131281063880705,7.01571242048723,4.844187086458591,5.568344503761097,6.102558594613569,5.627621113690637,0.0267446384025245,0.002488368168805266,0.03383402085138876,-0.0069508895915806335,0.0016654082193596764,-0.020000000000000018,0.0038410915420250547,0.0019351102891995708,0.001242030465205879,0.005447092913797746,0.01756673830493094,0.019975304143640793,0.005320451521793501,0.0012743512184680839,-0.002301902484698637,8.553599999999717e-05,0.0013151446761119345,0.0016787659999999427,0.004325308807680006,-0.07999999999999963,-0.13999999999999968,-0.21999999999999975,-0.25,-0.29000000000000004,-0.21999999999999975,-0.16999999999999993,-0.03000000000000025,-0.030000000000001137,0.02,-0.31,-0.26,-0.04,2.16,3.2,4.7,5.4,0.0016174666261656867,0.003276006205900295,0.0026045440811302,0.029537288716412924,0.04450194255368567,-0.04313413346949435,-4.539815315673934e-06,0.002262726513928115,-0.0007877117382495413,-2.2087789693259197e-05,-5.3583819825675505e-06,-2.829416597016632e-06,-0.000660679338110981,-0.0007109719195028674,-0.0007317411583160904,-0.0014545334815974087,0.0002964711003015097,-0.0016207500473699454,-0.0013534918029485254,0.0013192699852195844,-0.006650740978265901,-0.010868810680954688,-0.003494214766218917,-0.5,-0.008749733935578874,-0.007363930993170342,-0.008087643870356764,14.2585
1992-10-01,-0.004970638314384601,-0.005842753037805792,0.0033570743565132233,0.004039263835279527,0.007205383721270664,0.006808739701384958,0.007857394152649633,0.01020393993954194,0.013302494403309773,0.02142851343262553,0.010414100871604326,0.0037554178261789417,0.005472467964390937,0.012636844577131878,-0.0040282018374959705,0.005760611702911866,0.04869084209059693,0.04024844703655983,0.2621000000000038,55.0,0.01774790399999998,-0.0037033181136347793,-0.0007752330300458965,-0.2999999999999998,0.7999999999999972,-0.021227212130572326,-0.09150065138765662,0.0002853474124080435,-0.060669490016105776,0.03856459298685522,-0.0987212667313937,0.0016598731853267878,0.00036324010570076837,0.0028435245387044006,0.0034843240826116784,-0.0005968011635708592,-0.001514310521066875,0.0007298737642464914,0.001988037956332178,0.0007708177851100118,-3.967073292265866e-05,0.0014432324665740737,0.0012150669781672008,-5.311097539539844e-05,40.3,0.09999999999999964,40.8,7.126087273299125,4.859812404361672,5.726847747587197,6.251903883165888,5.666426688112432,7.0317412587631285,4.7535901911063645,5.537334267018537,6.184148890937483,5.6240175061873385,-0.020802420329989246,0.05386968782140045,0.016737968542882342,0.005282953138792124,0.00048446715903871507,0.010000000000000009,0.001186303308728931,0.0005729455751808388,-0.00028966915846684316,-0.0038561164863439856,0.005028339606195864,0.005082289335005319,-0.004558008157316884,0.00018123289957383548,-0.003718152290596244,-0.00035079600000000044,-0.014392893287619835,0.0421213960000002,-0.016397857109881286,-0.1200000000000001,0.08999999999999986,-0.050000000000000266,0.08000000000000007,0.11999999999999966,0.21999999999999975,0.16999999999999993,0.07000000000000028,0.22000000000000064,0.23,-0.24,-0.06,0.2,2.5,3.49,4.89,5.74,0.0016057221737808547,0.0008039668140149558,-0.0017361115471761224,-0.020639553296548208,-0.035345061836137504,-0.017682665323700775,0.002114872703040227,0.0030228617120142687,0.008624122444097715,0.0010122446273248542,-5.3336604652898245e-06,0.0008350519327304795,0.0032545435248740873,0.0035203728930373046,0.0014382894529028079,0.00216318981085184,0.0018915868087487908,0.0028220741473825584,0.00020510285437858045,0.0023980448896563367,0.005814993021580062,0.013770534597710604,0.0026181824273754373,-2.299999999999997,0.0007913672761930002,-0.007438822735515771,0.0016311247746028101,17.4786
1992-11-01,0.0021579734153469587,0.0044430585677393,0.0017040167391795258,0.0017027096167439026,0.002212934269193667,0.003819756033103694,0.0025261614772960073,0.0031391746405216026,0.001589193818769985,0.008474846893799182,-0.0008792188604571649,0.007275790081758604,0.005466274372071922,0.006422817245356871,0.004479906736550632,0.003625184022329364,0.0003472638272485895,-0.015519279274354147,0.10070000000000334,98.0,0.004839526000000038,0.003236286635008412,0.0020883866388334837,0.10000000000000053,-1.0,-0.011689028640045507,0.10562663993943566,-0.03129783130810537,0.06924709800414597,-0.09658720269063181,-0.042030373866616344,0.0013277478314392965,0.0006353528691160903,-0.0008354917354589375,0.001303497903442974,0.0004177982095452393,0.000605999412545799,0.00014591084872961346,0.0015027677840286913,0.00027191153978911586,-0.0003372647858093103,0.00048321227987635496,0.0018198367169866003,0.0006902227569671737,40.3,0.0,40.9,7.101675971619444,4.727387818712341,5.58724865840025,6.251903883165888,5.752572638825633,7.0192966537150445,4.897839799950911,5.560681631015528,6.104793232414985,5.62040086571715,0.024947725411200494,-0.04018701760429799,-0.04942643760595011,-0.00860732515011442,0.002322421814625386,-0.010000000000000009,-0.003880894946186153,-0.003162494708035979,-0.002030036947804348,0.008963221322847659,-0.0009083393981610399,-0.0029497223141712325,0.0027181227992834067,-0.0018049044800694247,0.010582187216905403,0.00013225900000000956,0.02475765112572681,-0.07423452900000038,0.02025433050758174,-0.010000000000000231,0.33000000000000007,0.27,0.2999999999999998,0.38000000000000034,0.4400000000000004,0.28000000000000025,0.10999999999999943,0.120000000000001,0.57,0.04,0.25,0.59,2.95,3.78,5.01,5.87,-0.00483936738975288,-0.0057099652308458815,-0.0017361115471761224,-0.002922554442601921,-0.05425255333575629,-0.006649633935736254,-0.0014243994314462327,-0.0007584220968048783,-0.003951216744705555,-0.0005463236495657497,-0.0015390517415836413,0.0008287601255991817,-0.001322428784969354,-0.0014247931721973472,-0.0007316443786056226,-0.0007316443786056226,-0.0015565205545389205,-0.00019576795987852336,-0.00023516546770618874,-0.002360909535258582,-0.0016652609843483823,-0.005082686075456699,-3.0404216455615085e-06,12.0,-0.005898494799184917,0.012095467636260793,0.002598493324287965,14.594
1992-12-01,0.03583596895600927,0.04016903987740328,0.006570857427464993,0.015446293591274696,0.012217246594131481,0.0015098426396891185,0.0034005674894102,0.00288393722271163,0.0004016708129315205,0.010280836393230075,-0.0031761625075468203,0.00911544644382678,-0.0009077623375510768,-0.0029015878154616814,-0.005063880040314217,-0.0005270772445644667,0.03719600463337169,-0.011658916220262938,-0.2190000000000083,3.0,0.000577150999999998,0.0008793945974225892,0.0010173496818577377,0.0,1.1000000000000014,-0.039353371936995174,-0.05774219089396038,0.07210841349505337,0.12683643345109896,0.03162318843051182,-0.06633447382034241,0.002011153434075652,0.0015413213079042976,-0.0010035123772400567,0.005197066699649255,0.0006561875738775313,0.0003028620486524858,0.0011665209838422896,0.0021298287012694317,0.0007700147589151385,-0.0016085315195617511,0.0006465156537878158,0.0025724459975418057,0.0019618766068898452,40.3,0.0,40.9,7.112327444710911,5.043425116919247,5.6240175061873385,6.274762021241939,5.575949103146316,7.069874128458572,4.859812404361672,5.634789603169249,6.169610732491456,5.666426688112432,-0.004498663867192221,0.029834696895960633,0.07595863171794548,-0.0023658111608160226,0.007157643942544922,0.0,-0.0028678412336384795,-0.001313742091966219,-0.00190950659930067,-0.0005700918780950914,0.004458494601160101,0.004609855553251663,-0.0008500360096563853,-0.0005954499578271211,-0.0046795068558243,-0.003481238999999997,0.029822357307023317,-0.08680585699999988,0.022564039663862,-0.16999999999999993,0.009999999999999787,0.0900000000000003,0.020000000000000018,0.029999999999999805,0.040000000000000036,-0.10000000000000053,-0.11999999999999922,-0.15000000000000036,0.75,0.3,0.44,0.79,3.16,3.85,5.06,5.89,0.0016109545776341605,0.002445320425684905,0.0017361115471761224,-0.008853832881223767,0.017017509519513307,0.03851462416626905,-0.0014124184136683482,-0.0007550002077136853,-0.003120110356331196,-0.0010499757645332508,0.0007659882756181347,-0.0033444847228469854,-0.0013071106146593792,-0.0014099013365340696,-0.0007253722115843075,-0.0014429897522481028,-0.00022199453969218297,-0.00538440066674184,0.0017860897858010816,-4.400266113036011e-05,-0.0008295290875968142,-0.0007238373873228454,-3.0298462578848273e-06,5.700000000000003,0.003517330216265435,-0.003016533488615636,-0.00026030142670130374,12.7813
1993-01-01,-0.027897051340493917,-0.035136576037333,-0.001436767717170273,0.0025016508832855777,0.011504579623768052,0.003932598920924235,0.0039063877958094295,0.004690072715138882,0.005492749779361539,0.014502674976067276,0.0021954572088001,0.0036008794674957656,0.003964486198095862,0.01494459571738549,0.007887317213223888,0.00934962384918947,-0.061804414301954935,0.001323564213127959,0.585400000000007,-70.0,0.00033171399999998297,-0.0011986582690965975,0.0006552639772081648,-0.10000000000000053,-0.6999999999999993,0.03391200421852503,-0.040686084945216194,-0.08723550010886783,-0.14479023706769478,-0.04476132586794357,0.019281929549450183,0.0026904414413984057,0.0025786618826533214,0.0016719615999907234,0.00731658095004839,0.0013110848123591978,0.0015129358879644172,0.0010195907954866357,0.0027186656453519475,0.002803275335782729,0.0004768717305445591,0.0030866021760811435,0.0025658454949386567,0.0012176078160663906,40.5,0.20000000000000018,41.1,7.098375638590786,4.867534450455582,5.713732805509369,6.320768294250582,5.3981627015177525,7.0707241072602764,4.955827057601261,5.638354669333745,6.184148890937483,5.594711379601839,0.02035413149215337,-0.035875426544363265,-0.08258364927089268,-0.012088824292264988,0.00021892793589906034,-0.010000000000000009,-0.003664987379489837,-0.001111062682547015,-0.005165601988285751,-0.020316757854029532,-0.04480257025518952,-0.04541800382508332,-0.0008469217630198145,-0.0028473652513225645,0.00043629553860480286,0.0025163669999999916,-0.000941587218050266,0.010328186000000183,-0.018578200887372276,0.10000000000000009,-0.41999999999999993,-0.2200000000000002,-0.21999999999999975,-0.20999999999999996,-0.25,-0.16999999999999993,-0.07000000000000028,-0.14000000000000057,0.23,-0.02,0.12,0.48,2.81,3.58,4.89,5.65,0.0008035335168834479,0.0008133366403697551,0.0026030383461623785,0.015717279123702355,0.029798639914008884,0.0009144917335870417,0.0021010748169265625,-0.0007532957041718191,0.0007718860602983213,0.0015118832136007399,-2.3487645215425346e-06,0.0,0.0012819743657166427,0.0006931921284962783,-4.63146053419905e-06,0.0014306036207933914,0.0006811402707613823,0.005772368384117321,-0.002606732563995351,0.0010357064400268179,0.0016508438944344839,-0.0014398850579877553,0.0017300833608842048,-1.7000000000000028,0.00351429588958041,-0.014368896488411664,-0.01155698470383193,12.584
1993-02-01,0.004614813980721166,0.005639822817801843,0.001849702410534615,-0.001282770444390735,-0.007819974951772224,0.004827872959049628,0.0028616046264735573,0.0006355215097864075,0.0012933302921318557,-0.0039000248413980643,0.0032091509891261083,0.0014637254530196486,0.007338109905085766,0.007777787904665434,0.001377451111865824,0.002867817809875106,0.025875987880782603,0.010883519291526866,0.07729999999999393,112.0,0.017073418000000007,0.000451611403855523,0.0016782047152457125,-0.20000000000000018,-0.10000000000000142,0.0479381724067629,-0.026392811356406476,-0.0477446857678796,-0.07288241353561364,-0.030469695106693173,-0.021496769879002287,0.002265295115789101,0.002526963124370951,-0.016167411767011863,0.01066335546574848,0.0008334325997374492,0.0005038037287281583,0.0013093767783285415,0.002199218056233576,0.0021648935029325855,-0.0006955139631550367,0.003897099930691539,0.0018072294075412998,5.290585404438275e-05,40.6,0.10000000000000053,41.1,7.098375638590786,4.8283137373023015,5.68697535633982,6.278521424165844,5.54907608489522,7.045776576879511,4.962844630259907,5.58724865840025,6.186208623900494,5.529429087511423,-0.009362317855877933,0.05763878090075458,0.10520236860486243,0.001009638769735588,0.0025160221435864827,0.0,-0.002348005740838488,0.0002902289606581121,-0.0034306786220934526,0.0005434861923641066,-0.02756391834621086,-0.026947615052163365,-0.0015141533590474765,0.002940661867108396,0.0028968410066418926,-0.00018665799999999233,0.014756291613045924,-0.034216081999999926,-0.0017696992402509437,0.009999999999999787,-0.06999999999999984,-0.06999999999999984,-0.07000000000000028,-0.10999999999999988,-0.40000000000000036,-0.33999999999999986,-0.20000000000000018,-0.27999999999999936,0.15,-0.1,0.04,0.36,2.4,3.23,4.68,5.36,0.0007996615752112746,0.0008093696723063815,0.001720357925544036,-0.008869438001025465,0.06725543988381322,-0.0027594641194275127,-0.0014089081527579594,0.00899556290857717,0.0007665111663133217,-0.000537826958716181,0.0015243762720507092,0.0,-0.0019410909859729486,-0.000703432986153274,0.0007094191435532693,-0.0007222291307682482,-0.0009211979291618988,-0.0031989628396953407,0.0032150692481840437,-0.0021092878265638326,-6.1268690778604196e-06,0.0007191657987055677,-0.0017391099962291712,-2.700000000000003,-0.04549020425504047,0.007142551332881553,0.012893026404939611,13.6247
1993-03-01,-0.0025972868409436245,-0.0038553874829325707,-0.0027166975387347136,-0.006342252771167622,-0.008310985563797502,-0.0009785121079950443,0.0007144616537893,-0.00010126785981778852,0.0004780612577439669,0.005717792296882074,-0.0014367896170908168,0.0022169698936678195,-0.003147835631028606,-7.6847918008216e-05,-0.004939433502186397,-0.0019160953206629472,0.0460253973474245,-0.020308148568939366,-0.2973999999999961,-19.0,0.002564343999999996,0.0010892569233327265,0.002236022655385028,-0.09999999999999964,-0.5999999999999979,-0.05983036927459118,0.03278982282299037,-0.023791764557337558,0.020062401294263843,-0.05441687162348785,0.03700095641496759,-0.0004726499388105765,-0.0021204131470042853,0.00406642376679045,-0.008093760904117175,-0.0005952381128135897,-0.0012095556358264759,0.00029073993517769736,-5.691357674919573e-05,-0.0007211105414324237,-0.0007954658866307085,-0.0009515668690820434,0.001353281914672877,0.0002644872929273845,40.3,-0.20000000000000018,40.8,6.9874902470009905,4.532599493153256,5.5053315359323625,6.129050210060545,5.652489180268651,6.962243464266207,4.68213122712422,5.53338948872752,6.0473721790462776,5.605802066295998,0.008091743038686872,-0.01636866791980829,-0.08516853107975386,-0.004715887179060019,0.007982715106201965,0.020000000000000018,0.0017259430562690525,0.0005259205027616787,-0.002223668289206948,0.011917002735870597,0.045614961845136914,0.04500202831663025,-0.0007452442529896075,0.002361544052950748,-0.007476223866581755,-0.00026522000000001045,0.01897215652254225,-0.04556047200000002,0.0018766934303320326,0.040000000000000036,-0.010000000000000231,0.020000000000000018,-0.020000000000000018,-0.06000000000000005,-0.23999999999999932,-0.27999999999999936,-0.1299999999999999,-0.2400000000000002,0.1,-0.12,-0.02,0.26,2.12,2.91,4.51,5.08,-5.7877646009174555e-06,-0.0008159741555626709,-0.000878087092793578,0.009857092402297596,-0.03544547894550609,-0.007434750695761494,-0.0007019883851988595,-0.00899556290857717,-0.0046355944210461075,-0.001538904373892258,-0.00305577013947822,0.0025010434045888985,0.0006375139155974097,-4.3584284377118365e-06,-0.0014326533145920806,-0.0007176043552021838,0.000540003322411664,0.0007694006359679761,-0.004119608382088025,0.0022948675994043377,-6.096650195797082e-06,0.005015616943332635,-0.0008661732985180137,-0.6999999999999886,0.04200146527756665,-0.0012894581742717293,0.004746208593034318,13.693
1993-04-01,0.007503226158220855,0.00930301795819588,0.006719214261821982,0.005153741805530743,0.02545868114130201,0.0027650993330778917,0.001708307056490277,0.002247674631728813,0.0006989306409623808,0.004738714508652819,-0.0007840826229923437,0.006525060920341552,0.004115376420854133,0.004786217846188379,0.010624778676423752,0.004637828353375006,-0.01288445588110676,0.00032020875972804674,0.23730000000000473,0.0,-0.0019858870000000195,-0.00010887231620948512,-0.0005689995802349301,0.09999999999999964,0.0,0.027233150458357613,-0.017404903983511133,-0.03296105203511246,0.053544387499392165,-0.10069564100646566,0.010627092574287289,0.0027509584413625277,-0.0004969168670001523,-0.003217887440951195,0.00298953884836628,-0.001370393755740551,-0.00191812688157178,-0.0005815644246478513,0.003567901793035233,0.0013066302068498459,0.0012525724103440439,0.0015468026812008873,0.003749535701480511,0.0016382616955166185,40.8,0.2999999999999998,41.3,7.1372784372603855,4.77912349311153,5.552959584921617,6.333279628139691,5.762051382780177,7.00669522683704,4.762173934797756,5.480638923341991,6.163314804034641,5.605802066295998,-0.016943900557130576,0.004981183353930163,0.04943421810463633,-0.0027683942616096857,0.0023362673402456124,-0.010000000000000009,0.004090799855728022,0.0007031181494294714,-0.0035766169704531947,0.007816576265827102,0.032322662187567186,0.03500048011632528,-0.005902506344437342,-0.00020631404631910044,0.010890671357675963,-0.00024582999999998856,-0.015852734476291097,0.047301211999999815,-0.03294706539106507,-0.10999999999999988,-0.029999999999999805,-0.08000000000000007,-0.07999999999999963,-0.08999999999999986,-0.0600000000000005,-0.010000000000000675,-0.1200000000000001,-0.009999999999999787,0.18,-0.09,0.01,0.28,2.17,3.01,4.5,5.18,0.003181493677589131,0.005644826673510295,-0.0008690947871397015,0.009713003791799402,-0.018346232788727157,-0.017219281201155567,0.0020864621810989803,0.0,0.0030888037027470006,0.0014954306605217127,0.002285715280856415,-6.239615806258314e-06,0.0019097466071915647,0.0013807014854645416,0.001420443246474612,0.0021324375286679853,0.0006139335374211186,0.005550369683728462,0.001197167819455558,-0.0005672773547384935,0.0008125989665050959,-0.0057347827420382025,0.003444563446459714,-0.30000000000001137,0.01813927116371694,0.00795511113367553,-0.004721882408544431,13.4566
1993-05-01,-0.00022605666471875452,0.00042811083372917835,0.0034793522072495975,0.0015827707509483702,0.009443302385145458,-0.0037229648933116977,-0.0036837935310254366,-0.004930147864874002,-0.0070840117694404015,0.0012437057964245213,-0.010168534115403638,0.001317443823803277,-0.003773131507055716,0.0012502765613078282,-0.009134499086134618,-0.001109891638902738,-0.08005343584840574,0.002302163410710989,-0.22050000000000125,127.0,0.012461626000000003,0.005274437470513149,0.005350842729837879,0.0,-0.10000000000000142,0.0038730869211587304,-0.0011456942249967739,0.02845653991400887,-0.041395414988969925,0.08394483058165036,-0.03193512593005288,0.0024902102380153224,0.0026173300140044375,0.0016949156599910253,0.013343415173684647,-0.0003578030928501619,-0.0011121784676060287,0.0007269026997391848,0.0024582979895395596,0.0022038824221617404,0.0023815205349766444,0.0017218685364994712,0.003437199827265758,0.0006862150233644115,40.6,-0.09999999999999964,41.1,7.138866999945524,4.762173934797756,5.707110264748875,6.318968113746434,5.659482215759621,7.013915474810528,4.852030263919617,5.54907608489522,6.126869184114185,5.594711379601839,0.00952985802194739,-0.006820964994188827,-0.017581262779190254,-0.008745690301683595,0.0005867557475891516,-0.020000000000000018,0.00849691237780359,0.007593702463127627,0.004668090988386275,-0.011270103384321217,-0.04682123683625017,-0.05128498187636743,0.013848795078449605,0.0029013943776021733,-0.010369383078496774,-0.0005353400000000091,0.0048855815210391285,-0.01073248299999996,-0.008374958951906208,0.040000000000000036,0.0,0.08999999999999986,0.09999999999999964,0.11999999999999966,0.07000000000000028,0.07000000000000028,-0.03000000000000025,0.07000000000000028,0.14,-0.04,0.07,0.36,2.2,3.04,4.43,5.21,-0.005584378293900016,-0.006462705256964796,-0.00515242878354627,0.008347968231750436,-0.012622675520358673,-0.017733491854520445,-0.0007053308889179988,-0.003738322110606873,0.0007677379070063495,0.00197177831082751,-0.0007648024401500919,-6.208560017206821e-06,-0.0006554814101802364,-0.001392235577356793,-8.082273502907356e-06,-0.001430063262028547,0.0004242466752781837,-0.005311097691103939,-0.0003798892522421937,0.0018633726561567698,-0.0008267082144115534,0.002142092929054318,-0.002590280904587239,-5.299999999999997,-0.008668748144259553,-0.011920032574792572,-0.00786284609698118,13.535
1993-06-01,-0.001236788122966459,-0.00265188197840871,0.00362283951300002,0.009202467854295904,-0.0015087654264434036,0.002265928358109015,-0.00028601734598776574,-0.0008071216394673897,0.002000612031274329,-0.008796706142588206,0.005989020627737318,-0.007334818809825894,0.005531692844377822,0.004113770031868302,-0.0012486209859190467,-0.0010926983674650614,0.04516050758100221,-0.00340022136111795,-0.21829999999999927,-86.0,-0.008368154999999988,0.0011365614444702743,0.001455876798823752,-0.09999999999999964,0.3000000000000007,-0.044073384187941045,0.05970262078414379,0.012816580438197889,0.02238899489347901,0.005614837884328594,-0.0024768716676764058,0.001635633675542536,-0.001037087230818301,-0.013297161488388554,0.001471670611456588,-0.0014324939778003198,-0.0018226007475501405,-0.0008723466677071912,0.0023055286367199557,0.0021990360034109813,0.0003765545305363105,0.002419498941886644,0.0031280281705488022,0.0009493671599134501,40.5,0.0,41.0,7.154615356913663,4.852030263919617,5.659482215759621,6.306275286948016,5.75890177387728,7.029972911706386,4.859812404361672,5.583496308781699,6.12029741895095,5.634789603169249,0.006762378140294345,0.028692360520176763,0.08396367224774437,-0.00149171033744544,0.0021881459838706263,0.010000000000000009,-0.008723511265443129,-0.005877451747723583,0.0009226253537679696,0.007985911278404423,0.0265229114808454,0.0267067003792667,-0.00023566316705903034,-0.0013892052400681365,0.007615956938677115,0.0005384979999999984,0.00629122984901187,-0.01464771400000009,-0.0047838367628165734,0.040000000000000036,0.10999999999999988,0.10999999999999988,0.13000000000000034,0.18000000000000016,0.019999999999999574,-0.08000000000000007,-0.09999999999999964,-0.14000000000000057,0.21,0.03,0.16,0.5,2.18,2.92,4.29,5.03,-0.003985656930203696,-0.006447082695049566,0.002576214391773135,-0.0401819187650716,-0.028197148991148335,0.033954869690997036,-0.00208453863492597,-1.4027507943659145e-05,-0.0023121397583798498,-0.003024949777350905,-0.0038031504231721414,-6.177735509815818e-06,-0.0006480623547160391,-0.0006937099301715932,-0.0021304285380523424,-0.0014209577772250626,-0.0027460978208786457,0.0018083517681537487,-0.003236274677817619,-0.0034273914055984456,-0.0016359897299578208,-0.002142092929054318,-2.9471943818748514e-06,1.2000000000000028,0.028694379725520136,0.008352575652361693,0.00780807707694553,13.0022
1993-07-01,0.0032221052569969544,0.0027588810556427035,0.004906866838576551,-0.0048504079153897095,0.014410948753987185,0.0025618604558461655,0.005226201800050845,0.006523178528784257,0.008246715497957524,-0.0012393907457095565,0.011687891364554837,0.0002206526472927628,-0.0008582791761675423,0.002444985675660316,-0.00036938795979502004,0.0021183182559703084,0.04333529204040598,0.0011824740261454636,0.03719999999999857,111.0,0.019640829999999998,-0.00010818830958569947,0.0014703624973648743,-0.09999999999999964,-0.10000000000000142,0.02273523424463164,-0.07161896398248668,-0.030711966083540432,-0.060071269409066375,-0.008998935868569369,0.02321494205560448,0.0027861575836070074,0.0007666464106357296,-0.004644370608563264,0.004820296454830952,-0.00017920611738198033,-0.0002027164004516635,-0.00014546512499435948,0.0032908483339788575,0.002551992609754805,0.0025923924873190174,0.0026362830632660206,0.004007426513362944,0.004785830481470299,40.7,0.0,41.1,7.134093721192866,4.882801922586371,5.648974238161206,6.327936783729195,5.627621113690637,7.068172000388042,4.844187086458591,5.564520407322694,6.214608098422191,5.655991810819852,-0.018303383728722977,-0.016266815796296186,-0.04078397376384224,-0.0003470161214664813,0.0003708969567153275,0.0,0.00020340711968636072,-0.0017152049918465195,-0.0015101940952284565,-0.00465131774474159,-0.010714810728798874,-0.009085213032581363,-0.007870270440538008,-0.002327605630802587,-0.0021242955547764453,-0.00020170499999999647,-0.0017199981902722428,0.004810271999999838,-0.009457483611431172,0.020000000000000018,-0.04999999999999982,-0.029999999999999805,-0.040000000000000036,-0.06999999999999984,-0.1299999999999999,-0.15000000000000036,-0.16000000000000014,-0.14000000000000057,0.14,-0.02,0.1,0.41,2.03,2.75,4.11,4.87,0.003186615737071463,0.003214732979481383,0.0,-0.0042300350470334536,-0.02060560941131584,0.023214745202258413,0.000691800843685364,0.0022474584391307673,0.0015384618419060914,0.0004788880415027563,0.002282237582465818,-0.0008308894547832679,-0.001274262543889293,-1.9024988366922457e-06,-5.015690325294031e-07,-5.022802271881233e-07,0.001261074661310424,-2.940606095780396e-05,0.002926584619456385,0.0008201081442935632,0.0008139986936019916,0.0021375141733108727,-2.937101242217466e-06,-4.5,-0.009922981771318007,0.015376657402208949,-0.0004516020636904372,11.9995
1993-08-01,0.002158603726092778,0.0017104300288117713,0.0010055499464654005,0.005111282865467359,-0.00019919767668419297,-0.0011078988473833817,-0.0029200610703421503,-0.0045802326378252545,-0.0014340555205745176,-0.01073348404675123,0.0018817163710940221,-0.009432076903844067,0.0012200050062611822,6.504558613773526e-05,0.004615395824813184,-0.0021751343874667484,0.019267097713066228,-0.0009799837134991662,-0.3119000000000085,73.0,0.015129683000000005,0.001714180238753471,0.003223897738077852,-0.10000000000000053,0.3000000000000007,-0.03587273942993363,0.003474236268186104,-0.006587639106804488,-0.015798116876591273,0.0,-0.028333783214510078,0.0013407179797386704,0.0009011851193427844,-0.010398707220898196,0.004797172616116896,0.00011947431316450263,0.0007093276884528876,-0.0007276431958960217,0.0014503918037593877,0.0005811224767366951,-0.0008501972771970401,0.0018098580827761168,0.002810444864451256,-0.001680319656021112,40.7,0.0,41.1,7.170119543449628,4.820281565605037,5.680172609017068,6.331501849893691,5.771441123130016,7.114769448366463,4.867534450455582,5.638354669333745,6.257667587882639,5.6937321388027,-0.019124803849866367,0.009841276526808329,0.0331741946921742,0.0006391468520465793,0.0016785010589526195,0.0,1.4672306988039452e-05,0.0011905838216552667,-0.001008064601494496,-0.004006084580654878,-0.006971672964024123,-0.010511060259344118,0.003649635025518627,0.0008393182027779389,0.002316198273752512,0.00010797499999999627,0.01517634683666369,-0.042159071999999576,0.004479852685035812,-0.03000000000000025,-0.020000000000000018,-0.020000000000000018,-0.020000000000000018,-0.03000000000000025,-0.05999999999999961,-0.1299999999999999,-0.3200000000000003,-0.33000000000000007,0.15,-0.01,0.11,0.41,2.0,2.65,3.82,4.57,-0.008839587644636993,-0.009801907056906423,-0.0008602151068073383,0.013517256080293194,0.0731891219908487,0.008775754141320036,0.0006889306264676875,0.010500454087996935,0.001531379402382349,-0.0014980088099676436,0.002282237582465818,0.002465398319795753,0.0012582291816682911,0.0006856242507309318,0.002118892374812553,0.002120390000104777,0.00010486179242352733,-0.0004236173642011565,0.001599137064205891,-0.00037069497045871813,-2.6525515552933143e-06,-0.001426023570546775,0.0008506794793770034,0.29999999999999716,-0.04323997649639999,-0.010331709488891505,-0.008454497089326551,11.9522
1993-09-01,-0.0022521719993893186,-0.002780936346669094,0.0057239375744684295,0.00886551357316634,0.005881720774416621,0.005103640206012727,0.006372059021377829,0.0071219021692270346,0.003061385598837063,0.02079686445171358,-0.0033163004024636678,0.016839746137124578,0.0034691382777261026,0.0121192054752699,0.00023764316767937999,0.0069200509979756575,-0.0034071829775212947,0.024040156914197475,0.4052999999999969,-76.0,-0.006630328000000019,-0.0027116094285926096,-0.0025019689121368316,-0.09999999999999964,0.10000000000000142,-0.01554846490918571,-0.03091617777965805,0.005273578470935902,0.02360455776942061,-0.007941051372812424,-0.005882369903067897,0.002200635928501171,0.0022044773296077125,0.006425306467653158,0.0035310037725579946,0.0016711433313254531,0.002428167927154945,0.0005821569077237854,0.0021996776691288744,0.0023657028909820355,0.0029035050074881497,0.0024564678261480566,0.0038331168855023634,0.000682970422408502,40.8,0.1999999999999993,41.3,7.202661196523238,4.997212273764115,5.7430031878094825,6.340359303727752,5.755742213586912,7.1316985104669115,4.919980925828125,5.655991810819852,6.2422232654551655,5.749392985908253,0.021424454567842588,-0.016718300935467667,-0.052690250492652524,-0.008930186147200203,0.00485493905985912,0.0,0.0002853409974532539,0.0008102530436069344,0.0005041593250219023,0.005190085311422621,0.020510546569442845,0.024387214058476214,-0.00350283596060752,0.0005842335356343042,0.0008976237657511987,0.0006760989999999995,0.011189448560436688,-0.03067646600000007,0.0011784868450455122,0.06000000000000005,-0.020000000000000018,-0.06999999999999984,-0.08000000000000007,-0.08000000000000007,-0.2999999999999998,-0.3199999999999994,-0.1899999999999995,-0.2599999999999998,0.07,-0.14,-0.03,0.27,1.64,2.27,3.57,4.25,0.011251532413234067,0.01386941961349386,0.0017204302136146765,0.0118655807232102,-0.03584323949595136,-0.024814779671785026,-0.0006937099301715932,-0.01123687875159085,-0.00383641851448413,0.0009740478286817122,-0.004564475164931636,-0.0008355452350912174,-0.0006386719658362239,-0.001376935069814067,-0.002121389604760715,-0.0021228907634620597,-0.0006618089451295717,0.0020184024436140646,-0.005524566165033384,0.0007052389402231185,0.0008087151385050007,-0.0028474828709135203,0.0008441496567246354,0.6000000000000085,0.010098667589634402,-0.0016719188185660983,0.0008809929727915389,12.6214
1993-10-01,-0.00420084296983525,-0.003970867672871137,0.001555404382593828,0.00426226565275023,0.006093416210802616,0.007438434332736499,0.007168739080801956,0.0083980598271296,0.005076891732902489,0.025312465020890684,-0.002365374278962662,0.02125851816360136,0.007784408721851932,0.011817983023364675,0.002152838640940402,0.008360217840476025,-0.008651349712377687,0.028434735278735523,0.511800000000008,164.0,0.017240014999999997,0.002356660198039151,0.00222887939914429,0.09999999999999964,0.0,0.06469840602079557,-0.0007952286701380373,-0.004282661792000653,-0.052685767070261846,0.02973571120023255,0.031361455204052646,0.002509096787429499,0.0024238083592980075,0.0,0.00928703403844544,0.0005365606591301031,0.0015146163343846553,-0.0008733625009291757,0.0025303713887439017,0.002315640507488226,0.0016947486566945003,0.0023818259702910183,0.003378629728830518,5.251687105634062e-05,40.7,-0.09999999999999964,41.3,7.238496840894365,4.836281906951478,5.8888779583328805,6.380122536899765,5.752572638825633,7.160069207596127,4.983606621708336,5.700443573390687,6.293419278846481,5.707110264748875,0.00955886894957736,0.04559143778262431,0.03892148698051656,-0.004492865021941128,0.00035548487809755613,-0.020000000000000018,-0.0010697635709835396,-0.0005819643544331399,-0.002818147357150025,-0.0008700752970316472,-0.007128510923672948,-0.0056123084959252,0.001232418485077602,0.000836658493531317,0.002944201315024486,0.0009489470000000055,0.010096062532086059,-0.023074573000000154,-0.0020413478089440495,-0.09999999999999964,0.09999999999999964,0.06999999999999984,0.06000000000000005,0.03000000000000025,-0.020000000000000462,-0.03000000000000025,0.009999999999999787,-0.03000000000000025,0.27,0.03,0.13,0.4,1.72,2.34,3.68,4.32,-0.0008074262866477611,-2.6830529646915124e-06,-7.393340881733934e-07,0.020442957166019404,0.06326555140278423,-0.02927515785973256,0.002749130873053396,0.002988979429244587,0.01296185036401365,0.00047367784715035555,0.009113383691301102,-1.0732255053547135e-05,-6.3288836011921035e-06,0.004109123112455038,0.004218918209286215,0.003519392962155976,0.002094532621446099,0.0002958938597563687,0.011339351407023024,-0.0011147109855151882,-5.919944588761439e-06,0.005693448883675956,-0.000859386242815674,4.799999999999997,0.01897388958360402,0.009743624997167188,-0.006889823637735937,11.3771
1993-11-01,0.0025622096600024236,0.0029796280064218195,0.0027974726042256925,0.005116931602779928,0.010135249463521845,0.004644315890240058,0.0024949035371486517,0.0023379996917212154,0.001427116146249574,0.009041833823238754,-0.0014249372866093069,0.005644031469916655,0.007413288030611476,0.009970686827816877,0.002645621483013727,0.0047991824439233,-0.0035635428695846016,3.47926321344616e-05,0.21359999999999957,26.0,0.012358109000000006,0.0010644699482469377,0.002859600613072999,-0.20000000000000018,0.5,-0.0775727389764782,0.0015898254540998025,-0.014297832928102494,-0.02826455816963147,-0.004987541511038529,-0.02547908530098475,0.002288535085472887,0.0018363832899037646,-0.0015591168164803548,0.0038954431627367114,0.0013103819851103538,0.0018145166268865864,0.0005823264103987924,0.002401283326841863,0.0013779310992312332,0.0018491202278756447,0.0009526677320330634,0.003951706569477409,0.0013644714790785883,40.8,0.09999999999999964,41.3,7.226936018493289,4.9344739331306915,5.713732805509369,6.405228458030842,5.796057750765372,7.213031659834869,4.948759890378168,5.796057750765372,6.322565239927284,5.799092654460526,-0.01139816625789436,-0.021073860297974534,-0.0029684267601730596,-0.009266145433253214,0.004333988172888326,0.010000000000000009,0.0018059753193364614,0.0025663675010321185,0.001136626866775181,0.000684308078892748,0.0063216429100174665,0.008089853012935189,0.0028711296570866907,0.00011746482479502163,-0.0015505108813087531,0.0002740160000000019,-0.0021795668918187516,0.010218844000000171,-0.011279375858404439,0.029999999999999805,0.14000000000000012,0.08000000000000007,0.13999999999999968,0.18999999999999995,0.34999999999999964,0.3899999999999997,0.2599999999999998,0.35000000000000053,0.38,0.08,0.24,0.56,2.04,2.7,3.91,4.64,0.0008035335168834479,-0.0016366615764678016,-7.380643012311339e-07,-0.03117648538796214,-0.11844068283973952,0.006183899529491832,-0.0013859073962603219,0.0037266168086897977,-0.010681268262602295,-0.0014810012110109128,-0.00531943002351376,-1.0662280915951783e-05,0.0006192893479104455,-0.0027476908370207553,-0.002821335413899284,-0.002119355514782484,-0.0012444276872480842,-0.001881712686092385,-0.005247529427090392,0.00039591923088355685,0.000800885728154288,-0.0014290414807001106,0.0008391913622176617,-1.5,0.015354344005153564,-0.004923573222864519,0.006527438135699448,13.37
1993-12-01,0.034185936580581,0.03823210170043012,0.0035144721495532494,0.0031569834575275735,0.008902215893437315,0.0057789823037088794,0.0047142274784244265,0.003222686119295659,0.002864455191200932,0.0054303983792687305,0.0018894097334776205,0.006315926792547,0.007144150757063095,0.014334431475635068,0.0009658796261167168,0.006126468904938953,-0.002320250574895155,-0.014588455297864122,0.3091000000000008,95.0,0.014234599999999986,0.0017716024537151043,0.0024316572383824564,-0.09999999999999964,-0.3000000000000007,0.05022372357237792,-0.06395621784698502,-0.006046373811863681,0.0,-0.010050335853502013,-0.054230154060860514,0.0029779705843999693,0.0029490637995248647,0.022965876538099117,0.007745656336034301,0.0008924587830190234,0.0021127831190437263,-0.0008736168290042201,0.0029851765933202046,0.0026615816626041067,0.002884872132556282,0.0035663403006847005,0.003353995123751119,0.0021478909166567917,40.9,0.10000000000000053,41.4,7.334981878871814,4.882801922586371,5.820082930352362,6.54965074223381,5.8998973535824915,7.2868764117507,5.14166355650266,5.786897381366708,6.470799503782602,5.762051382780177,0.0027149821604641744,0.02405062202715591,0.014164036977570404,-0.006524613310217475,0.004747529765836589,0.010000000000000009,-0.004952927697345899,-0.0026018634740392343,-0.0007997138292656913,0.00695539893267938,0.002739949811921605,0.0010181627089695944,-0.0008322302009924343,0.005645682312996669,0.003166579766586075,-0.0022862500000000036,0.006588887365786,-0.013527129999999943,-0.0023465373891959906,-0.06000000000000005,-0.040000000000000036,-0.040000000000000036,-0.029999999999999805,0.029999999999999805,0.09000000000000075,0.04999999999999982,0.0,0.03000000000000025,0.4,0.1,0.27,0.65,2.19,2.81,3.97,4.73,-0.0016090108057005281,0.0,-0.0034371662963623706,-0.005928558169276066,-0.057464567219460694,0.0322263543018968,-0.0006907996280087758,-0.006708918196337343,-0.00227072072052259,0.00047746872613529945,-0.001511716085321524,-0.002446647786779721,0.0006134692463684033,-4.187699190971728e-06,-4.413539858916238e-06,-4.425928763041043e-06,-0.001664238377394156,-0.004240796994020357,-0.002207636800281243,-0.0009087858708305419,0.0007931297182790509,-0.0007119843031127004,0.0008306725031870243,7.0,-0.01032010782674675,0.00997479950671476,0.005156364868473595,10.8645
1994-01-01,-0.02000671817249433,-0.02448302475214703,0.002722851725567743,0.0011382221480342736,-0.0067664392136723706,0.003090492302448844,0.004292484707119293,0.004931747367952433,0.0063381618946376506,0.015192983556888251,0.002995025594412226,0.004748855791641304,0.001542937098865771,0.0025765997740268,-0.004738135287014167,0.0009135745695783015,0.052650774114915144,-0.013958894714832581,-0.1256000000000057,124.0,0.0071154850000000325,0.00502808721952519,0.004124394787915264,0.09999999999999964,0.3000000000000007,-0.019285201110262662,0.009271031427933174,0.03052659065915453,0.11233445477453596,-0.027882318315148424,0.10622701320538752,0.0024364013794979655,0.002317394860348543,-0.005095985208532383,0.0030410565757801322,0.002376003493791856,0.0037116960904963747,0.0004369038152951532,0.0024660651008350243,0.0017262370116029047,0.002485689003096425,0.00040222056648353544,0.002907401379314223,0.0019866171318323467,40.9,0.0,41.4,7.148345743900068,4.605170185988092,5.521460917862246,6.333279628139691,5.883322388488279,7.237059026124737,4.624972813284271,5.697093486505405,6.395261598115449,5.968707559985366,0.030258508453581356,0.03626763435699587,0.008121800356711617,0.001694963407704364,-0.00012049965660665407,-0.020000000000000018,-0.0031118995827918994,-0.0011520539328877533,0.00012631313041744363,-0.01870560934705434,-0.03699591896104781,-0.03888264435285782,0.007055478413031224,-0.009465678613350015,-0.0037220595288891545,0.002523341999999998,0.014995914387731624,-0.03103029200000007,0.0028795768052840565,0.08999999999999986,-0.16999999999999993,-0.08000000000000007,-0.08000000000000007,-0.06999999999999984,-0.0600000000000005,-0.019999999999999574,-0.009999999999999787,-0.040000000000000036,0.14,-0.07,0.1,0.49,2.04,2.7,3.87,4.6,0.0032102756302485602,0.00244998080898462,0.005156857175888874,0.033140352852395694,0.1737229047003126,0.00726274303699892,-0.002052686317742136,-0.0037489253015525748,-0.002275886889736789,-0.0004959481141550981,-0.0007555723819976379,0.0008113569265750797,-0.0018779085553664032,-0.0013637901283773957,-0.0020986366569202275,-0.002101576955626072,0.000106654190430433,0.0036810687604429404,-0.0019778762727913346,0.00016134371526099756,-0.0024190135184967154,0.0007044607374235845,-0.002535549761218281,6.099999999999994,0.012967566663791175,-0.020769418179098054,-0.0016650303613108264,10.6052
1994-02-01,0.0009648079611448424,0.0012021852152344081,0.007992315417179263,0.009105378597849878,0.015712404187807394,0.0006409056755352083,-0.0016872983998430513,-0.0022660718440530303,0.002165850306229622,-0.001032044422142775,0.0033544339323841044,-0.009177728362451898,0.0036291431711932276,0.005422907872040028,0.006641870970833352,0.0015337048392538577,-0.010961416596382278,-0.007814523516586291,-0.08950000000000102,151.0,0.01987212599999999,0.0005588196038477378,0.0009833970602226572,0.0,0.3999999999999986,-0.1828241956585206,0.129643812209574,0.018776854671296306,0.023828379818936263,0.014891455021952105,-0.03024110622746612,0.0016061979608661403,-0.0006233858960449368,-0.00597832509056051,-0.003447230423768488,0.00041522081446032644,0.001100825730381061,-0.0005825808495689699,0.002161132609211691,0.004324617304423128,0.002265006630851829,0.0052972237834669755,0.0030437011685187088,0.00015667023558663118,40.3,0.0,40.9,7.198183577101943,4.867534450455582,5.616771097666572,6.406879986069314,5.786897381366708,7.1459844677143876,4.718498871295094,5.627621113690637,6.300785794663244,5.811140992976701,0.00573126649481992,-0.009846291441704125,0.01149263771325515,-0.0023577661001006334,0.005372433533215926,-0.010000000000000009,0.002375836808117704,0.00011507810329547397,-0.0024870915971186847,0.0022603923718333974,-0.02665812254472666,-0.027583727141976544,-0.005195159601192323,-0.000750259560949651,0.002935582273746462,0.0006208149999999968,-0.002985487676494536,0.017182769999999792,-0.015879114759158153,0.20000000000000018,0.30000000000000027,0.27,0.28000000000000025,0.33000000000000007,0.3100000000000005,0.21999999999999975,0.16000000000000014,0.10999999999999943,0.24,0.0,0.18,0.62,2.15,2.72,3.83,4.51,-0.0016089942632744325,-5.987739106316781e-06,0.000849166884322905,-0.03695191323844238,-0.04798741978826815,0.03213091740162888,0.002730377122857064,0.00523309402459482,0.007578065150718238,0.000957266570461357,0.0015111447639952758,-0.002436713636014609,0.00185698491618691,0.0020368893775959407,0.001396648271721368,0.002795249898304597,0.001978850299789059,0.0006176558865167436,0.0025327464249382814,0.0020539435542268336,0.003992638731600717,0.004916435151439025,0.004183033269413272,-1.0999999999999943,-0.01035150164645593,0.001589598462825137,-0.011511874150605728,12.8852
1994-03-01,0.002663108370649425,0.0031110374556071463,0.00013203685733742532,0.01651300613455753,0.018464753785215393,0.009957459930726387,0.009682290437977414,0.009492056286819484,0.008424281225175356,0.009324266804074277,0.008071722893453703,0.010724105219613644,0.010310980814316473,0.014320624441058971,0.01273520570690323,0.01296374303324388,-0.035055165389557885,0.006461007166270072,0.8248000000000104,51.0,0.011839278000000009,-0.0020607586132204148,-0.0012786048558517393,-0.09999999999999964,0.0,0.05036903632173573,-0.0650790749726955,-0.02041217801202677,-0.06380295655861712,0.011867898548572953,-0.03727139479723185,0.0040793087243322645,0.004399909322609474,-0.006014280522442128,0.013517808987364432,0.0020735218780281173,0.002796645849931778,0.0010192938632780368,0.003999607581254949,0.004612858261898722,0.0031740803810667018,0.005096616933611742,0.0028901754222339093,0.002086594392954666,41.1,0.2999999999999998,41.7,7.355001921105257,4.852030263919617,5.8916442118257715,6.51025834052315,5.996452088619021,7.201916317531627,4.795790545596741,5.720311776607412,6.3561076606958915,5.8289456176102075,0.002632581757559649,-0.004333392485341037,-0.03776618091798056,-0.0024811805628193184,0.0012450899173099828,-0.010000000000000009,-0.0008062015808407708,0.0010349354707877012,-0.0014783217407945415,0.007010481324760676,0.03947881097378758,0.040322580645161255,0.010081611140662083,0.002415114145590813,0.0019698775554184422,0.0006102050000000026,-0.016613773336225712,0.05433328400000015,-0.029462983926796138,0.08999999999999986,0.3599999999999999,0.25,0.34999999999999964,0.4500000000000002,0.54,0.5100000000000007,0.40000000000000036,0.370000000000001,0.51,0.16,0.44,0.98,2.6,3.14,4.14,4.79,-0.00080160119641004,-0.002443993069878303,-0.0017181933466190458,0.03302649112233702,0.006623066520604404,0.0029246683425645514,-7.434664400562951e-06,0.005244858666213936,-0.0022804557408226955,-0.0004957922992803176,-5.704586287791358e-07,0.0024353948889022092,-1.3819694447469999e-05,-7.364217633920589e-06,0.0006946735082760114,-0.0007039281183072177,0.00043456710958000855,0.0012769636841838405,0.00010263015812128629,0.00040149376290443684,-0.0071939450456515175,-0.011253777099511364,-0.007537360644760405,-1.7000000000000028,-0.0007053906859209036,0.018053599093335038,0.02202914421823632,14.2408
1994-04-01,0.009245530015654424,0.01026603576798557,0.004216000673685549,-0.005280722940607774,0.0003131376944196518,0.005915441315151426,0.00459586033278736,0.00395837189626036,0.0031329013176613074,0.01290792860306933,-0.0005523852560118669,0.006713898810121854,0.00760566660906381,0.018476553568129717,-0.0008051198386072045,0.008756940585080919,-0.039302011627816213,0.01585255928144491,0.4736999999999938,0.0,0.007473630000000009,0.0016933507480896282,0.002948163629104883,-0.09999999999999964,0.0,0.018824921029557018,-0.04545322908752514,-0.04485356921795436,-0.08167803101426685,-0.019285906886583604,0.024274821970051264,0.003059602875264744,0.004027356022154649,-0.003972028363571134,0.01135809759469808,0.002128289304691222,0.0031866189084617247,0.000581987503696979,0.0028188263285908732,0.0007886435739976605,0.0033578246469474493,0.003231190141438134,0.0008654262764284937,0.0017181687511147459,41.1,-0.09999999999999964,41.7,7.289610521451167,5.030437921392435,5.883322388488279,6.421622267806518,5.823045895483019,7.238496840894365,4.90527477843843,5.723585101952381,6.396929655216146,5.860786223465865,-0.00020542106254417547,0.027363346046154646,0.07507375565615249,0.0008010536639506682,0.0037202611930382545,0.0,-0.0024618763147516987,-0.0009203731844102947,-0.0003382091856032332,0.007843072899217596,0.033006296468170326,0.03361344537815136,-0.0019959899518973145,0.001312487386224248,-0.003944032816790788,-0.00026698499999999736,-0.03640198193711086,0.11127370999999986,-0.047173872270176,0.2200000000000002,0.19999999999999973,0.18000000000000016,0.31000000000000005,0.5,0.5799999999999992,0.4899999999999993,0.39999999999999947,0.3899999999999988,0.49,0.12,0.53,1.26,2.96,3.41,4.32,4.96,-0.0007996801705640877,0.0,-0.001709402125648296,-0.01651324556116851,0.1190906010279682,-0.034284568876054244,-0.002043363771072393,-0.006739059441663642,-0.000757847340279838,0.001904372622203887,-5.695978835262849e-07,-2.6310821565900255e-06,-0.002476772947606065,-0.0013577635088530826,-0.0006995331071744104,-0.0013951853091418442,-0.0015665708280634405,-0.0027582889212673933,0.0014655399218650444,-0.0025024119057777128,0.003192339065644312,0.007731392486379551,0.0025087113373283287,1.0999999999999943,0.013372144886160342,-0.008331553365239941,-0.0094026532222804,15.3347
1994-05-01,0.0020285280439740205,0.0028619394851467916,-0.0018046813808627604,0.0024172462420057883,-0.003711762693949794,0.004649506346378729,0.0032785912581196897,0.0033265225378329433,0.005465319393875845,0.0031076569231185402,0.00634252941258584,0.0027855985537534877,0.006398637758837644,0.010108770472387896,0.006996256192808303,0.0058048405501232025,0.006402060014715438,0.003294411444854539,0.21940000000000737,151.0,0.04301320599999997,0.0012088754341359476,0.00468277938690953,-0.3000000000000007,0.5,-0.06919395735129275,0.0130827704098051,-0.029531414735722628,-0.030239885189717874,-0.02905492004769883,0.042680731114881354,0.002953718467624711,0.0027786984468445297,-0.004683036916895311,0.007304345969082249,0.0017111672563050462,0.0022841263220314545,0.0008723466677071912,0.002997284927177546,0.005067504619111318,0.0033079624311032063,0.0025565519927237546,-0.0011540682181063744,0.0021305903556871897,41.2,0.09999999999999964,41.8,7.330405211844402,4.919980925828125,5.8289456176102075,6.553933404025811,5.849324779946859,7.241366283322318,4.962844630259907,5.752572638825633,6.3835066348840055,5.846438775057725,0.010524692004038272,0.016214317326305405,-0.022171454332722718,0.0015484542087698117,0.012465715329186722,0.010000000000000009,0.001049376506331079,0.0023803908179118594,0.0006763040244255336,-0.014613504735700111,-0.07274662511768426,-0.0742638518822164,-0.0021353265575418945,0.0006130578643208651,0.005738123903184622,0.0009774850000000002,0.008172581757473374,-0.013584931000000022,-0.00584724132148251,0.44999999999999973,0.5200000000000005,0.4599999999999995,0.5099999999999998,0.4899999999999993,0.2600000000000007,0.20999999999999996,0.11000000000000032,0.09999999999999964,0.56,0.13,0.59,1.3,2.77,3.17,3.98,4.61,0.0,-0.001628664855124029,0.0008536065392412695,-0.015534292962184004,-0.023316690645973193,0.009051798520967047,0.0013563907977145462,0.005982991964430973,-0.004523752829998173,-0.0019333711577802504,0.00150545564195248,0.004836096550899782,-1.5204026642123836e-06,-1.826152141504167e-06,-1.934383768720238e-06,0.0013893700201661474,0.00027091037664650486,0.003019741492411576,-0.0018023532299205058,0.0004994633520762903,0.0015885465346978656,-1.231155624248359e-05,0.0008343740198513139,0.20000000000000284,-0.043506061380934824,0.0033986583851604024,-0.01261870122127906,13.39
1994-06-01,-0.0013520813684557709,-0.0013388884028451287,0.005965575040027371,0.009138004583421733,0.011461906094455188,0.006694365505436117,0.005961248294792831,0.0058456592213103065,0.007343580738155886,0.009287638641976237,0.006604685157001633,0.005662073616606644,0.007628072380716944,0.0043029884809095975,0.0030603697752757952,0.0030743766211358547,0.0389301621252347,-0.0015945427791548283,-0.017600000000001614,-101.0,-0.013495779999999957,-0.0016683251745881478,-0.001873742900492914,0.0,-0.6999999999999993,0.038829059718043624,-0.005294249792231476,-0.036263172795936605,0.013072081567352178,-0.07084769033083571,-0.05437677087807202,0.0027524561556706573,0.0026392203231910827,-0.0003477656094865722,0.002553778030696563,0.002825858468261444,0.003960009134960529,0.0011619463907166505,0.0027806380537676034,0.0033930779030075797,0.0032778064207708013,0.0037333635025884604,0.00014433138511016352,0.0005189683026856073,41.2,0.0,41.8,7.25063551189868,4.941642422609304,5.75890177387728,6.432940092739179,5.799092654460526,7.213031659834869,4.983606621708336,5.707110264748875,6.336825731146441,5.84354441703136,0.007907180403595504,0.01691426628356041,0.059235055167132344,0.006349882513413618,0.006504818557877101,0.0,-0.000265631431254576,-0.005967480063864272,-0.0059332264241174215,0.010501747949671625,0.051495291880956806,0.05081989802948883,-0.00018589838719762497,0.0007653129331748332,-0.003895852922560117,0.0008390530000000063,0.008678137334561242,-0.015002259999999712,-0.011763307346930318,0.2400000000000002,0.0,0.0,-0.04999999999999982,-0.040000000000000036,-0.08000000000000007,-0.08000000000000007,-0.020000000000000462,0.030000000000001137,0.32,-0.11,0.3,1.02,2.45,2.85,3.72,4.4,0.0007990411931322328,0.002443328851300386,0.004252787535332203,0.020414732127092883,-0.023188041453485297,0.04855996201306123,0.0006722244517805009,0.0022140764166884708,0.009040708142807219,0.0004640292714981342,0.0022446241536666633,-0.0024423850299717387,0.001227739794598115,0.00201770150625169,0.0020763536874319755,0.0006884203917039144,0.000979179072880143,-0.0010047189271533696,0.0038617440673514025,0.0003004314191690227,-0.0023901192835587004,-0.0028035742487038107,0.0008301992397714564,-1.5999999999999943,0.024533400548177653,0.004603410043957368,0.00934160920417515,12.9459
1994-07-01,0.0017257887445012443,0.002481374732894892,-0.0006548482389399091,-0.004393144069490873,0.0031690012640215315,0.001262222946262881,-0.00031626308963517147,-0.000683376916911449,-0.004849298814585623,0.002657214205625813,-0.007679066342366703,0.011419530076603568,0.003271314488354271,0.013657531769948328,-0.002465436211805283,0.003652016927699009,0.0008699003550871609,-0.009491141824356397,0.022799999999989495,203.0,0.024387922000000006,0.0006967494242733352,0.0005869405891179014,0.0,0.1999999999999993,0.022593752908361964,-0.05583821825928226,0.0313144175566773,0.08701137698963013,-0.011457795621381273,0.0064497438478863245,0.003233646697381687,0.0018871656431347361,-0.002437751511940256,0.005478393666567882,0.0009401810540943245,0.0008888450538275805,0.0010155967503333585,0.0035684508574327367,0.0038143169647053554,0.002844897445728023,0.0044306148051269645,-0.0005774505718427747,0.001399870610974574,41.2,0.0,41.8,7.271703706887368,4.897839799950911,5.805134968916488,6.386879319362645,5.937536205082426,7.19668657083435,5.081404364984463,5.703782474656201,6.340359303727752,5.726847747587197,0.002477716934592422,-0.00034473724468853106,-0.014128385133142629,0.00130762316125832,0.006487374995042927,0.0,0.003130681929417456,0.0057395695539153024,-0.0008930280621557429,-0.00276663218015738,-0.008421626811684568,-0.01016949152542379,0.005071333960561475,0.0019422468096923495,-0.006448791286676858,-0.00017696400000000168,-0.0075698583781642625,0.02809703699999977,-0.030590960627654873,0.009999999999999787,0.17999999999999972,0.1900000000000004,0.20000000000000018,0.21000000000000085,0.20999999999999996,0.20000000000000018,0.13999999999999968,0.15000000000000036,0.49,0.07,0.49,1.22,2.65,3.04,3.85,4.54,0.003186615737071463,0.004059431762069465,-0.0008708943077184728,-0.014665253044907622,-0.034472731164016945,-0.03296121511593508,0.0006667670796467462,-0.01041337246792029,0.00294455537937921,-1.444371498582342e-05,-2.0199673776311045e-05,-1.6051451966703212e-05,-0.0006189697823355544,-0.0006817722995391406,0.0006774443611687886,0.000682695985184445,0.0007163696613723403,0.001539140055010435,0.0016890429318268119,0.0001738684016565628,0.0023774915221825843,0.004180702422042604,-0.0008371495098935533,-2.200000000000003,-0.03102595426072341,-0.021941924714070637,-0.002126776769051375,12.1635
1994-08-01,0.0014482218078910591,0.0012189430421560843,0.006566452725489391,0.023339474824291884,0.012413407720217151,0.006619808556351359,0.006351237829676393,0.008167228077243571,0.01269680281733887,0.01661485280646069,0.011211821259120569,0.00357074905661392,0.006953448117515748,0.0026722406376067376,0.014812902676085038,0.008681929916329878,-0.032091627122288635,0.011322659580827121,0.43370000000000175,-153.0,-0.01845190100000005,0.004757059599459268,0.005169734494778311,-0.09999999999999964,-0.1999999999999993,-0.054283950822197724,0.1036751584169977,-0.025844941752142248,-0.06475018374816166,0.00447142233340081,-0.017540430542045016,0.0025445971570050574,0.0030208196690573175,0.0003486142618536192,0.0027279829856201587,0.0032251471940583087,0.0047272099060489126,0.0010145663599452348,0.0024262481778034584,0.003670521232075785,0.005016476783266555,0.003953874215056885,-0.0007222824438226638,0.00025902038635194913,41.1,0.0,41.7,7.27931883541462,5.003946305945459,5.726847747587197,6.522092798170152,5.749392985908253,7.227662498728654,4.962844630259907,5.713732805509369,6.3784261836515865,5.834810737062605,0.013875999968274044,0.005988391787454361,0.004572382116938556,0.0005925373133610634,0.008543868392996146,-0.010000000000000009,-0.004878066005672643,-0.0032141975273063395,-0.004733585247579164,-0.00750388586479378,-0.016733871957240076,-0.011744966442953086,-0.0030929903294172334,-0.0008181356635690307,0.006909241432987656,0.0006242809999999904,0.02804779549891734,-0.07239468100000002,0.0031035056212598278,0.20999999999999996,0.08999999999999986,0.15000000000000036,0.1299999999999999,0.07999999999999918,-0.03000000000000025,-0.05999999999999961,-0.03999999999999915,-0.0600000000000005,0.37,0.01,0.41,1.09,2.41,2.77,3.6,4.27,-1.582241929209971e-05,-2.364162449630669e-05,0.00250420561005793,0.008801045969866195,-0.09677514009067201,-0.006089393055511927,0.0006600141956534245,-0.003018492490667768,0.002865787664243058,0.00045703005829533794,-2.0019318641928407e-05,-0.002403509296878603,0.0024416057334741836,0.0013297013503059674,-0.0007036764652115224,0.0006756144170010359,-0.0008499421001122442,-0.003293673275720721,-0.0007635784442303617,-0.00041393072137552167,-0.0015898094950141939,-0.004184590118164966,0.0008267674177564466,2.700000000000003,0.0325457232778561,0.018640145000572872,-0.009551479476463065,11.393
1994-09-01,0.004370694168002842,0.004731992384197525,0.0014863813074370569,-0.004338548217093674,0.00813351085248648,0.002962875331847137,0.0011449739400593018,-0.000500433939337519,-0.0057709432027905905,0.0031750781212549484,-0.00918340265040829,0.009499921517415633,0.005256378205889867,0.012222535009380753,-0.0026607471230422064,0.0039277645217410395,-0.015180022323118436,0.0035006795991785467,0.036100000000004684,50.0,0.019095077000000016,0.0011115511087531615,0.002793196137343301,-0.09999999999999964,-0.10000000000000142,0.0,-0.10324347267750689,-0.001455604332700311,0.018456899777316238,-0.016709900369871633,-0.018004987513613457,0.003076230310091077,0.0031424606865559923,0.004347454895356151,0.006980831141341071,0.0019885373262251704,0.003041156020238134,0.0004344992464631048,0.003059765418285565,0.004000607576953641,0.0037554254687677258,0.004503849125114812,-0.0020251706617777643,0.0016044306420326393,41.1,-0.09999999999999964,41.6,7.295735072749282,4.875197323201151,5.7899601708972535,6.4692503167957724,5.916202062607435,7.252762418053187,4.90527477843843,5.68697535633982,6.410174881966167,5.924255797414532,-0.004833233348104926,-0.0027250498208371,0.0011506856532967902,0.00353625021198134,0.006459184224327785,0.0,0.0012161149034870533,0.0008317069625078943,-0.0018825951136083319,0.0031226038440337334,0.025135791755902304,0.021931723658572877,-0.004393425020891684,0.0015309243827026364,0.006867459169833445,0.0011460100000000029,0.00584194101318225,-0.009761349000000141,-0.01835470777036674,0.2600000000000007,0.17999999999999972,0.13999999999999968,0.16000000000000014,0.20000000000000018,0.20000000000000018,0.21999999999999975,0.2699999999999996,0.2400000000000002,0.29,-0.11,0.31,1.03,2.35,2.73,3.61,4.25,-0.00634984356772339,-0.008890863670754534,-0.002550340221635139,-0.017894090266456608,0.015463654871644472,-0.014175717885379413,-0.0020235766124940824,0.010477969427549638,-0.011099433725635599,-1.7988633182142166e-05,-0.0037221780667984206,-2.5396454539361457e-06,-0.0024528351149255556,-0.0020140669842172443,-0.002067292060471182,-0.0027586106952997014,-0.0011888372700683547,-0.00021874213228301187,-0.004160166700167167,-0.00023411885723323422,0.001574787741636996,0.00415752722496654,-6.187984789907119e-06,-0.20000000000000284,0.021272280400497223,0.018806058847848917,0.0048511357101928,12.6123
1994-10-01,0.008880834278096827,0.008003588435899545,0.006200336357589986,0.007603213110094487,0.009090605619268999,0.008096141060606854,0.009856731192678048,0.011331183818259483,0.01005344239301742,0.01270090685752212,0.009040199295651696,0.017244867338638503,0.0058709181049527714,0.013076399746324796,0.00010528750077831717,0.00935259788407894,0.005299658651649608,-0.011057960740052053,0.4829000000000008,253.0,0.03996534600000001,0.00245473495481896,0.0034302028395813977,-0.10000000000000053,0.6000000000000014,-0.09703386592075613,-0.014782877902581149,0.07335334351228262,0.12560312242872929,0.030634175974626032,0.009493026914258351,0.001777115559740139,0.0011323549835875468,-0.005917177028088361,0.00038639876833101994,0.0016929861891270548,0.0026412341106638593,0.0002895613166309374,0.0019373453613233949,0.002872271710808505,0.0034949131455643823,0.0028449104124419478,-0.002464662356741698,0.0003619348039816117,41.1,0.1999999999999993,41.8,7.27931883541462,4.820281565605037,5.768320995793772,6.483107351457199,5.863631175598097,7.242082359256962,4.875197323201151,5.762051382780177,6.3818160174060985,5.877735781779639,0.0022305656361041315,0.027523989153387163,0.0195745536410179,0.006945204099798374,0.005978826802747861,-0.010000000000000009,-0.0026061201560745317,-0.0006312176394072111,-0.0011998630167653346,0.0004630538883034774,-0.020103505888936724,-0.01690944629125002,0.00587732919969941,-0.0015852967606226898,-0.003136386643135758,0.00032019400000000975,-0.006768615288859081,0.03676563100000019,-0.02957790436682739,0.02999999999999936,0.4900000000000002,0.33000000000000007,0.34999999999999964,0.35000000000000053,0.3200000000000003,0.28000000000000025,0.23000000000000043,0.21999999999999886,0.75,0.19,0.63,1.35,2.64,2.98,3.81,4.44,-0.0008021734216505649,0.0007962866593809181,-1.747758587189452e-05,0.007783442817386188,0.0655674678993714,0.034633165913529496,-0.0013418304461128017,-0.007499635877048938,-5.39863376225469e-07,0.00044934356637682527,-0.0007421150618878158,-2.531570262753746e-06,0.0006047454323052648,-0.0006695574368942303,-0.0006870478577898353,-0.0006875202162124339,0.0005825886678261227,1.2719859078025308e-05,-0.0015045681173093683,0.0015206226653612376,-9.935709747832533e-06,0.0013520810555402996,-6.157313194865566e-06,1.2000000000000028,-0.025346090968216828,-0.026258876348936866,-0.010656052994891141,15.0495
1994-11-01,-0.0002392058641191852,-0.0005375587284355277,0.0007377760077904583,0.008771596782288782,0.00080139848316918,0.006712926173579881,0.004548664735671615,0.004914953309879344,0.0008765701831299211,-0.0011659042706293476,0.0016659524507991463,0.01272996321493558,0.009429635991827112,0.01142086420345656,0.008418045856898537,0.008170971798822535,-0.033951000178110036,0.03378504791090897,0.3819000000000017,-51.0,0.01224810799999998,0.0011151782975282742,0.0032498379552468037,-0.20000000000000018,-1.3000000000000007,0.07737349731850696,-0.05353200656342327,-0.10291942910154539,-0.13143890389283097,-0.07910034856500481,-0.016329361932550412,0.0035879362921615865,0.003302627719444118,-0.001397380140049087,0.006354117845511098,0.0024468407197559827,0.003705513747533473,0.0005788712173231403,0.0036587973274286867,0.004484791286355261,0.003161474326690339,0.005439935138786822,-0.0015980246009856813,0.0011882928731576925,41.2,-0.09999999999999964,41.8,7.32052696227274,5.170483995038151,5.8916442118257715,6.452048954437226,5.82600010738045,7.200424892944957,4.919980925828125,5.697093486505405,6.380122536899765,5.752572638825633,0.013770566900214831,0.0032778706519103196,0.033951199002359544,0.0028345931291795523,0.0066047461731919554,0.010000000000000009,0.0020853173475980924,0.0013484283914753092,-0.0018454544839707765,0.0061455965625771825,0.016736499341032385,0.018567020716916183,0.00029261221639576007,0.00022475793381193654,-0.008640844921943724,0.0003486939999999966,-0.006055250871325413,0.03513171200000009,-0.031273010070004936,0.5300000000000002,0.2999999999999998,0.33999999999999986,0.33000000000000007,0.4299999999999997,0.3199999999999994,0.21999999999999975,0.10999999999999943,0.120000000000001,0.52,0.0,0.43,1.25,2.43,2.67,3.39,4.03,0.007951666877497487,0.009721878322312527,0.0032939289413977946,0.023191337068031892,0.00756558509375127,0.005987220164058726,0.002004230230830295,0.0007346500853149251,0.002929865956501132,-0.0004868239590400947,0.0014825799602231626,0.0015822628520441029,0.0006003315857725511,0.0013271308019806582,0.0013684558327557994,0.0013693928086970786,0.00020627961913355364,0.001597161833635674,0.0021559316521813088,-0.000839262819140707,-0.000793265495690143,-0.008957703608287737,-6.1268690778604196e-06,-1.1000000000000085,0.005632551419987308,0.0035284383506706263,0.004205652196229259,16.2495
1994-12-01,0.004723048798453533,0.004113917723495675,0.0026514957809049555,0.0074816263160428775,0.004849759651042618,0.009868958939530437,0.007868419500659307,0.008268115269890686,0.007950842287453241,0.009567011849711982,0.007335729665267188,0.009579362290609073,0.012363648332883947,0.021480564142218217,0.00518506560785692,0.010781186668556764,0.01669623083705929,-0.009270899033984925,0.6009999999999991,153.0,0.03243631700000005,0.00045481766386146205,0.0016450209738447796,-0.09999999999999964,-0.1999999999999993,-0.014615644789097715,-0.00835271677572802,-0.06910004687958349,-0.0647615114384168,-0.07264384304883276,-0.01474228173720249,0.0026115188792523725,0.0019503744399109735,-0.0036774404458865817,0.0030663113331446112,0.001802168903303425,0.0022361586295378544,0.0011567381278236866,0.002775627911592693,0.0035309419196334346,0.00366010521044835,0.002422004318761495,-0.0014549689748442063,0.0010837312375340247,41.3,0.09999999999999964,41.8,7.282761179605593,4.919980925828125,5.7899601708972535,6.466144724237619,5.8522024797744745,7.241366283322318,5.117993812416755,5.777652323222656,6.401917196727186,5.713732805509369,0.02712821384980124,0.016203866952229973,-0.038643339758431594,0.0008258199146862211,0.00747936594166454,-0.020000000000000018,-0.0007821968398236123,-0.001061395470760118,-0.0022362715206902806,0.002228295610888331,0.014697023260479725,0.011567039596172446,-0.002338419883971099,0.003957006622478332,0.015536471668008645,0.0015664469999999986,-0.012704820530091254,0.05462305799999978,-0.03788729748766029,0.16000000000000014,0.4500000000000002,0.3099999999999996,0.4900000000000002,0.5999999999999996,0.0600000000000005,-0.15000000000000036,-0.21999999999999886,-0.22000000000000064,0.81,0.15,0.76,1.69,2.33,2.36,3.01,3.65,-0.000812217659833081,-0.002450363774705977,-0.003342099326942183,0.0008450210001784697,-0.0751133306890015,0.00023008660085022115,-0.000673130828106494,0.0007430488974797811,-0.0007425071761284485,-1.7523138926556214e-05,0.0014760020795216988,-0.0007996079525129929,-0.0018235165088560379,-0.0019957857691021985,0.0006781503499340147,-4.216411538138232e-06,-0.0012567128970930597,-0.003162638009468921,-0.00043441712574487923,-0.001150976966908246,-0.0015704732195245263,0.002063509251837292,-0.0008274519325106588,3.5,-0.00558353661883082,0.006579934106301977,0.009176836746228823,13.8066
1995-01-01,0.004592006065321286,0.0027756221585857332,-3.6778227293865484e-05,0.004408615578910258,0.00433037778183909,0.0019130455273526081,0.0010471310070849782,0.0003521271600961384,-0.002160539714656906,0.004517390462392079,-0.00472904952626596,0.0060979049939988705,0.002988913989544706,0.0035842535165300227,0.004998706159665467,0.0016472064495438588,0.0035556640473402013,0.00827269274255471,-0.16729999999999734,-153.0,-0.03243631700000005,0.0006591183962179059,-0.00046514612842507574,0.09999999999999964,-0.6999999999999993,0.0685019851689459,0.00835271677572802,-0.037678494623730074,-0.059732958805953196,-0.019948943778992145,0.0313715387087381,0.002819324542388202,0.0022490386193840806,-0.0031628914085084503,0.001529637009534568,0.002610286003131179,0.0028123957828434243,0.0023094698486616494,0.002960771963032016,0.002883557252047808,0.004453262275536218,0.002952283271135059,-0.0014570889945009213,0.0004640969530260719,41.3,0.10000000000000053,41.8,7.249215057114389,4.844187086458591,5.666426688112432,6.486160788944089,5.814130531825066,7.156176637480615,4.9344739331306915,5.652489180268651,6.340359303727752,5.673323267171493,-0.008620867046253977,-0.01340184047308668,0.015969461496371906,-0.004826540076020791,0.009929008754246738,0.010000000000000009,0.000781932557329057,0.0019489304801236784,-0.0009476224003410749,-0.018064198685130428,-0.03783174304729631,-0.036483266662295066,0.007824290926689237,-0.0014945883639159163,-0.010142721067627924,0.00040187299999999704,0.02185998131710054,-0.06260864399999999,-0.008555897966369574,0.08000000000000007,-0.040000000000000036,0.11000000000000032,0.0,-0.08999999999999986,-0.020000000000000462,-0.02999999999999936,0.0,-0.019999999999999574,0.69,0.18,0.68,1.52,2.23,2.25,2.93,3.55,-0.0015904017289365413,-0.0024209656217086817,0.006519035748577373,-0.0030993435648136725,0.1005657981145891,-0.0062777985432518335,0.0006606779932178952,0.0037801497873042322,-0.000736049618383916,-0.0009403123469704511,-0.0029585820397448614,-5.615343365406034e-06,0.003619540083367845,0.0026485678463261664,-7.444810687040615e-06,0.0006772318826460122,0.001385982175050593,0.00473549010656793,-0.001171512527020191,0.0016182448680321926,-6.132228635991055e-07,-0.003457098492281041,0.0008173075268964602,2.5,0.00666402531777166,-0.009465868220205564,-0.0013674978169131435,11.7119
1995-02-01,0.0022314230174593774,0.002083016553612538,-0.0018590616175471197,-0.005642537091123501,-0.015871444141064117,-0.0012314018825145823,-0.0005159131777476844,0.0005626320021407949,0.0023582269950077617,-0.0055139874984799775,0.005393932150305147,0.0004966629953857549,-0.002126212263427796,-0.0011669246079804019,-0.005263953968520418,-0.0023229167672349504,0.03341510251067259,0.0005260448183328492,-0.5046999999999997,8.0,0.01581854199999999,0.0005829954774760893,0.0021234748013903015,-0.1999999999999993,-0.10000000000000142,-0.06966500138842768,0.015134432418237864,-0.021515278354960365,0.05794724404571827,-0.08891277644880002,0.012663111484629397,0.001620947451147714,-0.001902703276728701,-0.008483613977815274,-0.00805682470616631,0.00017377704448939824,0.002128277866324524,-0.002743089859793102,0.0024926863832543944,0.002410709788945198,0.004433518621825172,0.0020910594960845685,-0.0011672017665951273,0.0005154107938025732,40.9,-0.10000000000000053,41.7,7.182352111885263,4.867534450455582,5.652489180268651,6.335054251498059,5.820082930352362,7.134093721192866,4.718498871295094,5.6131281063880705,6.284134161070802,5.805134968916488,0.008086025957709353,0.02232647820737199,0.03508116283520479,0.0027595580994539404,0.007532170162374285,0.010000000000000009,-0.004088220486234917,-0.002435590192117587,-0.0033670065479043387,-0.0023909568127553626,-0.03261972140644165,-0.03328572046920297,0.0024975986202928624,0.0004285808354893561,-0.00725905115948855,-8.110199999999956e-05,0.03520322964911404,-0.09799178699999977,0.004502744434173422,0.3899999999999997,-0.0699999999999994,0.05999999999999961,-0.17999999999999972,-0.34999999999999964,-0.3899999999999997,-0.3100000000000005,-0.20000000000000107,-0.23000000000000043,0.23,-0.15,0.11,0.78,1.45,1.55,2.34,2.93,-5.5888245853452645e-06,0.0007983847299053437,-0.0033404892470381142,-0.0020376814748095384,-0.01765996156779881,-0.0398869022555246,-7.063964640785514e-06,-0.0030285835836245667,0.0014466117910272303,0.0004496430740905666,0.0014760150281203366,0.0015655034074555374,-0.0018234062057107536,-0.0006703486501447031,-7.404349685380396e-06,-0.0006870032262273895,-0.00025687591793666087,-0.00363847454276911,0.0009112766278409623,1.0011818935673489e-05,0.0031219507732158647,0.01448074503186314,0.0008112806051943089,-2.5,-0.027875543514923606,-0.010275417896506767,-0.01584868078447421,11.1973
1995-03-01,0.002529105712566704,0.0022939132669126394,0.005255336326822846,-0.0003534470810819812,0.009271450047350527,0.001457298471945201,0.0019770567823691465,0.0020692506961683677,-0.0005500872214714292,-0.0021360604940996453,6.108074617738879e-05,0.009443619926758462,0.0008121262956928277,0.006333846236728835,-0.0033289928332953522,0.002653137873298128,-0.00624059690191725,0.007286912519488098,-0.09060000000000912,-93.0,-0.010254215999999983,-5.298554631139041e-05,0.00021610113617143156,0.0,0.3000000000000007,-0.0023300981416225497,0.03532672286161187,-0.02504448685759897,-0.1647819097019969,0.08741912419201636,0.007374664691267796,0.0018321922933672852,0.002075496918351405,0.001064396055786787,0.009584125499426221,-0.00011584800754427249,0.001448505878297368,-0.002460738015233943,0.0017721226334419526,-0.0002112333925605725,0.002609750758864493,-0.0018158606994287396,0.0005837711782827881,0.0010300253266866122,41.0,-0.1999999999999993,41.5,7.130098510125578,4.8283137373023015,5.62040086571715,6.3473892096560105,5.6240175061873385,7.111512116496157,4.852030263919617,5.6131281063880705,6.324358962381311,5.583496308781699,-0.008567684413383958,-0.0063114728459527925,-0.010373155721691063,0.004845373859026836,0.00931773439624628,0.020000000000000018,0.0028698189504261506,0.0010598867371314213,-0.0016444525083683104,0.01905924594049324,0.04565158571053374,0.04462150478292848,-0.008421845005318396,-0.0020012409181138224,0.008594341329081878,0.0007766220000000046,0.023035262228528808,-0.062278935000000146,-0.0072557634429988305,0.0600000000000005,0.0,-0.03999999999999915,-0.14000000000000057,-0.27000000000000046,-0.3200000000000003,-0.2699999999999996,-0.14000000000000057,-0.15000000000000036,0.17,-0.25,-0.09,0.45,1.07,1.22,2.14,2.72,-0.0007901839536392785,-0.0008048104368452158,-0.002463544567177678,-0.013652887551806714,-0.02849624357865066,-0.015688506762256083,-0.0006681836132438335,0.004543735388635284,-1.3146626693938401e-05,-0.00047194159974495165,-0.0014760150281203366,-0.002363740645094481,0.0005896051168949867,-6.961824833062735e-06,-0.0013614605653637923,-4.159279132665006e-06,7.108819788559373e-05,0.0021084683087417844,-0.0009840827767231275,6.238398014968283e-05,-0.0023470969644727724,-0.008280137283076083,-0.003273325344969269,-4.799999999999997,0.020515037605616016,0.01732202455893095,0.006446763023181923,11.9713
1995-04-01,0.0011690995096476087,0.0016569592903135089,-0.0016324438001902308,-0.007511002480832474,0.003912494804726663,-0.0017664400725001528,-0.004180193851018643,-0.004156947545530976,-0.004961118256007424,-0.003305567554847677,-0.005590338782241133,-0.0014767076514083932,0.0012097290670407546,-0.0018364734079154843,-0.002759475969162928,-0.003426333788106639,-0.006599134828768172,-0.015672414204719765,-0.600200000000001,60.0,-0.02868868999999996,0.0036418902503605466,-8.00320128480081e-05,0.39999999999999947,0.3000000000000007,0.05961780282149576,0.04047043888295487,0.07819107349863508,0.11061538849618469,0.054539141996354346,0.028823778320175464,0.0013505891646623525,0.000992984431295696,-0.003374481490030057,0.0019058515393357567,0.0008685331022810772,0.0015427637810727646,-0.0001449380392415378,0.0014388721726596998,0.0024897153909435588,0.001395284166646249,0.0036500743434597638,-0.0011678833444221937,0.00036025836060282757,40.5,-0.5,40.9,7.144407180321139,4.68213122712422,5.627621113690637,6.340359303727752,5.749392985908253,7.138073034044347,4.859812404361672,5.627621113690637,6.289715570908998,5.746203190540153,0.015270683955440845,-0.009773681185331284,0.0022962593380402296,-0.002776092500649696,0.008060638888739646,0.0,0.0028750704539657335,0.00197370784905182,-0.0016471611873258851,0.002183510233313868,0.02405312876790333,0.022605676328502522,-0.004575849335404669,-0.001291134026592644,-0.0027907832189910664,0.0005483189999999916,0.029490879128513114,-0.06520406099999976,-0.0010707518745189937,0.0699999999999994,-0.03000000000000025,-0.08000000000000007,-0.1200000000000001,-0.16000000000000014,-0.1899999999999995,-0.14000000000000057,-0.08999999999999986,-0.09999999999999964,0.07,-0.4,-0.28,0.22,0.81,1.01,1.98,2.55,0.0007809276683898858,0.0007952103846209368,0.0007770196674128371,0.019440412160323106,0.06766251875410534,-0.013978902729353315,0.001974303244467457,-0.004543735388635284,0.0021444463324362673,-0.0009247959856191201,0.004415018209116717,0.0007797099014812403,-1.2892953034970844e-05,-6.925231735621651e-06,0.0027008682844780196,0.002024941861034968,0.0007815590869117983,-0.0015849840930934889,0.0042648512870684385,-6.025869162940012e-05,-2.4224468773148544e-06,0.001360046046319674,0.0008166599065559943,2.200000000000003,0.013881485480137457,-0.0057285771437385336,0.049890816613688216,12.5168
1995-05-01,0.0007667844304481974,-1.2638150785448943e-05,0.007206645178918336,0.007336396311796278,0.009672911778748627,0.004849522484934532,0.005624226600173365,0.006352363402363004,0.003646532412702186,-0.007644395435974616,0.007931369077033956,0.012650561154183393,0.0038939548758234466,0.005689740039167557,0.0027576146556338443,0.0038172077831815088,0.04360828024111729,-0.010323272474351164,-0.005299999999991201,-296.0,-0.02424028300000003,-0.005589162979907414,-0.0042026641262822295,-0.20000000000000018,-0.6000000000000014,-0.04763698318444032,-0.01616368665879353,0.04119394313094915,0.17363614885880718,-0.07111827079926503,0.05567403329615672,-0.0001281421525369808,-0.002332916770694027,-0.0033859071820208086,-0.006111554546002651,-0.0011002693874253566,-0.0005782575334620788,-0.001886108647639162,0.00041528903115839455,-4.2146966478640024e-05,0.00037174721617638795,2.164385044167716e-05,-0.00014608136758198498,-0.000823638469293897,40.5,0.1999999999999993,41.1,7.1808311990445555,4.867534450455582,5.560681631015528,6.363028103540465,5.840641657373398,7.147559271189454,4.795790545596741,5.627621113690637,6.302618975744905,5.786897381366708,-0.013441614730290041,0.009446590912041586,0.04336223162500907,0.006024584146164358,0.006644618661868051,0.010000000000000009,-0.005751259301495892,0.004801591071764477,0.005149185994744343,-0.012317043107925585,-0.06038540287952898,-0.05664469298570485,0.007035786778995856,0.0015548695888361053,-0.0008755199739054476,0.0006159130000000096,0.030824756619064253,-0.06704307100000007,0.003175528356639923,-0.040000000000000036,-0.0600000000000005,0.019999999999999574,-0.09999999999999964,-0.2699999999999996,-0.4500000000000002,-0.4299999999999997,-0.379999999999999,-0.40000000000000036,0.05,-0.34,-0.34,-0.01,0.4,0.62,1.64,2.19,-0.001569240995490162,-0.001598080352936293,-0.004017017421939606,-0.02620784490797501,-0.07530529006867104,-0.009499808176714808,-0.0019860669123801244,-5.173137734182376e-06,-0.002178186354153233,0.0004510767965673068,-0.002947666515166425,-0.0015667823392879754,-0.0012018616424080975,-6.888926395554051e-06,-0.002708182824320282,-0.0020373186291067213,-0.0010853522998512943,-0.0036802223459257988,-0.0022719423320420873,-0.00012936976198130168,-2.414923745419628e-06,-0.0020517398023627287,0.001629325821704164,-2.700000000000003,0.0006789382909211383,0.00567339653296095,-0.04581794171614462,12.4586
1995-06-01,0.003680247221554467,0.004514281851678348,0.007969037516769362,0.009592637750134969,0.012309022789974478,0.0032534566972968193,0.0056138733814687924,0.006318618821464561,0.004188707450267337,0.005654725804572713,0.003638176473098831,0.012511212868059118,0.0003437978502525141,0.005530589737167357,-0.005837336970832219,0.0046607413829633515,-0.010842054043195937,0.0035638723271844697,0.05310000000000059,59.0,0.008151934000000027,0.0007429871456263726,0.0008114307736448723,0.0,-1.0999999999999996,0.05275208385121033,0.00938974034983886,-0.12860976906441302,-0.20137585194795982,-0.06352586282318473,-0.01086229281663087,0.0020142025108214057,0.0006918021721773471,-0.004652003379693959,0.005730674708983585,-0.000695531240003433,-0.0009645062476106858,-0.00029048656704055986,0.0023394310967361776,0.0021472336313532736,0.0035062043729574555,0.002133226520099285,0.00029214139851418963,0.0013894966597582936,40.7,0.0,41.2,7.155396301896734,4.836281906951478,5.659482215759621,6.326149473155099,5.733341276897746,7.173958319756794,4.77912349311153,5.68697535633982,6.336825731146441,5.786897381366708,0.00483570143562595,-0.018403300604036943,-0.033560129564776275,-0.0024233504651824944,0.004055417114141591,-0.010000000000000009,0.0025255414018001687,-0.0001348530484932553,0.005036926506813977,0.0006888832668412448,0.04334393702467754,0.03930869667290715,-0.006372851888222897,-0.0004645812484049827,-0.002131790820952162,0.00014489699999999106,0.0292356876738582,-0.06145789199999996,0.003005061291382116,-0.009999999999999787,-0.11999999999999922,-0.20000000000000018,-0.25,-0.3600000000000003,-0.4800000000000004,-0.45999999999999996,-0.35000000000000053,-0.29999999999999893,-0.06,-0.53,-0.58,-0.36,-0.07,0.17,1.3,1.9,-0.0007827789049406064,-0.0007971303730185397,0.0007945785421448193,0.01845767825430311,-0.06264598061978477,0.02259046012838528,-3.890316417454187e-06,-5.1967504139938114e-06,0.0028361947510520125,0.0004473631554322566,-2.1499666225111014e-06,-0.0007815553348198279,-5.66220756059721e-06,-6.852905803711451e-06,0.0006709048615354263,-4.092240000197478e-06,-0.0005633648495191323,0.0013241661638305757,-0.0012977410092762653,-0.000666485989102128,0.0023186767785974283,0.002035498544509462,-5.9682508943836865e-06,2.9000000000000057,0.0025771276733692616,-0.00029639518989199587,0.0035732614766912363,13.179
1995-07-01,0.00335311508219327,0.003253260837576377,-0.002715769416698599,-0.011892774959168406,-0.0028263748652879173,-0.004181163502159357,-0.004084674241473074,-0.005279558100133919,-0.0055648470926170646,-0.021528829264379823,0.0003765664591695028,-0.005081898280934638,-0.0043051891311636226,-0.0076988905789581175,-0.010440408843803262,-0.0068159012240505135,0.007119126978493817,0.0007182056357484257,-0.9059000000000026,214.0,0.02148323699999999,0.0029815529178112143,0.002358245724698449,0.10000000000000053,0.5999999999999996,-0.043574199160235416,0.08584246978464805,0.01966416868642895,0.028682654597022683,0.012072581234268576,0.013963488587327433,0.0007755803391376048,-0.000735055702753229,-0.001076619519030153,0.0022831060145698245,-0.0016828670734998497,-9.65018094838399e-05,-0.0040756970538140536,0.001146448259406796,0.0001261643923697875,0.0009255146521756075,0.00047503203760790313,0.001021823313489989,-0.0004115014717811505,40.7,0.0,41.1,7.2868764117507,4.74493212836325,5.638354669333745,6.583409222158765,5.834810737062605,7.21081845347222,4.762173934797756,5.713732805509369,6.393590753950631,5.817111159963204,0.0005454258523514,-0.007599562942358418,-0.02636246399834974,-0.00224551936816475,0.00347595089105468,0.010000000000000009,0.002096428628363789,-0.001784893337694271,0.0038573680608013916,0.0006850828506426154,0.0017159783901270487,-1.244214403017807e-05,0.004815098759284098,0.001871548590555605,0.0019425807160713404,0.000356827000000004,0.03286458146475013,-0.06758518499999999,0.009744824221447956,-0.15000000000000036,-0.15000000000000036,-0.04999999999999982,-0.04999999999999982,-0.04999999999999982,0.08000000000000007,0.11000000000000032,0.11000000000000032,0.1399999999999988,-0.06,-0.43,-0.48,-0.26,0.16,0.43,1.56,2.19,0.0015637219761828192,0.000796495462259017,-0.0015968044435821227,-0.01952772870948305,0.00647947385474712,0.020347413965438044,-0.0006589683894890896,0.003043562324225313,-0.01141281081877743,-1.0133228167674702e-05,-0.0014652017273277806,0.0,-5.6353565076605605e-06,-0.001961852002792419,-0.0013472537999463796,-0.0013481619573214587,0.0002793170607162665,0.0011650210161571195,0.0011957024397046823,-0.00024648814584971035,0.001523531330001049,-0.002719700550766202,0.004037737967323096,1.7000000000000028,-0.010688221249678165,-0.010759469493187623,0.0023190112751727554,14.0765
1995-08-01,0.0014477471255105456,0.001879299449329963,0.004883087126795971,0.020055388348835024,0.007782443074763279,0.013058082415700945,0.01400767211683096,0.01524136263672382,0.015023458367604547,0.030810349784801794,0.009153318719371306,0.019074708054300338,0.011880246894969915,0.021711552993418426,-0.002369523482282254,0.011542577161562484,0.06536443130227898,0.0008505952034969511,0.5951000000000022,-42.0,-0.002483843000000041,-5.289426060706148e-05,0.00028838297458655404,0.0,-0.3000000000000007,0.039191431005140664,-0.05242248405739769,0.034031357183943456,0.08575391061834026,-0.012072581234268576,-0.04164691733574344,0.0022296363527551932,0.0019445590899422882,-0.0030567316797229793,0.004550633563995987,0.001276916999783495,0.0019282690124420299,0.0002916727452504375,0.002299545872984865,0.0020584350564689657,0.0003144799544934074,0.0016033652528086861,0.0014579387332442906,-0.00041167087495352916,40.8,0.10000000000000053,41.2,7.255591274253665,4.77912349311153,5.777652323222656,6.450470422144176,5.831882477283517,7.234177179749849,4.795790545596741,5.736572297479192,6.396929655216146,5.872117789475416,-0.0007943154232492589,0.03598960062803869,0.03612966438018539,0.004869979594246843,0.0032457182843863563,-0.010000000000000009,-0.0012228219929140138,0.0008372301974635121,0.004098191434850129,-0.003444766949081135,-0.017501013089385786,-0.012293056585124917,-0.005201627850286883,-0.004524430461103179,-0.0028337193958858364,0.00016301900000000036,0.0031169414744951496,0.00501564099999996,-0.02101789201145765,-0.10999999999999943,0.03000000000000025,-0.019999999999999574,0.040000000000000036,0.16000000000000014,0.23000000000000043,0.20999999999999996,0.16000000000000014,0.15000000000000036,0.08,-0.34,-0.33,0.01,0.5,0.75,1.83,2.45,-0.002345277311002647,-0.001592990924518034,-0.000796495462259017,-0.005192405091334784,0.10406106503491985,-0.009238823932429696,0.0006525184868495515,0.007575214634006677,0.0014107143601167493,0.0013446387950395433,0.001463058051760946,0.0015612805669524832,-5.608696003633895e-06,0.0013025062645253271,0.0013418304388181923,0.0013427312968996574,0.0008965769089526177,0.0015846356661386451,-0.00014499709762105795,0.001155733852742813,-0.005395003451659441,-4.5963814088167965e-07,-0.0056709784747486225,1.7999999999999972,0.022026857482380535,0.009897616560515132,0.007334520199653305,13.3487
1995-09-01,0.003841623976478914,0.004645479020386034,0.0023426388815321886,-0.001222849435627893,0.002345676206779501,0.0038889466540856787,0.0038822948262451362,0.0037407913087799116,0.001967956212761024,0.010395906787523224,-0.0012188102148842361,0.009343282031352818,0.0038909907917696884,0.018597434193376117,0.0007677267042680569,0.008791729396192771,-0.04297537423171516,0.023993595182257188,0.3562999999999903,9.0,0.0016383709999999718,0.0020758876209576727,0.0022481358349537572,-0.10000000000000053,0.0,0.044738181540092015,-0.058367516108015494,-0.03619726662931999,-0.10094888483341169,0.020834086902842053,0.016011480242909215,0.002046544729859434,0.001897697455559566,-0.0018024518218027197,0.0071630843507684006,0.0004059500737163546,0.0013475793742063757,-0.001021227019966986,0.002083036698785179,0.0009228188574361695,0.0010721879204425022,0.0012636236083540808,0.0018921481520379757,5.1468128372533783e-05,40.8,0.0,41.2,7.221835825288449,4.718498871295094,5.700443573390687,6.396929655216146,5.8805329864007,7.259116128097101,4.852030263919617,5.752572638825633,6.45833828334479,5.8289456176102075,0.013134869244501246,0.03690169353005146,0.11251216485831428,0.009280049130511614,0.004020196342914062,-0.010000000000000009,-0.0028855078100091802,-0.002393176466227942,0.002340376804943922,0.002753346788795241,0.017525550257061262,0.0158515758422606,-0.0014234367629404332,0.0005439551009720489,0.0030832231286819223,0.0003925719999999938,0.03455892827809404,-0.06998505300000035,0.012729877214642471,0.05999999999999961,-0.08000000000000007,-0.1200000000000001,-0.11000000000000032,-0.1299999999999999,-0.2400000000000002,-0.29000000000000004,-0.25,-0.2599999999999998,-0.06,-0.52,-0.5,-0.18,0.2,0.4,1.52,2.13,0.002344055652711674,0.0031840811567604987,-0.000796495462259017,0.041684994493067506,-0.03029898423614652,-0.013630732828938008,-0.0006568043560379877,-0.009847113681132669,0.001425983947985543,-0.0009192405504281354,-0.001463058051760946,-0.0007815534319313144,-5.582224243738665e-06,-0.0006537984778312023,-0.001343633372733244,-0.0006740706551484621,-0.0014595474168546119,-0.002676220136816454,-0.0005758677151197489,-0.0015259967680547604,0.0015360986123398312,0.0020286252112451386,-6.503644156552468e-07,-7.299999999999997,-0.02395720794214462,-0.0027258239602332424,-0.0038614643525471948,12.237
1995-10-01,0.0014605448699072099,0.0030353567454390884,-0.0038954061881932844,0.0005222345150244223,-0.004017605396311907,-0.0016626733743798638,-0.004731906803886687,-0.006974226251582394,-0.009181569092478803,-0.011370400101604616,-0.00836458771565507,-0.0008403085522719067,0.0021362114777874197,0.0020848776440782757,9.66349256428245e-05,-0.0012483295039542597,-0.04629379172095138,-0.025151065679636986,-0.4913999999999987,62.0,0.019587770000000004,0.0007914762197689384,0.0020357581844763217,-0.09999999999999964,-0.1999999999999993,-0.04730369513342847,0.03593200922606332,-0.014853920987962788,0.006676228898744085,-0.03305419823761735,0.0259046523320432,0.0012631991133282838,-8.618089374934357e-05,-0.0016249890729334027,0.005432250878378397,-0.0017990313298898997,-0.0010586594511678982,-0.002923551271049263,0.0015937099338838578,0.0013826335082054442,0.0005541292001645104,-0.0005311017615312608,0.0014530662248617432,0.0017483420918722459,40.9,0.0,41.2,7.221835825288449,4.836281906951478,5.648974238161206,6.408528791059498,5.863631175598097,7.24422751560335,4.852030263919617,5.7745515455444085,6.452048954437226,5.755742213586912,-0.006293859638857313,-0.02979488442234235,-0.06947237281476859,0.0018344208907343784,0.004270334329195435,0.020000000000000018,-0.0011512692817552406,-0.000511247922130309,0.0005099005804360957,-0.0011479198507258204,-0.021102312540384638,-0.02113939997200487,-0.004318989469769718,-0.002975858272836085,-0.0045368019998131,-4.02340000000001e-05,0.007144793626718382,-0.004695968999999689,-0.014397585044970018,-0.040000000000000036,0.08000000000000007,0.0,0.020000000000000462,-0.03000000000000025,-0.13999999999999968,-0.16000000000000014,-0.20000000000000018,-0.17999999999999972,0.06,-0.48,-0.44,-0.17,0.1,0.28,1.36,1.99,0.0007766820352799186,-0.0007990230093639639,-6.34910759522711e-07,-0.02378800937206993,-0.05533372168508377,-0.02399850942933046,0.0013020746349914347,0.0022661466873641345,0.005025901729049487,-0.0009093984196066884,0.0021905813798177576,-6.075007510375485e-07,0.0011695323273706038,0.0019444659395988495,0.0020069117717484986,0.0013359959465146787,0.0018936151116504263,0.001546592339791708,0.0014792778490031466,0.0020989200240659756,0.0007636340991914459,-0.0020309140881047405,0.0016083614889930153,1.2999999999999972,0.017030697532110395,-0.002534824065223873,-0.0054000619013514495,14.2377
1995-11-01,0.0032398268588789136,0.0042513961616723606,0.008295517453116297,0.008152837330428042,0.011995129841380958,0.002525292115327815,0.0025761194469993143,0.0023813572124744553,0.0033536934646960503,0.000799313854221495,0.004303762905172093,0.0038668679897364555,0.0024558135465539976,0.008381660943667324,-0.006988371853752895,0.000865854970467872,0.05901394185322406,0.005807071921534401,-0.32909999999999684,-145.0,-0.026958235999999913,-0.0007688539179486753,-0.0015963224129258435,0.09999999999999964,0.3999999999999986,0.03142754583321139,-0.011409377938157661,0.029062986743137564,0.03088687267690471,0.02748758346556368,0.0146963232901971,0.0011769837554762574,-0.00021548473374011223,-0.004890871084389126,0.000933619711172895,-0.00040668119659947877,0.00048134778305986003,-0.001758242211195693,0.0015174669648807537,0.00138072447198212,0.00114422823225091,0.0006171997985493505,0.002320523158777732,-5.1378220783604434e-05,40.8,0.0,41.3,7.280697195384741,4.59511985013459,5.777652323222656,6.54965074223381,5.802118375377063,7.265429723253953,4.836281906951478,5.749392985908253,6.432940092739179,5.908082938168931,-0.011879964105022012,0.004319383903746754,0.04085738803847505,0.00427777509315419,0.002581445276472749,-0.010000000000000009,0.0013064316564426193,-0.0013349048460042923,0.0005096407143350135,0.005022369465547349,0.014084739881738528,0.01584228514860153,0.00868538641670824,0.0009554037327506038,0.018629114091960552,0.002057315000000004,0.021401809694691742,-0.037829031000000235,0.008129471055244863,0.040000000000000036,-0.08000000000000007,0.08000000000000007,-0.05000000000000071,-0.16000000000000014,-0.16999999999999993,-0.11000000000000032,-0.10000000000000053,-0.07000000000000028,-0.06,-0.44,-0.53,-0.37,-0.11,0.13,1.22,1.88,-5.459006951369361e-06,-2.5195295023650033e-06,-0.0007990391598040603,0.022340908447835872,0.07535179969134598,0.01960374054625369,-0.0013071808463145373,-0.003781293298534827,-0.00574300466404587,0.0004398879522735655,-0.002920242119961003,0.0007773009133877906,-0.0011833732967092558,-0.002597824076009836,-0.002677377770716305,-0.0020091518855105406,-0.0026144198341695457,-0.0020723320024123026,-0.004166638158069169,-0.002139714554304284,-0.0007695105307639061,0.0026949635002679884,-0.00161095249483445,-2.0,-0.041775250411641096,0.012977016633035632,-0.0024403806502126812,12.9719
1995-12-01,0.001806446592674149,0.001100184917296687,0.006341515164877798,0.004728339523611069,0.008280425202935149,0.0033882328502832237,0.0032056472272916636,0.004286998836001921,0.003069466817940736,0.006097265204838109,0.0019184451945832848,0.007501268452091203,0.003607393642796275,0.008286600679483502,-0.00585462551717697,0.003277479222935753,0.004409530463002298,0.007671283624847369,-0.14220000000000255,375.0,0.050735372,-0.0007769920240026096,-0.0007991178165038804,0.0,-0.09999999999999787,-0.05481825397549933,0.02559401293011465,-0.0034261275484217535,0.02906653309464069,-0.03241774957342258,-0.03234783386551854,0.0013277350540139565,0.00034475328934391314,0.0003631082102346639,-0.002616334888072558,0.0012775843781884788,0.0040342000731605765,-0.0029372909941933756,0.00156773652054909,0.0006687565557506048,0.0012166124378474308,0.0018063485142132407,0.0011582453879199761,0.00015412674386361402,40.5,-0.20000000000000018,40.9,7.266128779556451,4.624972813284271,5.723585101952381,6.502790045915623,5.87493073085203,7.273786317844895,4.859812404361672,5.703782474656201,6.42648845745769,5.978885764901122,0.028785174623237708,0.044668927027544214,0.06868013408408835,0.006964825208893188,-0.0014015149199604338,-0.030000000000000027,-0.003018945075337065,0.0008512528069886116,0.0013153709332636154,0.009433509932269324,0.026248226074936376,0.02312850083417395,-0.0054908636545309975,-0.0013459751600199965,-0.02029108782890887,-0.00018452700000000377,0.03147107090924006,-0.059984912,0.0219919581690613,-0.20000000000000018,-0.10000000000000053,-0.22000000000000064,-0.13999999999999968,-0.1200000000000001,-0.1800000000000006,-0.21999999999999975,-0.1999999999999993,-0.1899999999999995,0.04,-0.46,-0.47,-0.29,-0.09,0.11,1.22,1.89,0.0023174478295100442,0.004733093195842919,0.0031923390656452,0.0014329741363123816,0.025676351919169615,0.015587223391412053,-1.6932170154859705e-06,0.004539725747752854,0.002871502332022935,-0.0004555240058863319,0.0029170476859432526,-0.0007791177490954482,-0.0011750818106017746,0.0012932417667830265,0.002003339568174667,0.001333776785466867,0.001949188937634183,0.0043308442184839535,0.004526461406563875,0.0005128487717280805,-0.0007659882880113322,-0.009445353756230901,0.002404165627086563,2.799999999999997,0.03207852455652116,-0.00992412935101683,0.0030041153344129157,12.288
1996-01-01,0.003376712752025668,0.0010125832850462757,-0.0045153249484704006,-0.0100321418599858,-0.008112705495715744,-0.0053952788312097155,-0.0096615190862126,-0.011138759453561242,-0.011504714503312918,-0.02668881914487642,-0.005865167581124098,-0.010566174423535912,-0.00011444508647251439,0.00338408368700982,-0.005497281808625409,-0.006454138225719497,0.02205377771315753,0.0020296224449758427,-0.9474000000000018,-250.0,-0.038701540000000034,0.0007920732742388026,0.00029574802483978146,0.0,-0.1999999999999993,0.02339070814228794,-0.011247775318646624,0.017014447029648494,0.03949613834265531,-0.00412712100465118,0.024358443832039,-5.916084568013957e-05,-0.0005602844667631501,-0.0010897204129580729,0.0020562676653668177,-0.0013356951955341145,-0.0007671653617524754,-0.0022086440547219865,6.307888016010565e-05,0.00012534207958836419,0.00038679376086570016,-8.594264765982018e-05,0.0015904001038951066,-0.0008222839398452919,39.5,0.0,39.7,7.2909747781429814,4.553876891600541,5.820082930352362,6.459904454377535,5.981414211254481,7.234898420314831,4.574710978503383,5.746203190540153,6.413458957167357,5.905361848054571,-0.030239188100333436,-0.04684875042748793,-0.10696322142900527,0.010805966361761676,0.005409617390332855,0.050000000000000044,0.00228261269300134,0.0024082652168715413,-0.00012721837050388984,-0.024382745733384503,-0.043670269521601135,-0.03706380980624757,0.005875944787922194,0.004033575138015166,0.007198360356476918,0.00039227900000000926,-0.0002441028824398117,0.017360400000000276,-0.012443411129652304,-0.040000000000000036,-0.23999999999999932,-0.13999999999999968,-0.20999999999999996,-0.21999999999999975,-0.14999999999999947,-0.05999999999999961,-0.010000000000000675,-0.020000000000000462,-0.16,-0.56,-0.64,-0.47,-0.2,0.09,1.25,1.91,-0.0015623656311438694,-0.0016058518993800064,-0.0007990391598040603,0.0077225343973932326,-0.06516485004664263,-0.03232784419434864,0.00388432643390324,0.002261009089360222,0.00930239266231414,0.001325881709293597,0.0043462116138446305,0.0015509869610284,0.0023337161632985826,0.0032168540519244004,0.002655570689066522,0.0026538088655216896,0.00030315261948743455,-0.0012751856054915578,0.0033696936284988155,-0.0005340484316880278,0.009874164312299705,0.021527047305246683,0.0055607885931761025,-1.7000000000000028,-0.005130657397115712,-0.013823986600177918,-0.000994201752225976,15.069
1996-02-01,0.008288153450815017,0.008602520730196517,0.007644438905134443,0.008995170420130094,0.015730987304257482,0.0143580872795539,0.015899961145319885,0.018116596834026666,0.015156963767175569,0.026143855329257448,0.011073666762675849,0.024433055635751266,0.012435217410406985,0.02128416891559004,-0.0009528007219552492,0.014468364514440779,0.0270837921662066,0.018954545018809554,0.7497000000000043,-94.0,0.0004908940000000195,0.0025304267026573513,0.004099477754740732,-0.09999999999999964,0.29999999999999716,-0.004413394438413043,-0.05202118475087847,-0.02736382789165237,-0.04939275532957588,-0.006639028534809022,0.008652300233427113,0.0035097820481890807,0.003614772849044101,0.005256015724890872,0.011142176553242678,0.0012196185848409868,0.0015337426319490532,0.0007367568299088134,0.0034841778173468896,0.0015028808038728414,0.0003682359697680937,0.0020177020790299594,0.0031732321448956213,0.001797868726216123,40.9,0.20000000000000018,41.3,7.307202314764738,4.882801922586371,5.659482215759621,6.472346294500901,6.052089168924417,7.258412150595307,4.7535901911063645,5.762051382780177,6.421622267806518,5.916202062607435,-0.020679716234829115,-0.032836249156014574,0.0025868277898233316,0.0032310491049312162,0.0005519657739743167,0.0,-0.0009063309437493672,-0.001253591572192292,0.0019065782705816048,-0.00443748312979686,-0.03859983051788163,-0.044086238039445336,-0.005895786291014282,-0.0027031052592745297,-0.003231958374865229,-0.0004207469999999991,0.055585686662594114,-0.10634224800000025,0.0477706101134614,-0.33999999999999986,-0.25,-0.16999999999999993,-0.15000000000000036,-0.14999999999999947,0.019999999999999574,0.15999999999999925,0.1800000000000006,0.16000000000000014,-0.07,-0.39,-0.45,-0.28,0.16,0.59,1.77,2.41,-0.0030888055445865703,-0.005497290764306051,-0.004789151642556,-0.014255023054169591,0.018452127540838248,-0.017559102519535408,-0.00324735739395976,-0.007550027841151774,-0.005747465349390524,-0.0017866671814177337,-0.005810271222501662,-0.0015533962686662406,-0.0005934662769915278,-0.0032305722229093448,-0.0020063888081098824,-0.002005047889950262,-0.0006464985641416732,-0.0017549400699996553,-0.003286985532216846,0.0005626023956804005,-0.01442484725755877,-0.021470176884484715,-0.011948142737325362,-0.7999999999999972,0.012998594714217049,0.0033317368431582395,0.011889210878900158,16.5672
1996-03-01,0.0034878390060661957,0.0029080799077370045,0.004834391969221308,0.0004976003650991601,0.00884252965773591,-0.0014490116362919636,-0.0020439007648249685,-0.004564759260927254,-0.006166413945392968,-0.032013987726229765,0.0032819002500845684,-0.0025336254012087167,-0.0007187413661586817,-0.00637667052185531,0.003987596232407853,-0.0022707490804663166,-0.011860080029962639,-0.0002921857854873977,-0.6251000000000033,115.0,0.015339745000000016,0.001713435857254808,0.0017733532545829434,0.0,0.9000000000000021,-0.044853947782542036,-0.0030939251199484374,0.06177136709710318,0.01614384837135585,0.10202439913581607,0.023965004690404967,0.0021537589722413486,-0.00017183606881410185,0.0025275333910741438,0.0057085137986145895,-0.002091686312558849,-0.0023014969882790837,-0.001769129165534622,0.0027201221994577196,0.0017505110125863865,0.0013245278707518793,0.0020207725082421746,0.0011514106050416473,0.0024092074087409543,40.7,-0.20000000000000018,41.1,7.261225091971921,4.90527477843843,5.799092654460526,6.4692503167957724,5.749392985908253,7.270312886079025,4.919980925828125,5.814130531825066,6.39024066706535,5.910796644040527,0.04471990764362843,0.09002461432505626,0.07610305543525442,0.022519273892349645,-0.0021520663236671567,-0.040000000000000036,0.008119232273113397,0.0030279965254447205,0.0035914266975076714,0.024633497731922027,0.0762617553122924,0.0785853845323069,0.0008344689537391758,0.002527604050735377,-0.0023212290985652473,-0.0003091659999999996,-0.0038099397471897944,0.024189828999999996,-0.012022327995441895,0.08999999999999986,0.15999999999999925,0.1299999999999999,0.1900000000000004,0.39999999999999947,0.5899999999999999,0.45999999999999996,0.35999999999999943,0.39999999999999947,0.0,-0.35,-0.35,0.03,0.66,0.96,2.04,2.72,0.0061491354403502285,0.009374453517245307,0.006389145869258428,-0.03252104174356063,0.10339033558469302,0.053053709395651794,0.0012832553598149943,0.006796164254751602,0.0006943708657338732,-4.907699424627765e-06,0.0043253671228358215,0.0007730944342903001,-0.0005883287913173163,0.0012767021734241268,0.0006532666853678037,0.0006528402833332336,0.0014381998432480003,0.0020251614268520512,0.003838265745201852,0.0004230565261407193,0.0015076786019152522,0.007358555100014819,-0.0016088638144173828,5.200000000000003,-0.0215497848991415,0.0034044378155773103,-0.012803978386049408,18.7075
1996-04-01,0.0026287241001856643,0.0017554129727130885,0.003685323727045109,0.008907784112883732,0.003663375285135828,0.009948431842053296,0.009988698476473878,0.01329535369083068,0.00874655288264492,0.04527758849028274,-0.004711382438657985,0.024466354403017476,0.00988833085423746,0.018660660161619713,0.0037101482928383334,0.012167505362965514,-0.008965798131924885,-0.004089320551728726,0.5480000000000018,-94.0,-0.020056182000000033,0.001718000790166485,0.001048218125328404,0.09999999999999964,0.3000000000000007,-0.024981783154823134,0.042891564629313095,0.0004074149577641961,-0.014337163146406873,0.012700955194564045,-0.0728545773792284,0.0013941030030775181,0.0017170333888802958,0.0025211610689046537,0.005128216366918181,0.0006395906837788345,0.0032588929446060177,-0.003399604190599703,0.001315556116523453,0.0005828233793891968,0.001469642957637518,2.85329091447295e-05,0.0021553280848909395,-0.0008707455668357511,40.8,0.20000000000000018,41.1,7.323830566202317,4.948759890378168,5.777652323222656,6.478509642208569,5.993961427306569,7.288244401020124,4.976733742420574,5.808142489980444,6.455198563340122,5.855071922202427,0.01565295613352191,-0.050637592629255934,-0.10576060908399043,0.0019736119295945542,0.0029930515964977644,0.0,-0.0017011030296121277,-0.003906158586941544,-0.0009283092780245639,-0.004394660446861209,-0.0021888497021773645,-0.0059529260921329374,0.00215531155866433,-0.003902365255218143,0.0033950621387823787,0.00015690899999999675,0.00015453084466354738,0.00842451699999991,-0.005047163027754653,-0.08999999999999986,0.08000000000000007,-0.009999999999999787,0.09999999999999964,0.20000000000000018,0.33000000000000007,0.2400000000000002,0.15000000000000036,0.16000000000000014,0.17,-0.27,-0.16,0.32,1.08,1.29,2.28,2.97,-0.0030886892872441507,-0.005484854646883974,0.0007901290944580808,0.05555128901826034,-0.014948891623620675,-0.006566969969936665,0.0006304812020561101,-0.009072606017531015,0.0055960696738717175,0.0004361283130469573,-0.0007414372623983922,-0.002321682354525123,-5.383275778036989e-06,-1.023350190720862e-05,0.0006467861813241882,-1.0877872601788852e-05,-2.355945474974419e-05,-0.004563263738389445,0.00020192999122325972,0.0008113063063888148,0.013621047054522606,0.002002883763522423,0.019085821432621053,-1.0,0.021702100275604153,0.0015466769647911605,0.005223599787659516,16.7505
1996-05-01,0.004307442625652413,0.005041833511853611,0.001301602561824211,0.007579682717400615,0.0075317949878570545,0.007582050138148055,0.0066887711162131325,0.0052059311672492115,0.0019139529718561477,0.004790800241329052,0.0008147701984126954,0.013475365247209048,0.008686315017729207,0.011524303171224215,0.006702610177731216,0.008068837519076943,0.0011431045465570833,-0.0022016492615568595,0.21210000000000662,-147.0,-0.020389635000000017,0.0019320349282931915,0.0019822555036217437,0.0,-0.6000000000000014,0.08882133223486921,-0.003824096438403757,-0.0214088044921521,-0.059497098864645714,0.008869237740779745,-0.041924434505421715,0.0027907579553403394,0.001799717673069523,0.001617396345040767,0.004374779124567851,0.0010457213524848186,0.0021030501967782556,-0.000592417078937757,0.003031710236317764,0.004070280155277217,0.002292001920176645,0.005484571978055186,0.0032958401977367657,0.0007171396680671904,40.8,0.09999999999999964,41.4,7.315883504509785,4.859812404361672,5.799092654460526,6.543911845564792,5.857933154483459,7.284134806195205,4.9344739331306915,5.749392985908253,6.4967749901858625,5.831882477283517,-0.0007319050703102903,0.04776031203989639,0.08385066781453787,0.01032091411546432,0.0016617389033015684,-0.010000000000000009,-0.009364268324490332,0.0002880411741710276,0.0013078239255195356,-0.0074643789430517415,-0.06755701545902326,-0.06478053939714434,-0.0004347275344898094,0.00043220844283275994,0.00037146109423247253,0.00015014300000000536,0.02149272582134909,-0.03795341699999977,0.019116459465168045,0.020000000000000462,0.0,0.0699999999999994,0.0600000000000005,0.09999999999999964,0.1800000000000006,0.23000000000000043,0.1200000000000001,0.11000000000000121,0.15,-0.22,-0.12,0.4,1.24,1.5,2.38,3.06,-0.003060446153106078,-0.0023306990672287142,0.0007825808167325476,-0.035794261087750634,-0.20207252443365942,0.023006047013717,-0.0019310953122735341,0.0060514556833553,-0.005655417588674716,-6.998708738770176e-06,-0.003591181262936338,0.00077369442931019,0.0011487098361238068,-1.016834095057817e-05,-0.0013261775336035342,-0.0013222820696761062,-0.0012673188016885106,-0.0007254868642041501,-0.005435773077462791,0.00021085892779648674,-0.010590679424622884,-0.0013426989816771595,-0.012721260245358135,-3.299999999999997,-0.013886629091640401,0.012285888258912081,0.002553878440047619,16.8627
1996-06-01,0.006624002931872042,0.007353018695079427,0.00115946115619181,-0.004725370855314992,-0.0010685367846257066,0.007436107209027654,0.007688408317506834,0.008238942802981875,0.007097813508509354,0.020661481181159402,0.00192327799586689,0.014568337646825746,0.007103875302714613,0.012687632765230106,0.0016256492739703532,0.00925812332578424,-0.0147192699197225,0.004423348074316991,0.3108999999999895,380.0,0.07776671099999999,0.0002244131605291244,0.0028317650999447608,-0.2999999999999998,0.6000000000000014,-0.0801632694917549,-0.08295598645975932,-0.02017722928595056,-0.05817312727049462,0.008061604671027567,-0.006698728995619518,0.0023489200339348315,0.0017537485513798856,0.002152467198764718,0.006526491621679398,0.00023223409300854314,0.0012406357462850792,-0.0013342230131367927,0.0024934818791404467,0.002318457608863511,0.0027617506191326413,0.0018852551740646817,0.003142410813270047,-5.120720998519346e-05,41.0,0.0,41.5,7.2909747781429814,4.897839799950911,5.69035945432406,6.504288173536645,5.910796644040527,7.264730177929867,4.882801922586371,5.726847747587197,6.461468176353717,5.857933154483459,-0.008993217992530944,0.0005894847041414408,-0.0125684565055586,0.004713144361090826,-0.0006381839555302804,-0.010000000000000009,0.006241418502235696,0.00025838212753015455,0.0015587154288043692,0.008548168159040692,0.05886058898067503,0.054036814288317636,0.0006515007310916587,0.0009130849260889917,0.001186355060690758,0.0002181789999999989,0.010934659573592853,-0.014894603000000117,0.010678502943881618,0.02999999999999936,0.10000000000000053,0.07000000000000028,0.1299999999999999,0.16999999999999993,0.20999999999999996,0.16999999999999993,0.08999999999999986,0.09999999999999964,0.22,-0.18,-0.02,0.54,1.42,1.64,2.44,3.13,0.003051108392896573,0.002318689796071638,-0.007144440351684267,-0.024661318250772446,0.06524380869599877,-0.007490926198238768,-3.6793390600919906e-06,-0.0015186031771898811,-0.004887057298010866,-6.961824833062735e-06,-5.123978503718263e-07,0.00077369442931019,-0.0011620594916363913,-0.0031837021479255156,-0.0013157806050996257,-0.0006589683894890896,-0.0017382997215529272,0.003287147374675392,-0.004927318267187175,-0.0015829100417095177,0.004493825113750294,0.0019886994367364075,0.002353233684423195,3.0,-0.023378383082228282,0.009169587876090901,-0.005117947929051958,17.6216
1996-07-01,-0.0020607060842365854,-0.0011796002764068447,0.0021221934950821364,0.007866007926532248,0.0012210917335959692,1.5920778207778596e-05,0.0003065953678200728,0.00045532906224377,-0.005318361162096608,0.0032073454090699727,-0.008619973277653514,0.012572976416440618,-0.0003625339348811707,0.004660698484890702,0.003918644162449247,0.004307328259607779,-0.05497787177409297,-0.004345421852765874,-0.09089999999999065,-253.0,-0.05431935200000004,0.004380914608338671,0.002721369146934549,0.20000000000000018,-0.9000000000000021,0.04594989019185558,0.07569254927122948,-0.02493680376142038,-0.024667232201796452,-0.025130664725580232,-0.015312431105732216,0.002051830267864929,0.0008116710187788811,-0.0008962983480733655,0.004147512933050379,-0.0001741705133735394,-0.00019076688344732418,-0.00014835694708636993,0.002352710587796736,0.0019417080732360148,0.001058780675762705,0.0021361030622220056,0.0029903902668930726,0.0009724888802260523,40.8,0.0,41.4,7.294377299288821,4.820281565605037,5.8522024797744745,6.490723534502507,5.831882477283517,7.27931883541462,4.919980925828125,5.823045895483019,6.424869023905388,5.8805329864007,0.014584703949267919,-0.006161141045192053,0.015030753840720834,0.009513331394277458,0.004676264442769806,0.010000000000000009,-0.0013488863724973044,0.0004429925210800434,0.001976493000296564,-5.8012563851406185e-05,-0.024364267817786,-0.022503650098393724,-0.0020225728023959277,-0.00676894513103754,-0.00047077836412157126,0.000884528999999995,-0.03722898069241509,0.10115205700000018,-0.03802668694761424,0.13000000000000078,0.040000000000000036,0.0600000000000005,0.04999999999999982,0.040000000000000036,-0.05000000000000071,-0.040000000000000036,-0.05999999999999961,-0.05000000000000071,0.13,-0.25,-0.1,0.45,1.24,1.47,2.25,2.95,-0.003813013191659387,-0.0038660823597886917,0.000787020146271189,0.04232962238408611,0.08003672969044784,-0.1342608310309581,-3.665264431518267e-06,-0.000763634405275937,-0.002096190871456294,-6.925231736509829e-06,-0.0007155635367936952,-0.00077369442931019,0.0011421501587376426,0.0019053673595461618,-0.0006559516692865586,0.0013063269442685765,0.0021253991028267194,0.00098510076584013,0.004901920317556652,0.0013304026919165324,-0.002260345449609069,-0.0006770088800505114,-1.5378818752687096e-05,2.299999999999997,0.03508365302271166,-0.01828887113147104,0.000916300756640176,19.2709
1996-08-01,0.0032004625800432507,0.004206484178711278,0.0034280750668020943,0.0034266378391585306,0.00012017841887512759,0.0050539545606698155,0.0019395908013812857,-0.0006453137057231828,-0.003321171766177855,-0.011587225727967443,-0.0001240191852094341,0.0048043577024827755,0.00896425888343888,0.014091514699293484,0.0016951176735826579,0.004463546314920741,0.011123555907021299,0.012636010003110876,-0.07659999999999911,12.0,0.037914268000000084,-0.0017142563209429085,0.0017708243680836233,-0.40000000000000036,0.6000000000000014,-0.06813780516721746,-0.06419552679361473,-0.013146552181568794,0.04177887267451741,-0.054607952934969894,-0.015550552596018008,0.001540274306774947,0.002601447188588679,0.0008962983480733655,0.005205073225200252,0.001856256696356695,0.002762564271819201,0.0004450048282294006,0.0012828472688344306,0.001072518871888306,0.002751233868339753,0.0013697955215743463,0.002130531307997785,-0.0022022492319706544,41.0,0.0,41.5,7.350516171833998,4.90527477843843,5.857933154483459,6.52795791762255,5.961005339623274,7.253470382684528,4.990432586778736,5.7430031878094825,6.440946540632921,5.7899601708972535,-0.006732101734652218,-0.03913269101076544,-0.08281019674550727,-0.005657464819163849,0.002171462204689334,0.0,-0.007242257298915256,-0.0020697749646654273,0.0005879882571759865,-0.005145082556290426,-0.007935894699304225,-0.0040984483681113515,-0.001001714085471228,0.011561434082952182,-0.0019131703787875765,0.00022823199999999488,0.02848480322075364,-0.04317000599999998,0.027598943926468777,-0.1800000000000006,-0.11000000000000032,-0.10000000000000053,-0.16999999999999993,-0.17999999999999972,-0.25,-0.23000000000000043,-0.1900000000000004,-0.16999999999999993,0.2,-0.17,-0.09,0.45,1.17,1.42,2.24,2.96,0.0038060471799914453,0.004629040682545771,0.0031840811567604987,-0.015075188197669398,-0.012085699465146593,0.07196298605418505,-0.0006395813395343453,-0.003063326883954609,0.0027932979056126683,-0.0004432843075283799,0.0,0.0015455953617813378,-0.0005834280939103209,-0.0006371363715507172,0.0006533801521815263,-0.0013114666280236165,-0.0011581320532592088,-0.00025297930407308655,-0.0025818593816833157,-0.0008335013590379248,-0.0007521023391405812,-0.000670348650144259,-0.0023526187541840216,0.5999999999999943,-0.027422498482758684,-0.003698744296658063,-0.004098030593381985,16.145
1996-09-01,0.0028268288686668086,0.0038066098946885063,0.0012737854957789452,0.003053217028517352,0.013305553790710078,0.0062440205524501025,0.008196254133912007,0.009834062609717975,0.010261438135293233,0.010900983837497158,0.010008227330072117,0.011099794058782031,0.0037751685074560726,0.008647621736904476,0.0015299476002486045,0.007693609776308286,0.0004715717358703131,-0.0058620450834121485,0.1880999999999915,225.0,0.02410869399999993,0.0034330131382436235,0.0028581767969466654,0.10000000000000053,-0.5,0.011551612220141116,0.012270092591814219,-0.020950175641203828,0.0039840690148746916,-0.0411514295421771,0.03246894068607986,0.001670802498381363,0.0007663488113465178,-0.003590023600869685,0.0042872520116201684,-0.00017387776436983415,0.0004755337956350303,-0.0011871198901172164,0.0018902328134817736,0.000988997484494547,0.0023444112910571135,0.001332689514930152,0.002550660303073826,0.0032249010570470915,41.0,0.10000000000000053,41.6,7.29641326877392,4.948759890378168,5.7430031878094825,6.520621127558696,5.8377304471659395,7.238496840894365,4.962844630259907,5.713732805509369,6.393590753950631,5.8522024797744745,0.014754909591683685,0.05040229938743579,0.09345835390440271,0.0054434470758568665,0.0007267714623750976,-0.010000000000000009,0.004842160142936258,0.0006628882223616017,-0.000672014809616428,-5.951496630629549e-06,0.009313408559811887,0.0073337039095794365,0.010632933974674685,-0.001658921274967362,-0.003823743593083684,-0.0003554370000000001,0.01824267822007286,-0.02037379099999992,0.01577847234905594,0.08000000000000007,0.09999999999999964,0.040000000000000036,0.11000000000000032,0.16000000000000014,0.20999999999999996,0.1900000000000004,0.20000000000000018,0.16999999999999993,0.22,-0.21,-0.06,0.53,1.3,1.53,2.36,3.05,-0.002284552523209804,-0.0030870148307249323,0.0031764934745170947,-0.02889762922365602,0.058837442866586986,0.04098560647696825,0.0019025393270881708,0.010691128932840854,0.004187026354216528,0.0004306821368622593,0.0035701573087054683,-2.385178976105351e-06,-8.172636150938217e-06,0.001895327487196674,0.0026058546611213984,0.001952057324004386,0.001871375186718538,-0.00012990710937810235,0.005344449071817969,0.0009686044646377567,-4.975067999790639e-06,0.0013079627564751561,0.0007760792817523843,-0.5999999999999943,0.025300045401259297,-0.0014947513511884836,0.003378703116231563,17.046
1996-10-01,0.00014460252560510867,0.0007285452707037621,0.0029600759890833217,0.007797750518982127,0.008194160984434262,-0.00019023142037610796,-0.0022596591160768398,-0.004176809584858887,-0.005478161683268645,-0.02190916372169127,0.0008470059355545345,-0.002191961544400378,0.0024047212041047317,0.0010355704837499147,0.003921824811354391,-0.0010392814606685619,0.006039280682674786,0.023152032333244144,-0.5327999999999946,-201.0,-0.03309257199999993,0.003013704978462428,0.0027718417596620526,0.0,-0.5,-0.019192912220100666,0.05278269957791881,0.021391189981317282,0.07467583133990718,-0.02502215617549286,-0.011001211061973493,0.002165391923208304,0.0020832012295368685,0.0012579748266920987,0.005865119452398204,0.000926998907635479,0.0013302928605689601,0.0002969121161964239,0.0021853200602954814,0.003002202497601303,0.0033887587360865723,0.0039172574468882004,0.0018381058551000251,-0.0006646047124831966,41.0,-0.10000000000000053,41.4,7.238496840894365,4.882801922586371,5.655991810819852,6.400257445308821,5.918893854273146,7.213768308118642,4.955827057601261,5.720311776607412,6.364750756851911,5.799092654460526,0.004934003032678547,-0.0010643831816352645,-0.004806408219922176,0.013280568234355528,0.003701626167458727,0.0,-0.004710698571780192,0.0026477982261905453,0.0019727597743006697,-0.0013310110974433798,-0.014202650203385847,-0.013994735185995477,-0.004615998839982538,0.0014098233919428438,0.00017033074180261565,-6.444799999999473e-05,0.038628979956373044,-0.07090651900000022,0.03602565160232718,-0.05999999999999961,-0.08999999999999986,-0.09999999999999964,-0.1299999999999999,-0.28000000000000025,-0.33000000000000007,-0.2999999999999998,-0.27000000000000046,-0.27999999999999936,0.19,-0.25,-0.13,0.31,1.03,1.29,2.15,2.83,0.004541444895653335,0.006129695681243774,-0.004766324956172241,0.01568420050143171,-0.05118373359121442,-0.013490691987077419,-1.0052609325406081e-05,-0.005345564466420427,-0.0021000690750181406,-6.823104016007164e-06,-1.2700693178047118e-05,-0.0023145175870293855,-0.0005767926005324497,-0.0012702161614113194,-0.0006639777086379084,-0.0006593014565394739,0.00019290159736140566,0.0001815834056682064,0.00044950483698080745,0.00014044005271873772,-0.0022279994363127997,-0.003293157745783315,-0.003894992562388566,1.7999999999999972,-0.02429410878309035,-0.007010645672256288,0.0007326615213685272,17.6269
1996-11-01,0.0031821363434385574,0.00357530562359365,0.0024831790489301397,0.007370385040294636,-0.0004388911959640751,0.008903287146696748,0.010655245021585102,0.011687533896424185,0.01177740185505538,0.013962920579161597,0.010938262157103473,0.014981934175795075,0.006684583293977475,0.011173752014923988,0.003003473143864177,0.008810483110872624,0.04330161952562328,0.004193421557284083,0.2694000000000045,334.0,0.029839109999999947,0.0006372069804534419,-0.0009309203092691121,0.20000000000000018,-0.40000000000000036,0.16453546577296851,-0.05594940658976455,-0.04925323433283513,-0.06774167775090856,-0.0326209181692656,-0.007699179281656754,0.002367433186924117,0.0016125613509210268,0.0053734680611432495,0.004420482841430484,0.0005210594994142781,0.001233689361692214,-0.0005939124153790942,0.002550365940535926,0.0014362217532681854,0.001789410424061444,0.0011504575038472353,0.002539504750792787,0.0005623865788972893,41.0,0.10000000000000053,41.5,7.305860032684009,4.844187086458591,5.82600010738045,6.513230110912307,5.855071922202427,7.252762418053187,4.941642422609304,5.746203190540153,6.455198563340122,5.777652323222656,0.00857861164739937,0.03283744774473085,-0.019808380121716596,0.014609603294125861,6.77005604465819e-05,-0.010000000000000009,0.007596315112816221,0.0007379941147647173,0.002763705121617832,0.008790044446474354,0.029848898365144816,0.031670207360642966,-0.001638593882258732,-0.0014269628184440108,0.0028278187639001473,4.97160000000052e-05,0.04761777136918699,-0.08684131600000011,0.043137044208268804,0.0699999999999994,-0.019999999999999574,0.040000000000000036,-0.040000000000000036,-0.1299999999999999,-0.2999999999999998,-0.33000000000000007,-0.29000000000000004,-0.28000000000000025,0.1,-0.28,-0.24,0.11,0.66,0.89,1.79,2.48,-0.004546032830303304,-0.005372504606472539,-0.0007952266657413887,0.040518824609601545,-0.08620163001240666,0.034414148501555886,-9.989165751456142e-06,0.002282237582465818,0.0027657385521440148,0.00042620656356717745,0.0006948531230026589,-5.953743569264702e-07,0.000562198839754835,0.0012542838292128877,-1.0527785247127497e-05,0.0006403020457312891,-0.0012398271114690829,-0.002698696121174571,-0.0007286143411384671,-0.0011615067285477565,0.0029629651306568583,0.0006555216728196811,0.00544717476234613,2.700000000000003,0.0028079140021262106,0.007991366016083745,0.0021868555001436363,17.1635
1996-12-01,0.0038488517468149297,0.0042854071127163,0.003963760198460342,-0.007228160484027413,0.004641573823104039,0.006221398194883321,0.0054692234474300605,0.006455014651945312,0.0021385274490475226,0.014395011343726338,-0.002617027022182583,0.017568071691052012,0.007162819472434023,0.011214878794219008,0.012706710434343904,0.008458171813606974,-0.013084621835724342,-0.010304930180006444,0.2365999999999957,-40.0,-0.00693500800000002,0.0007848364093074878,0.0006963162026210057,0.0,-0.3000000000000007,-0.10802769193892114,0.0908929744467466,-0.01634404815297774,-0.04337543275125455,0.006956549793359912,0.04958255723783367,0.0016192061168229799,0.0006358222455276064,0.0008927774898852547,0.00123424153903251,0.00040508087704083096,0.001137440880926377,-0.0007428868924979071,0.0018572584618468113,0.001556994496302977,0.0008303549341679428,0.0036181084660942275,0.0019707213585355987,0.00030662306045670107,41.2,0.0,41.7,7.222566018822171,4.983606621708336,5.68697535633982,6.48768401848461,5.605802066295998,7.252053951852814,4.955827057601261,5.733341276897746,6.444131256700441,5.802118375377063,-0.011767883825738679,-0.05075012395655598,-0.040624125318791116,-0.0017892709819733454,0.00018814366466735066,0.0,-4.122763529679219e-06,0.0002797727350252188,0.0036314346491925775,0.007458386938926864,0.02772049957117817,0.026246235171184296,0.0004841562788344689,0.004383848344777341,-0.0040506999577658576,-0.00040006000000000763,0.01025081326223809,-0.009781144999999825,0.004771938497841521,-0.019999999999999574,0.09999999999999964,-0.1200000000000001,-0.03000000000000025,0.04999999999999982,0.10000000000000053,0.09999999999999964,0.10000000000000053,0.09999999999999964,0.22,-0.38,-0.25,0.18,0.78,1.01,1.91,2.6,0.0022593183695542862,0.0022799102677630856,0.00634670013155425,0.023715376903400198,0.11742939903262073,0.03687562849282511,-0.000638264387432308,-5.1967504139938114e-06,0.00272570764515212,-0.0021694774187244192,-0.0021329165043679765,0.001543805557162159,-0.0005738142309228422,-9.87647102590472e-06,-1.0459798080120208e-05,-0.0006554130613265485,-0.0006180052665456515,-0.002009365257877427,-6.683036274601761e-05,-0.0005375215048504245,0.0022011924175777686,0.0013071807411999536,0.0023024281992589657,-2.299999999999997,-0.004908226955794959,0.006826427042696537,-0.005652543681436306,19.9415
1997-01-01,0.005731001954542236,0.004137366265961617,0.004722111316589839,0.012814460263310679,0.006689558744337631,0.0017599511808219503,0.0003061916853441815,-0.0004520440796156322,-0.002456605491856223,-0.006514631671313609,-0.0008560864898532472,0.005598987590482274,0.003587853797827556,0.004740973304043994,-0.0002174795242346761,0.0013546160321604717,-0.011193877473735903,-0.006352784803015155,-0.3427000000000078,-41.0,0.002220988000000035,0.0025353989831842227,0.0034197676969718316,-0.10000000000000053,0.40000000000000036,0.05094985502984084,-0.08547045777088957,0.017732615837323884,0.04238777834998242,-0.0034722257107491217,-0.041883377956176915,0.0017978793171486984,0.0008047949266369869,0.006227224108773299,0.0,0.0007518579920997581,0.0013253812410685128,-0.0001486436271775915,0.0020379850466945015,0.00036840705302054744,0.0008657228424180374,-0.002489981912205508,0.0021071862822630294,0.0011234808657967221,40.6,0.0,41.4,7.2115567333138015,5.056245805348308,5.517452896464707,6.39024066706535,5.8664680569332965,7.231287004327616,5.075173815233827,5.68697535633982,6.380122536899765,5.820082930352362,0.020416615512296232,-0.00311575744336956,0.02954230042156958,-0.0010268033367140106,0.0031196125936485686,0.0,0.0019400354757239668,-0.001991838730742046,0.0022889495396469783,-0.022744863328027165,-0.04152255469492161,-0.03814616755793221,-0.0036807711754560657,-0.004387231764344968,0.001288497549208678,-0.0004770590000000019,0.030436872892877886,-0.053141612999999976,0.01880233719867075,-0.040000000000000036,-0.1899999999999995,0.1200000000000001,0.05999999999999961,0.14000000000000057,0.2599999999999998,0.28000000000000025,0.21999999999999975,0.20000000000000018,0.07,-0.22,-0.15,0.36,1.08,1.33,2.17,2.84,-0.0022621577903692014,-0.003047038263543911,-0.0031771094490977703,-0.01710506117145183,-0.07716108220863527,-0.01775737604924643,-0.0006334767990034962,0.0007509705655897037,-0.008264980915067888,0.0017263678309991093,-0.0014139258327698911,-0.0023163046299545798,0.0011235438326862024,-0.000634619453849794,-0.001940274057022684,-0.0006503675305298273,0.0001415148664705157,0.0045813710952335995,-0.002233420884667936,0.00013042335207202882,-0.001491733295971187,0.008437506330754907,-0.003879830489541991,0.5,0.011097867617149149,-0.005427890765288268,0.01001080416668021,21.0313
1997-02-01,0.003134752023091991,0.004590133404965613,0.0021125498423204547,0.02021365751513038,0.00864780184749847,0.011697014836674846,0.010149665634986427,0.009124911707169225,0.0057365187423839,0.01690909930293749,0.0013145106447707278,0.016297049331550184,0.013631322828983272,0.022484655059177072,0.009982916852213641,0.013706302372149537,-0.0037643621662155624,0.005108739109927818,0.6611000000000047,177.0,0.029662651999999956,-0.00041350386033833786,0.0,-0.09999999999999964,-0.1999999999999993,-0.07880465397713188,0.060332980003537706,-0.010227890183256427,0.018600634169549046,-0.0363032340069287,-0.05533810388470428,0.0025675011429786565,0.0028750231202128163,0.004424394439746848,0.008247831260453253,0.0010978535179475557,0.0017959265661708912,0.0,0.0024931808105996822,0.0009817557853111225,0.00273652164650251,0.000182062630047497,0.0025227763905544265,0.0002551606249969751,41.0,0.09999999999999964,41.6,7.303843225277705,4.844187086458591,5.883322388488279,6.467698726104354,5.87493073085203,7.275864600546533,5.153291594497779,5.707110264748875,6.411818267709897,5.8916442118257715,0.0067198684313503065,0.050569729396864105,0.07309694819723589,0.0050440979772012895,0.002904137337566226,-0.020000000000000018,-0.0021297375875191094,-0.0011347432624546627,0.0012047943959556662,-0.00024663377172462475,-0.03888144342966182,-0.04354026195458427,0.004020122881707167,-0.0015911808070718791,0.000350015029139783,-0.00024264100000000177,0.041127865097629446,-0.07194719900000002,0.0282934463833997,-0.05999999999999961,-0.040000000000000036,-0.020000000000000462,-0.040000000000000036,-0.08000000000000007,-0.1299999999999999,-0.16000000000000014,-0.11000000000000032,-0.14999999999999947,0.09,-0.18,-0.13,0.34,1.01,1.23,2.12,2.75,-0.0030103493861455277,-0.004563322097266287,-0.0023712295398201633,-0.12937242529578885,-0.11640758467152601,-0.0152974537976176,-3.5421475219621357e-06,0.002249045703202057,-0.0020644559333167223,-0.0008676557492881543,0.0014079536036355478,0.002316900924165921,-0.0016992162766049645,-0.000629885836437083,-1.6585075020003615e-06,-3.7316457461855634e-06,0.0007826407827966619,0.0016489099821006548,-0.00022339973472806918,0.0010089883213835193,-0.0014754259317211194,-0.009118411948803917,-0.0023121397583794057,2.299999999999997,0.0014779909653004353,-0.00698329697194211,-0.004915210708702489,21.6478
1997-03-01,0.004696592375049491,0.004650980460596088,0.0026729279317221355,0.00045575125057517596,0.003272933922165322,0.006281750254970575,0.007904311780862372,0.00957740115450001,0.007136008908837255,0.012960069344979175,0.004805809498444447,0.014599003374939024,0.004239469053572087,0.01080151310210642,0.0031235415257100385,0.009540176898705788,-0.056548990959341516,0.01150918901696052,0.3119000000000085,-40.0,0.0034774910000000547,0.0036197333203773496,0.004611402904842521,0.0,-0.3000000000000007,0.020579254696334814,-0.014530170165722112,-0.014117881545784527,-0.018600634169549046,-0.009968365280891511,-0.004217767714832732,0.0025773210143000824,0.002235108995863655,0.0001765692597510693,0.005055358103698282,0.0013850417726626318,0.002263938331367399,0.0,0.002660023276687795,0.0022870221517941047,0.0025497392252127327,0.002112302494818863,0.0027956406242672927,0.0005101260121858076,41.3,0.09999999999999964,41.8,7.284134806195205,4.997212273764115,5.697093486505405,6.464588303689961,5.910796644040527,7.269616749608169,5.030437921392435,5.703782474656201,6.472346294500901,5.817111159963204,-0.0050936919992210505,-0.015708353751092474,-0.019966024130575022,-0.001819962819142873,-0.00036020559816307696,0.0,-0.0036347173266850774,0.0008198484052233113,0.003233297461133766,0.010842438854901992,0.040219983307363094,0.038883399209486136,-0.0007771044897779689,0.006677727013832957,-0.0002605017323036307,-0.0003263509999999886,-0.00783380825560176,0.021510849,-0.02099423888027241,0.1999999999999993,0.13999999999999968,0.1299999999999999,0.20000000000000018,0.2699999999999996,0.33999999999999986,0.27000000000000046,0.2400000000000002,0.23999999999999932,0.03,-0.25,-0.13,0.41,1.15,1.3,2.16,2.79,0.0015043232971914122,0.0038037322392474593,-0.0023768636541996457,0.00810866433341495,0.06861366716709405,-0.0003523287415783116,-0.0012543107536444609,-0.009798541819689532,0.0013726734017689424,0.0017152459437683731,-0.00422684201005552,-5.962942113413305e-07,0.0005591022561084458,-0.001249608564774185,-0.0012870014646466643,-0.0012874144939871712,-0.0010290821685332574,-0.001125410640262281,-0.0035893425219786224,-0.00010680327934142753,-4.816222321402108e-06,-0.0038772225390024673,0.003841725815998398,0.29999999999999716,-0.017489534494778525,0.009729583351623106,0.012016350850641011,22.3035
1997-04-01,0.0007373105845012162,0.0015066312129761172,-5.133514148258911e-05,0.003335482087305053,-0.006859309553393089,0.0008245490621021645,-0.002004177749816094,-0.003810816576856446,-0.010179536432128877,-0.02562731104046634,-0.003946830224386133,0.008568043970367256,0.004384629741281287,0.006525951244614525,0.0024005190295799395,-0.0008311260879834137,0.05587045810316127,-0.008092496724494858,-0.5539000000000129,-40.0,0.005900522000000019,0.0009194320764507324,0.0019532315905461672,-0.10000000000000053,0.09999999999999964,-0.06469226085653013,-0.0589579099598625,0.03080038150572051,0.0566642206003376,0.006354991882377092,0.023515935116341424,0.002415331562758638,0.001094644770805786,0.004228336109521003,0.0022579254056580567,0.0005188964917941519,0.0015064497717602876,-0.0010411245084114285,0.0027341722281466474,0.001548934398462265,0.0025253669380447263,0.000970721308133804,0.0041788610749655675,-0.00025503047752550856,41.3,0.0,41.8,7.307872780763706,4.969813299576001,5.66988092298052,6.561030665896573,5.860786223465865,7.259116128097101,4.859812404361672,5.7430031878094825,6.470799503782602,5.811140992976701,0.00091021860453111,0.03797635686433054,0.02873432245555918,0.0039902089371484095,0.004206502815240043,0.0,-0.0021940298164491168,0.00021727394877224526,0.0034291177810743534,0.0016931092746412801,0.01673215905383607,0.01671940928270066,0.0021972104842618023,-0.00019048948527711218,0.010516549691169885,0.001252843999999989,-0.03628722968088827,0.074612766,-0.04932242174449142,0.1200000000000001,0.17999999999999972,0.020000000000000462,0.11000000000000032,0.1900000000000004,0.21999999999999975,0.1999999999999993,0.1800000000000006,0.16000000000000014,0.09,-0.35,-0.14,0.48,1.25,1.38,2.22,2.83,-0.005297592096955128,-0.007651146735519809,-0.000805923740075265,0.08404523725585467,-0.005916280584258082,-0.024507612361648334,-3.916034732043272e-07,0.009042969437691895,-0.003460916670627867,-0.0012957607586567832,0.0007019881666199268,-0.0030894009189434968,-5.049880191343448e-06,-3.8867925056251806e-07,0.0,-4.1249896653994256e-07,-7.223769842301664e-05,-0.007710658235688506,0.004314682044255669,-0.00012247276562149523,-0.0014625213580767848,0.005812082865297885,-0.0046088911777513175,1.4000000000000057,-0.014018758791989328,0.007031589453966092,0.0027520076258307213,21.5077
1997-05-01,0.004542352044017761,0.005388903546661439,0.0006158478366256048,-0.00024556462602021156,-0.0075344903561340715,0.00561566586020934,0.007092304925547133,0.007899133523717516,0.007675518725775099,0.010803619609653481,0.006442380890047339,0.0112350063409421,0.0037586864738941017,0.010761945043680221,-0.0009454687726355715,0.007157792023294363,0.014579902455942317,0.024282194909139854,0.09120000000000061,-258.0,-0.01779705500000006,0.0007569772717097578,0.002482532683641736,-0.1999999999999993,-0.1999999999999993,0.035444709172273825,-0.06071024192008778,-0.02560065341115081,-0.0009341429917970601,-0.05010324307490155,-0.009834129653718549,0.0021810615789732424,0.001849750390793048,0.0038603311669795914,0.005018613977211928,0.0007490421254257029,0.0015041837939975267,-0.0004465282503307577,0.0022609648637832436,0.0011804694754093958,0.001912166065366705,0.0008791209357408292,0.0029148469524020726,-0.00010203040514866757,41.2,0.0,41.7,7.273786317844895,4.804021044733257,5.736572297479192,6.46302945692067,5.910796644040527,7.254177846456518,4.882801922586371,5.666426688112432,6.42648845745769,5.926926025970411,0.004219002421908868,-0.031919590548538324,-0.03126935655732588,0.0003067494033803797,0.0038600325527546886,0.020000000000000018,0.007956972065748857,-0.0009418204318940582,0.0031707494290973415,-0.00368090477116656,-0.04675685110726935,-0.04203453533312085,-0.003472725869411164,-0.0012633580611431938,-0.010662530081181565,-0.00016296199999998873,0.086665517615657,-0.16000965700000003,0.07588270644349837,-0.009999999999999787,0.0,-0.11000000000000032,-0.07000000000000028,-0.1200000000000001,-0.1899999999999995,-0.17999999999999972,-0.15000000000000036,-0.14000000000000057,0.1,-0.45,-0.2,0.37,1.07,1.21,2.08,2.7,0.0037726852327679694,0.004574221231041342,0.002379363101498555,0.009200423456947604,0.1171736907564438,0.009612400891578332,-0.0006255865077342548,-0.002268385755936464,-0.0021148543049500645,0.0004226738446613254,-1.9949587386491885e-06,0.0023174981403624173,-0.0005644678343506015,-0.0006232471376561577,-0.0006432936857416749,-0.0006420545966951963,-0.0014374082139729794,0.004756276991457753,-0.004611105167855456,-0.0015708393806361798,0.0029106781908301294,-1.4945908267005592e-05,0.0038323018611299275,1.7999999999999972,0.050102473439739725,-0.008449059969732886,-0.020218431766680922,21.9276
1997-06-01,0.0036303832728012964,0.0039041958822600975,0.004930194143297761,0.01337226278957182,0.013933844747045399,0.004616068191577227,0.0032885407634593022,0.003950039465168587,-0.0008783654723414358,0.019310655139163302,-0.009105104654287821,0.01594971734688233,0.006296497800694745,0.011390921892055594,-0.0024457682977576667,0.006333141850508817,-0.0614840800470402,-0.001350142459720871,0.0033999999999991815,399.0,0.04550315599999999,0.0006756508904643965,-0.00040173674422661065,0.09999999999999964,0.09999999999999964,0.013755375068485343,0.053837362632325636,-0.01711882033178025,-0.058698907102343156,0.023508369844778443,0.005236420405088538,0.002160030509683608,0.001049472211848368,0.0010502363997018094,0.0,0.0014388905760363002,0.002626889586384351,-0.0004467277268833669,0.0024276275805412695,0.0015040958952585726,0.002229217932974592,0.000961960801086903,0.002076843944839979,0.0030055293758817214,41.0,-0.1999999999999993,41.6,7.309212365692763,4.736198448394496,5.720311776607412,6.566672429803241,5.8971538676367405,7.2456550675945355,4.948759890378168,5.707110264748875,6.436150368369428,5.817111159963204,0.002129434907546468,0.03635662811327656,0.06626994985536072,0.0031331999556520884,0.006015048369922837,-0.010000000000000009,0.002253724862315565,0.001168529236547755,0.002422750389465378,0.0027606536041391294,0.05343325257027942,0.048732156618105815,-0.0018436672217863048,0.00016821516346521292,0.0014547606254193823,-9.532200000000879e-05,0.05055540683178439,-0.08571331100000013,0.038247208571059677,0.05999999999999961,-0.040000000000000036,-0.1200000000000001,-0.16999999999999993,-0.17999999999999972,-0.1900000000000004,-0.21999999999999975,-0.16999999999999993,-0.17999999999999972,0.0,-0.63,-0.43,0.13,0.82,0.93,1.85,2.46,0.0007567001415189623,0.0007630023740814451,0.0015936258352775567,-0.03892801839531401,-0.13780860431371877,0.012417967756603865,0.0018744147943507983,-0.0037546007465065756,0.009045452725696457,-0.0012856141819206357,0.002120391417966161,-0.002322881416139566,0.0011138763559737086,0.001867414174795634,0.002571934592147329,0.0019236940847386919,0.0017354348435336675,0.0007469121922225597,0.00013055101837711192,0.0025479476424488112,-0.002187905850659533,-0.0012944217185921758,-0.002300318106455368,1.2999999999999972,-0.0006474774560913943,0.0083208613717769,0.00936301298327713,22.7433
1997-07-01,0.004495309690971894,0.0050401181609327494,0.009299241266417901,0.010076627509937097,0.01163703870257038,0.0083550285512759,0.007779400133173908,0.008385607151574881,0.009320261660866969,0.00040257181525404917,0.013019682149686851,0.006055463252799598,0.009088344901730494,0.007958590572487267,0.01067602817765767,0.007596245576063865,0.030932503248181753,-0.03009019476184882,0.0905000000000058,-149.0,-0.007937415999999975,0.001950948221928428,0.003163167962989988,-0.09999999999999964,0.8999999999999986,-0.06448647981675037,-0.037952552092302305,0.016175424035397512,0.03122204826136077,0.0018570107472122288,-0.016260520871780315,0.002407209776317032,0.0011741027849954122,0.004364151117878912,0.004134372814137421,0.0001150218542793624,0.0017786103448447221,-0.0025352336299295786,0.002703904145457514,0.0014207142492388414,0.0034321822693215154,0.0010236805339651767,0.004966897628335687,0.0013216084880003365,41.1,0.09999999999999964,41.6,7.270312886079025,4.990432586778736,5.703782474656201,6.48768401848461,5.808142489980444,7.272398392570047,4.912654885736052,5.659482215759621,6.489204931325317,5.883322388488279,0.021603884287229036,0.022800743458176953,0.028443948037429223,0.004158354614517634,0.0020541405159075765,-0.010000000000000009,-0.0027226840659704266,0.00026187322298376614,0.0033166168184921574,0.0010218958563754654,-0.01726022654189574,-0.01739651220915417,-0.0013221942342394044,-0.0041774429709562355,-0.0032688692658364715,-0.00046972500000000417,0.054410115511180024,-0.08548781799999983,0.04270038445444735,-0.040000000000000036,-0.04999999999999982,0.1200000000000001,-0.009999999999999787,-0.15000000000000036,-0.2599999999999998,-0.27000000000000046,-0.27000000000000046,-0.2699999999999996,-0.01,-0.47,-0.4,0.02,0.6,0.7,1.62,2.23,-0.0015290380838282047,-0.0007796601565992489,-0.0023952107259548328,0.026940784031186382,0.10676014944614387,-0.05087152480111179,-0.0006267539961957169,0.0030030035671941846,-0.004182643559994759,-1.6380518728098536e-06,-0.0014139272416393567,-0.0007827111420137811,-7.785126763693029e-06,-0.0006244059351985243,-0.0019286409064056542,-0.0012832842005394696,-0.0006832804863154962,-0.0001370656838632911,0.002599033416650798,-0.0020108945657648647,-0.0007270068606164415,-0.00256410396893747,0.0007630657851316336,2.5999999999999943,-0.006280218451079733,-0.013921703510662908,0.0035142459583648034,23.2477
1997-08-01,0.005922572317794916,0.0064561112734971005,0.006051252244485994,-0.002838274577280586,0.0026462204205355278,0.010088549736609664,0.01003966731299677,0.012341931342205292,0.008838631018924126,0.021413068111330702,0.0036804976384230415,0.021957959066250865,0.01015856491428302,0.017779042662116495,0.0021309849360982014,0.012266734046708194,-0.013569062699949619,0.01729477025507986,0.45650000000000546,71.0,0.015438542000000055,0.001032607792371465,0.001447089140730995,-0.10000000000000053,-0.3999999999999986,0.04993933906953085,0.012339976235575811,-0.05579909606354416,-0.11382832980113111,-0.002786810907179138,0.030596590709183857,-0.00016246689772714262,0.0037645922236642093,-0.0022669815271552096,0.004973001760429696,0.003616432861431207,0.005316928714254487,0.0008955224479070267,-0.001108926974872304,-0.004431171752496965,0.002039495976205785,0.001981706375669745,0.0034347770252836085,-0.0035111859597716233,41.1,0.09999999999999964,41.7,7.237059026124737,4.77912349311153,5.645446897643238,6.456769655572163,5.860786223465865,7.278628942320682,4.948759890378168,5.733341276897746,6.439350371100098,5.921578419643816,-0.008414170732219617,-0.00874888358564796,0.002610110449865033,0.005451533481931392,0.0011991401111615119,0.0,0.009718477275566961,0.003928962073503683,0.006031725504646701,-0.004466460165857278,0.010745787342032909,0.008653394684946969,0.0035529955494046916,-0.0008510980415508129,0.0016837031246392797,-0.0004622239999999972,0.0021052298426464944,0.0026456589999999114,-0.009428160149414833,0.020000000000000462,-0.009999999999999787,0.08999999999999986,0.07000000000000028,0.019999999999999574,0.040000000000000036,0.08000000000000007,0.08000000000000007,0.07000000000000028,-0.04,-0.4,-0.35,0.02,0.62,0.76,1.68,2.28,0.006863541527552641,0.007730376756797774,0.003992655155111713,0.005633817718256218,-0.008545325294482709,0.04000725516338921,0.0012430005142967104,-0.00601278763009816,0.007658489951347214,0.00042380753492654577,0.004236794324343762,0.0007700523762252942,-0.0016739460817092322,0.000618611907102995,0.0019249284095845809,0.001917136266917474,0.00019838626470569665,-0.0004572539619811522,0.0030625481134292087,-0.0006574168861668284,0.004337875736848407,0.0051085679427225195,0.0038014013700307103,-2.6999999999999886,-0.013529831056031227,-0.0009987133986761876,-0.011915805865959861,25.1538
1997-09-01,0.003018923759093184,0.0033776876716391513,0.00020107912531308614,0.008051571580196537,0.004364472433360689,0.00918720702907816,0.007927647689346173,0.007354100689514809,0.007635452970101042,0.007693933057320912,0.007629219664115894,0.00830759699493644,0.010795891804352031,0.013123487214466323,0.0089450769513153,0.00907569793721219,0.002407958580924685,-0.0050953785617018355,0.17419999999999902,240.0,0.031187065999999986,0.00041713472958626596,6.922304822509773e-05,0.10000000000000053,-0.09999999999999964,-0.020404788757026893,-0.008526816229161405,0.03433392658471757,0.07364654016829864,-0.0009306654929526204,-0.046332556640999556,0.003932400301568606,0.001835322113572957,0.0036594969828094293,0.004778166087373137,0.000744622997432387,0.0011157602273286216,0.0001491758039602331,0.004438390748330079,0.007873097767973292,0.0012747877080467873,0.0005763909062039829,0.003012875464520448,0.0031555400777047993,41.2,0.0,41.7,7.343426229147367,5.0369526024136295,5.755742213586912,6.573680166960646,5.886104031450156,7.309212365692763,4.927253685157205,5.717027701406222,6.483107351457199,5.986452005284438,-0.008723782017780124,0.003001660768621406,-0.003957862795838096,0.0055755460990809524,0.006188865866603166,0.0,-0.016997965056874342,-0.004541784361302703,0.0014616917621355086,-0.00021672820387497183,-0.019375920114891088,-0.013019900028294007,0.0018505312280634456,0.004723171690923067,0.0016116796040233083,-0.00014616600000000313,0.010492194994316861,-0.01114107299999989,-0.0008324048447927446,0.0,0.009999999999999787,-0.1899999999999995,-0.10000000000000053,-0.040000000000000036,-0.04999999999999982,-0.08999999999999986,-0.0699999999999994,-0.1200000000000001,-0.03,-0.59,-0.45,-0.02,0.57,0.67,1.61,2.16,-0.0022915202939497448,-0.002326434336617389,-2.5477593403877563e-06,0.00923634476119517,-0.022216500546562656,-0.014275912982983918,-6.187984790351209e-06,0.006017310227538708,-0.0007211912252094166,-2.8947785981614516e-06,-0.0014178975003806826,0.0007754774630264194,0.0016631195050615943,0.00123339934652833,0.0012750743210858673,-6.524359511317357e-06,0.0016149460700800589,0.0015857965809118468,-0.0001466780966454806,0.002239676799963952,-0.003621340639645698,-0.0012941958672518794,-0.005329285548083984,1.5999999999999943,0.00010768153653195611,0.004880870067218268,0.01728157858268098,25.5928
1997-10-01,0.005237780388046787,0.006076146326734033,0.0050972343029824785,-0.0028997451582082334,-0.0020689003094105374,0.008894567866788883,0.013076112635567405,0.014293666155314355,0.015619821702673065,0.012985225278805856,0.01671090749451576,0.014109224942709275,0.00354002576545831,0.013543125878097584,-0.0021406801741594705,0.009152250770388726,0.07099018050138906,-0.0015005722676617594,0.16339999999999577,-94.0,0.0075502429999999565,-0.00030734556127498536,0.0012298328209023879,-0.20000000000000018,0.20000000000000107,0.03651199222314894,-0.06688825072978499,-0.06164973723168021,-0.08773891430800695,-0.03795522000043583,-0.016793677365836146,0.0027959614173873604,0.0023725791062609858,0.0,0.0015310031058906048,0.0027445840317312786,0.004080502740594127,0.0005964807811817963,0.0028979569142855155,0.002664407534812341,0.0031622395202415277,0.002773138402694997,0.004093892180659253,0.00299363442486289,41.1,0.10000000000000053,41.8,7.326465613840322,4.7535901911063645,5.780743515792329,6.551080335043404,5.940171252720432,7.312553498102598,4.897839799950911,5.6937321388027,6.517671272912275,5.968707559985366,0.011859059927012083,-0.00019120674005890237,0.01766464876164342,0.006288072327581773,0.0037458720569159,0.010000000000000009,0.006623218787774832,0.000861457077361294,0.002957443361260914,0.0025098434272647907,0.0020259811899867586,0.006460022072534932,-0.004303450662667352,-0.004754804431930992,0.00165009681575512,-8.915799999999197e-05,0.014977665619887226,-0.018360289000000085,0.0044164851726034016,-0.040000000000000036,0.040000000000000036,0.019999999999999574,0.0,-0.05999999999999961,-0.1800000000000006,-0.17999999999999972,-0.15000000000000036,-0.1299999999999999,0.05,-0.53,-0.41,-0.04,0.43,0.53,1.5,2.07,0.000756127991345501,0.00076183990378631,-0.002392027042835032,0.030223139808654764,0.07869998790955623,-0.02712126286477634,-0.00062516073747787,-0.003012048762075281,-0.005536823260318791,0.0008445727245467438,-0.0021119332031434013,0.0015600627189016336,-7.681899309552875e-06,-0.0012425953759898078,-0.0019228633489030145,-0.0006420170756804566,-0.001108252897143558,0.000851852805311637,-0.002607745997536881,-0.0009869956931272128,0.005736820410104926,-1.4494165695655425e-05,0.009070356969964166,-0.4000000000000057,-0.019920007028266795,-0.002685976158392833,-0.00518166973167844,25.6252
1997-11-01,0.007119026899529146,0.007950915636135036,0.004092366637657996,0.010581061414031367,0.0026245137556575315,0.007959481852042316,0.005519868971539665,0.006545425594187471,0.002020995110384227,0.02452005956726122,-0.007221928693635249,0.017857704976772304,0.011103517327182288,0.020180975909758203,0.0043669578625022965,0.009747063588459781,-0.001598582059957998,-0.028289160067237695,0.20000000000000284,298.0,0.063770306,0.0023977145488576213,0.0036345273723057403,-0.10000000000000053,-0.7000000000000011,-0.034493013140391326,0.03055584574488801,-0.07064258316162153,-0.04123146698895308,-0.09744010606214992,0.014729693144985845,0.002474281242804466,0.0024499129870321212,-0.0006960153404351743,0.0027160091386200236,0.002452309535460273,0.003971741239190862,0.0,0.0024801500802418275,0.0023356028818923846,0.0017622702595829765,0.002951863302248725,0.003670227731772613,0.001164586576848592,41.0,0.0,41.8,7.31986492980897,5.14166355650266,5.616771097666572,6.501289670540389,5.986452005284438,7.292337176173877,4.948759890378168,5.6937321388027,6.480044561926653,5.937536205082426,0.011185604971307939,0.07258705931301535,0.15345185675208484,0.02436198875956208,0.0017657809795039725,-0.010000000000000009,0.00618062203199532,0.0007991675176644009,0.0043996922573086295,0.009514522516686164,0.03044982955523201,0.024209753458536265,0.002523788715230957,-0.0014952823111871183,-0.0053271259260894155,-0.000729658000000008,-0.012952013787010053,0.0271166570000001,-0.01783275878716406,0.019999999999999574,0.08999999999999986,0.16999999999999993,0.08000000000000007,0.0,-0.1299999999999999,-0.15000000000000036,-0.1299999999999999,-0.15000000000000036,0.12,-0.38,-0.35,-0.06,0.28,0.36,1.35,1.9,-0.0045540816641036486,-0.005375463011063175,0.0023907562082960965,-0.024150128442863128,-0.12428163424700855,0.018765875997759807,-0.0006216886698338087,0.0015060243810376406,-0.0048531734299377405,0.0008381364382774592,-0.000703482266085409,-0.0023446669592548375,-7.639492939581771e-06,-0.0012357111775562757,-0.0006391808274353039,-0.0006383565144698622,-0.0012453333732773686,-0.004240255411060545,-0.001603023164241435,-0.0004924758223561199,-0.00503515818375444,-0.0006443057109652983,-0.006065095504500739,1.6000000000000085,0.016987146155798882,0.0027465652215941105,0.013237611093370738,31.5452
1997-12-01,0.00611701192947578,0.006215060403434336,0.00569471964597934,-0.0025213205427725427,0.0032104286262892856,0.004270060491761818,0.002225316854906012,0.0005547324164982825,-0.0031995970758327275,-0.002436255790166264,-0.003508505230895409,0.00647954766168457,0.006901981198621954,0.007772584388794357,0.008291173964428467,0.005085200026843317,-0.01595300771609587,0.01683257075800526,-0.19540000000000646,-319.0,-0.069439064,0.0014154593850079777,0.00019898060769918402,0.10000000000000053,0.5,0.02194382884589352,-0.04541648304500434,0.045193274092257596,0.04232257457128785,0.04787594804602868,-0.004300396848000432,0.002580584354427984,0.003022964390806848,0.0038221033325571696,0.006589531320630115,0.0018210794925757057,0.002853594240905366,0.0001490646197872536,0.00247401415070847,0.0016477447714855487,0.0016712850791709144,0.002681604364383361,0.004062294008878808,0.00025299162732750347,41.3,0.0,42.0,7.356279876550748,4.890349128221754,5.808142489980444,6.561030665896573,5.973809611869261,7.283448228756631,5.003946305945459,5.726847747587197,6.431331081933479,5.937536205082426,-0.01299221135640316,-0.09551942093980337,-0.22681022095930992,-0.007232455145281591,0.005156289218881227,0.010000000000000009,-0.0036549378014347766,-0.0011218398426606768,0.00385899100110354,0.0030472968611459095,0.010118595750589154,0.008253965233442129,-0.000985050356870687,-0.0012994461762803056,0.008700351555347652,0.0003417230000000021,0.02466871354409772,-0.034186872000000035,0.022779487337702964,-0.019999999999999574,0.0600000000000005,0.020000000000000462,0.07000000000000028,0.07000000000000028,-0.03000000000000025,-0.07000000000000028,-0.11000000000000032,-0.09999999999999964,0.2,-0.34,-0.26,0.03,0.27,0.31,1.26,1.82,0.000756127991345501,0.0007648021321866594,-0.0031872516705551135,-0.08329640456229548,-0.043571971772454976,-0.011726717617958293,-0.0006193858790188855,0.002258186883591584,0.004153198935773261,0.0004092060186691171,0.000703482266085409,0.001561888054314231,-0.0011077075586980456,0.0006155731065824455,-0.0012759171086642596,-0.0012706482014550602,-0.0002687044548386197,0.002289434614484165,0.00030470149031103233,-0.000994212221697488,0.0021298872341306563,0.0024994852845354742,-0.0007572275475808965,-5.1000000000000085,0.0056767806161186485,0.011678592564956958,-0.015110130486883477,26.4731
1998-01-01,0.008899754424968265,0.009698621241158278,-0.0008917955406726463,0.0019395573857234893,0.0017546593721569081,0.00443491393825024,0.005636058508988739,0.00745071612857906,0.004408820714495221,0.0042327124176448905,0.004486312015389515,0.01309462317117216,0.0028681940384620574,0.007634848115707804,-0.0011542941595426015,0.0076048442510945335,-0.08436525876908085,-0.003552566036348459,0.012200000000007094,189.0,0.041695021,-0.00043755698054503966,0.0003595952679287251,-0.10000000000000053,-0.3000000000000007,0.02069982130494541,-0.004138650501266383,-0.03642609464872404,-0.09008937177438181,0.01111684010633951,0.025062388296429816,0.002101346597010334,0.003178734073781442,0.0034620079584257724,0.007549738066325418,0.0017610138899293304,0.0034868818591871076,-0.001043919265631743,0.0018415569840595225,0.0010435062754563518,0.004122270451812682,-0.0012192729271696123,0.003372684478639698,0.0002023472285337391,41.1,0.0,41.9,7.329749689041512,4.997212273764115,5.84354441703136,6.467698726104354,5.961005339623274,7.349230824613334,5.153291594497779,5.817111159963204,6.484635235635252,5.968707559985366,-0.015183346513722995,0.002976517605926432,0.03154603816063961,0.0014522379861574564,0.002683162696371255,0.010000000000000009,0.00027766402344031604,0.0012626674030435936,0.00452335498956824,-0.021248801244802884,-0.03804898519983313,-0.03438027478810113,0.006130811425400395,0.0010540817923052614,-0.012474531191903893,-0.0013647859999999928,0.0010281816113533182,0.0035350219999998878,-0.0015122494410704235,0.05999999999999961,-0.2599999999999998,-0.1200000000000001,-0.20999999999999996,-0.29000000000000004,-0.34999999999999964,-0.2699999999999996,-0.14999999999999947,-0.1299999999999999,-0.12,-0.52,-0.53,-0.32,-0.14,-0.02,1.05,1.63,-0.003820572579628312,-0.006189551889505651,-0.004806396010190284,0.005627249316274785,0.004216976081454327,-0.002564591199297084,0.0006170925666610927,-0.0015065897042791931,-0.0034923420167292107,-0.002531103855806016,-0.000703977501793851,0.0015655578098812128,0.0005465736103484886,-0.0012322860462647967,0.0012759171086642596,0.0012690357033049438,0.0007070585795281303,0.0002102151216396564,-0.000687387441246301,0.001299204286760336,-0.00498449552116087,-0.004402709166879237,-0.003746161538904502,4.5,-0.00010421658268455758,-0.03100036690833896,0.012855833933696381,24.4275
1998-02-01,0.006965811514294984,0.007445952364204089,0.006472194723018632,0.013942130058826052,0.00041876137905205724,0.0017831813490172266,0.002288125929700513,0.0013134606431162155,-0.0011231635940101015,-0.0013376016627928422,-0.00103329314435463,0.004676359392326468,0.0011029223196041826,0.005198520045765598,-0.005273694468548307,0.001799298621807388,0.013967410325129492,-0.018979032759395054,-0.46869999999999834,133.0,0.028466498000000007,0.00012399391716222397,0.0006194247195576708,0.0,-0.1999999999999993,-0.00581509682851955,-0.005718757462345181,-0.013179762444409882,0.016568426347232545,-0.038939345705638395,-0.006872879287762146,0.0016411097582729184,0.0008651766941980554,0.0005182689932023976,0.0023372297784796103,0.00045395222932498314,0.0011900948903154074,-0.0007463243872045666,0.0018282448978190757,0.0006015278989561779,0.0011546941343851813,-0.00048260885489703753,0.0033613477027039096,0.0008089797185046876,41.2,-0.10000000000000053,41.7,7.367708572374371,5.247024072160486,5.929589143389895,6.536691597591305,5.793013608384144,7.4067107301776405,5.135798437050262,5.921578419643816,6.555356891810665,5.993961427306569,0.015462842026146006,0.03927852913473906,0.029783298988961704,-0.0009224913367837928,0.006358615915232235,0.0,0.0019478085878752438,0.0022685558966681896,0.008035366835541957,-0.0018560181992350877,-0.04124683082613556,-0.040209106898573155,-0.004409347835742317,0.00758239283254003,0.007653020261726873,-0.00022991799999999563,0.06079069339366594,-0.09031776000000002,0.05932679328652268,-0.04999999999999982,0.009999999999999787,0.04999999999999982,0.040000000000000036,0.0699999999999994,0.07000000000000028,0.03000000000000025,0.05999999999999961,0.05999999999999961,-0.06,-0.42,-0.44,-0.2,-0.02,0.06,1.16,1.74,0.004576081632489348,0.006951917456523127,0.0031845849914935442,0.037078984016980954,0.052310382549995094,0.014589478784439613,-0.001235330607991969,-0.001503194358624782,0.0006785315430404282,0.0016748587894950262,-0.0007054660014400582,-6.122635776151242e-07,-0.0011013163803825776,0.0,-0.0019142829139369155,-0.0012690357033049438,-0.0010181285627801628,-0.001176202459959974,-0.0018430855111821742,-0.0006843759784675996,0.0049693304263556115,0.0006232383540289987,0.005239246836625355,3.8000000000000114,-0.0328981728686113,0.009069867257426978,-0.011220084004151865,20.3863
1998-03-01,0.006235391277545688,0.006475488051467693,0.004438737254136349,0.004939651829719338,0.006020239067574096,0.00041980781957118296,0.0013616088323198383,0.0013040972777975668,0.0007266588990351153,0.002616366915346724,-4.0886656353933404e-05,0.004974290429495376,-0.0008455096373909399,-0.003998328454153821,-0.004972945848191301,-0.0015850901870182454,0.04532983752814701,0.007016808429155752,-0.7398000000000025,-36.0,-0.019669936,0.0009039614536572316,5.35125238538825e-05,0.10000000000000053,-0.9000000000000004,0.08099930226997909,0.027765279719196734,-0.020665354230268385,0.0023446669592548375,-0.041606000832463685,-0.012618463959212178,0.0011671504470669447,-0.000782746656645017,-0.002420889994379394,-0.00467993499986008,0.0005671506504096868,0.0012800586917460777,-0.0005974608094092559,0.0016366209916913732,0.0006812944858243242,0.001869175748819174,-0.00020690368707221296,0.004686985480123695,0.00030319874910134104,40.9,0.0,41.6,7.356918242356021,4.990432586778736,5.739792912179234,6.568077911411976,5.983936280687191,7.380879035564116,5.003946305945459,5.755742213586912,6.616065185132817,5.973809611869261,-0.008014001558422024,-0.024482175198373923,-0.03673195496512882,-0.009649415637044356,0.0049262767034292665,0.0,-0.004367313595146527,-0.0018366854118809783,0.006201019139695063,0.011026020154353944,0.058443253884564506,0.05538080750786345,-0.0036857989713965367,0.001232340289387679,0.0033492095224936236,0.00013089299999999304,0.05055895171946201,-0.07048451300000003,0.05016701046868688,-0.019999999999999574,0.040000000000000036,-0.05999999999999961,-0.03000000000000025,0.08000000000000007,0.1200000000000001,0.08000000000000007,0.04999999999999982,0.07000000000000028,0.0,-0.46,-0.45,-0.1,0.12,0.16,1.23,1.83,-5.86291736937028e-07,-6.027932837326944e-07,-0.0008184532469615036,0.00666628591107532,-0.0272734280939404,0.00494796993094937,0.0,-0.0015065897042791931,-0.0021356506125513874,-0.0004262164202044616,-0.0014154171323204068,-0.002347112187666589,0.0016412823843783286,0.0,0.000637550783110008,0.0,0.0006787856381844648,0.0022055803296447962,-0.0022037185781966784,0.001374115116209218,-0.002135953658426004,0.0012425948394971797,-0.0007582683835383186,-3.9000000000000057,0.05217703066418444,0.00787044185671526,0.007728914064983883,20.5431
1998-04-01,0.00379391334335466,0.004438553010436053,0.005329868776399849,0.0013551907000959318,0.012377867922836572,0.0034549339918532596,0.004257740560890788,0.00463682713200253,0.0064408904678403545,0.002979337692384121,0.007832301450640067,0.002161009455380558,0.0023525216762241286,0.004207900412258603,0.004850861448510102,0.004591567277104858,-0.009444532202297573,-0.0032785855080428306,-0.21569999999999823,21.0,0.06498176700000002,-0.0006268541603162703,0.0030150047837089744,-0.40000000000000036,0.1999999999999993,-0.05946000802298812,-0.027765279719196734,-0.1827731260046086,-0.363051874425925,-0.03887219001653097,-0.01277972664639826,0.002242538119235249,0.0031273171731012184,-0.007472447664278903,0.013313559938262998,0.0,0.0008220304614159346,-0.0013455933853574464,0.002029653428129663,0.0013211892623470334,0.0014649461985083434,0.0014749773501243624,0.003068100852670952,0.0012118765369262263,40.6,-0.2999999999999998,41.2,7.3395376954076745,4.882801922586371,5.8289456176102075,6.536691597591305,5.934894195619588,7.344072850573066,4.941642422609304,5.717027701406222,6.536691597591305,6.023447592961033,-0.010557853773613957,0.0225218504268625,0.04651850994300233,0.004221824359813553,0.0020729282152665007,0.010000000000000009,0.0004638776341439055,8.26604698325184e-05,0.005027307238021805,0.0009844124992133274,0.012882194929104696,0.013108842377135055,-0.006435523744237948,-0.006834785070383376,0.002554799753924364,0.0005460040000000027,0.032318495924197777,-0.037227685999999816,0.03304948408812969,-0.040000000000000036,-0.009999999999999787,-0.08000000000000007,0.019999999999999574,-0.009999999999999787,0.0,-0.010000000000000675,-0.02999999999999936,0.009999999999999787,0.03,-0.5,-0.39,-0.07,0.16,0.19,1.24,1.88,0.0022973839470097346,0.0023294944112333127,0.0032251557260840613,0.023975324973813272,0.09452796044326872,0.027703113438951377,0.001233806448929009,-0.0007606833336604168,0.0020909837159255318,0.0012429380131235845,0.002117396863563492,0.002347724451244204,-7.481509823215049e-06,0.0012307693861330904,0.0012775471529895555,0.0006339144427816024,0.0010881690117310328,0.0014568672045349729,0.006427854333825422,-0.0009104170144871304,-0.0021223920241508765,-0.0012519290243160341,-0.0052191544103457055,2.200000000000003,0.015532066197122774,0.0027961456719687305,-0.02596785825534731,22.5381
1998-05-01,0.004649910133327495,0.005445062301689063,0.007207851285554234,0.003409660716870988,0.004604065537700208,0.0065104227939620785,0.005873453290529795,0.00452782530464102,0.0036802815593750537,0.007939773626504554,0.0019656391107725213,0.006559441246520414,0.0073153313239577855,0.007916970591412387,-0.0019044846767659607,0.005406675474878497,0.013448136604255367,-0.009551611530508985,-0.1303000000000054,21.0,-0.010970256999999983,0.001617357067143388,0.0008836951217663369,0.10000000000000053,0.0,0.004934532692631777,0.01654639611440878,0.00944039377908723,0.09163032284592365,-0.05111449413675384,0.0006428801250013549,0.0031915217049220956,0.0008624053428682998,-0.006123717850529786,0.0062623803870103245,-0.0007373585881857991,0.0,-0.0019468370057680318,0.003751423521896058,0.003155773885504587,0.002002107233073147,0.003080776481160896,0.0035897133541968884,0.0029729683533368245,40.9,0.10000000000000053,41.5,7.336936913707618,4.990432586778736,5.683579767338681,6.561030665896573,5.961005339623274,7.348587530927593,4.955827057601261,5.771441123130016,6.583409222158765,5.908082938168931,0.014941071075641688,-0.0015544230883239862,0.00482612718134412,0.0004403807701116591,-0.0008512650368253105,-0.010000000000000009,0.002783828095687113,-0.0004472737769898316,0.003363582645549812,-0.004070002538502315,-0.05663087597254002,-0.05853716176296819,0.015539559248452406,-0.004510313845112357,-0.005560649894610137,-0.00014984800000000797,-0.0034044579000047648,0.013851160999999834,-0.0020098038853353373,0.040000000000000036,0.019999999999999574,0.04999999999999982,0.08000000000000007,0.0600000000000005,0.019999999999999574,0.010000000000000675,0.0,-0.03000000000000025,0.01,-0.49,-0.35,-0.05,0.14,0.16,1.2,1.81,-0.0030627877348550214,-0.00232889161794958,-6.545807069713305e-07,-0.020984706576178347,-0.0658674035676583,-0.04607470316384532,0.001229248983468878,0.006037740434504002,0.006376204333164104,-1.4027507941882789e-05,0.0035343207781437513,-0.003132956249893404,-0.0005516584501892297,0.001839543127124088,0.0019122482151106013,0.0025296440324105163,0.0001254113794626477,-0.007979311783203435,0.003989635069229891,0.000464496707781592,0.0035273405179681028,-3.476411485348052e-06,0.005960702669263185,-2.200000000000003,-0.04903633708173416,-0.002952251279396023,0.018671000138777316,21.4485
1998-06-01,0.0057903416541620345,0.006113264763170534,0.00661130185940717,-0.00400785689576999,0.007965658887425064,-0.005955243905794383,-0.004905072287174406,-0.006576790174396052,-0.010548197266645687,-0.047471153675238575,0.003785281006562613,0.0009848906291400894,-0.007416976504792672,-0.014192494007073897,0.0014757345214500006,-0.007397041576291841,0.042218226590570396,0.0025546473735706954,-1.145399999999995,-94.0,-0.03672557100000007,0.0006040163631926276,-0.0006169806989362314,0.09999999999999964,-0.5999999999999996,-0.03663413317978037,0.06405763630022054,0.07931967918570404,0.2356608877009032,-0.06144438562133203,0.08261010317878359,0.001833894203713271,0.0010667105302939461,-0.002284108873216617,0.007039400436333665,-0.0009082652758802823,-0.00036526345032150687,-0.001800450598894443,0.0020179654934562308,0.0011957909588176108,0.0007302062287664057,0.001317432843665145,0.003444624497673132,0.00020123761198931334,40.8,-0.10000000000000053,41.4,7.403061091090091,4.9344739331306915,5.762051382780177,6.648984550024776,6.021023349349527,7.346655163176539,5.043425116919247,5.749392985908253,6.532334292222349,5.978885764901122,-0.034635342217312015,-0.04788017387194721,-0.013336276344210418,-0.003412634752685051,0.00045962245838815363,0.010000000000000009,-0.005010449664705874,-0.0011086923371852464,0.0035079549537373467,0.00361534319016954,0.03715780809959357,0.03655913978494629,0.0036804908305212436,0.0004355140653018452,0.006707337345075892,0.0006809440000000028,-2.7065919047331022e-05,0.009060799000000008,0.002807936621545437,0.0699999999999994,0.0,-0.019999999999999574,-0.019999999999999574,-0.03000000000000025,-0.11000000000000032,-0.15000000000000036,-0.16000000000000014,-0.16999999999999993,-0.06,-0.58,-0.44,-0.15,-0.04,-0.06,0.97,1.57,0.000764816597231821,-6.027932837326944e-07,-0.0024347339220653907,-0.01543069621818649,-0.045912679839952286,0.006319561840530952,-0.0012337989776680658,0.0014924156292490665,-0.0007114777511754156,-0.0012538487829463207,-0.002121389604760715,0.0023501773449527974,-0.000548071987514831,-0.0018448221638056594,-0.0019142818783377535,-0.0019009320448235556,-0.0022158378346244234,0.00352457678519702,-0.004117958955566436,-0.0027412757326406023,-0.0042318139532318,0.0012341604363426129,-0.0059573735952951345,-0.9000000000000057,0.014041932033876492,0.016066817012575285,-0.015073490780845411,22.2231
1998-07-01,0.0018040782425057245,0.0025932846355836148,0.0006411078562971184,-0.005860033216215754,-0.006549389256022664,-0.003980472096672294,-0.003469672084911224,-0.007048922416492687,-0.00909570420203032,-0.04124745585701728,0.0027247176213665014,-0.006185988683856891,-0.004727196702647873,-0.005429182842074276,-0.0004217985176531158,-0.00427140944580362,0.01520441164212638,-0.000530568461704739,-0.8414999999999964,21.0,-0.0024737589999999088,0.0009671215800182154,0.0006474390205326586,0.0,0.0,0.018292006421312124,-0.03624294811734341,-0.02257149116217061,-0.08745278066044726,0.03975678860655396,-0.01490340550257585,0.001046431526484426,-0.006169812266863417,-0.007769772444660816,0.006828184552793104,-0.010619568827459958,-0.015370050861811535,-0.0028573596401422208,0.0027692959925911254,0.0016319385873515557,1.737936548096286e-05,0.0020687064266997623,0.004355005233477982,0.0025622360723183135,40.8,0.0,41.4,7.437206366871292,5.0238805208462765,5.7430031878094825,6.688354713946762,6.066108090103747,7.383989457978509,5.062595033026967,5.746203190540153,6.5998704992128365,6.0014148779611505,-0.010333676104181677,-0.01009791214504041,-0.022787817112433828,-0.002853113862551382,0.001932245956831835,0.010000000000000009,0.0014825743203656927,-2.216833903823101e-05,0.0022541789568490955,0.0027566163658994114,-0.01336814422092747,-0.011160714285714302,-0.009980343923098545,0.0024813877730780476,-0.0017958367402801656,0.000563727,0.04255886257725372,-0.054191300999999914,0.04601715858684363,-0.019999999999999574,0.0,-0.020000000000000462,-0.08999999999999986,-0.04999999999999982,-0.05999999999999961,-0.040000000000000036,0.019999999999999574,0.020000000000000462,-0.04,-0.58,-0.51,-0.18,-0.08,-0.08,1.01,1.61,0.00306454840781889,0.003104988827763222,0.0024314450596332193,0.028505624644482808,0.1144846817342211,0.0031111933176468654,0.0012247325068361903,-0.0030120351908600185,0.0007039648308309054,0.00040629886918441827,0.0014079536036355478,0.0023501773449527974,-2.6583211134578733e-06,0.0006099338427763001,0.0012710508084596839,0.0006283290653321671,0.0033141637208951025,0.004637480750131928,0.0018405418805897966,0.0035901389426484798,-0.0007059640340982831,0.002453494020115521,-0.003746116551745171,-0.3999999999999915,0.014127867841521535,-0.010746137548887091,0.009057148680651217,20.2518
1998-08-01,0.003774529729909659,0.004282387377365637,0.004556035025288452,0.01085046987211058,-0.004356367302399633,0.02038608124029384,0.0208819862473133,0.026882565822085702,0.028052135397367728,0.11042754005377375,-0.0032280822014696398,0.029980514646696044,0.01965413488585188,0.041286497700983915,-0.002842187377037675,0.024025897920634698,-0.023769353538544813,0.006277608827865322,1.4638999999999953,81.0,0.023126923999999938,-0.00013083392106061353,0.00046437449210756654,0.0,-0.40000000000000036,0.0015414261240840332,-0.021170145464208368,0.03059870314471702,0.06784430927207019,-0.0036607728496811376,-0.06321807199306662,0.0026745177283817867,0.007522077516878056,-0.003196025447774531,0.006942790461760495,0.008060641042897387,0.013541729665059066,-0.0009040229634820207,0.0015188710360991564,0.001589572739726819,0.0009727627226219226,0.0009165339246148818,0.0014474639016466284,0.0014540352031566783,40.9,0.0,41.4,7.3864708488298945,4.882801922586371,5.755742213586912,6.658011045870748,5.958424693029782,7.4109518755836366,5.056245805348308,5.733341276897746,6.672032945461067,5.986452005284438,0.03528098291958237,0.04907534779288625,0.04175658530374626,0.0016055094447242624,0.0021817487233466437,-0.010000000000000009,0.0018593928877512766,0.001208487981008588,0.004647748402942575,-0.0036319803638695802,0.013388030076119328,0.013418050628829392,-0.00024103256389107486,0.0013687919366534018,-0.0069932453763996705,-0.00028115599999999075,-0.0735002638137372,0.11181711000000005,-0.0693515408714509,0.009999999999999787,0.0,-0.05999999999999961,-0.08000000000000007,-0.15000000000000036,-0.1900000000000004,-0.1200000000000001,-0.03000000000000025,-0.010000000000000675,-0.05,-0.65,-0.6,-0.34,-0.28,-0.21,0.97,1.59,-0.004595942275246401,-0.004656579519181747,-0.0016293258375608133,-0.04288066251615241,-0.08277367920864842,0.007086457160497162,-0.0012292490656697908,0.010414516470207857,-0.0028253586711777245,0.00040276721509346913,-0.0014099387389423512,-0.0023501773449527974,0.0005389154626236348,-3.362611090906853e-06,-0.00063794928125116,-0.0006323020885048436,-0.0010883474962506412,-0.004068896337970251,-0.0005367751859726155,-0.000682175292065601,0.009143340678210876,-0.0024801180173912307,0.014934374785161797,-0.7999999999999972,0.01620684507386727,-0.002936308662578213,0.013742120955587467,31.4885
1998-09-01,0.0034215365970844402,0.003266186203537913,0.007405087071922445,0.009483279967032132,0.009142482863321533,-0.0009216435193915018,-0.0030346720183995757,-0.004436973583626269,-0.006655136040704335,0.0009062986162060582,-0.009722988102470964,0.0005463465655113353,0.0019035638979056912,0.007940186677949157,-0.008288501458354247,-0.001099378418460084,-0.000859644568609319,-0.024334038254213652,-0.5435999999999979,-212.0,-0.04895619299999998,0.005191125861927048,0.00452585670175587,0.09999999999999964,0.7000000000000011,0.010342938401231017,0.01114499884482889,0.03742138504814729,-0.045577508496318586,0.1131540280713832,-0.027896716581155445,0.0015634132963544545,-4.0950879425238895e-05,-0.008393655851841153,0.001607717388097285,-0.00034168565252734595,-0.00036606571288189116,-0.00030152269186700664,0.0019466582817777578,0.0016266940046794076,0.0013360055427416029,0.0015575475878044642,0.00249524064064488,0.0013018227354280043,40.6,-0.09999999999999964,41.3,7.366445148327599,4.976733742420574,5.749392985908253,6.569481420414296,6.016157159698354,7.3632795869630385,5.087596335232384,5.765191102784844,6.56244409369372,5.961005339623274,-0.002188368855826184,0.013255662878014718,-0.0012837374172018912,0.0008371473809258845,0.004166247677709123,0.0,0.00296708353016939,0.0032746841428004103,0.008580110735527668,0.002337688412268335,-0.01348835512937585,-0.011266345352124119,0.002396842713455527,-0.002552269212436009,0.005255411508226615,0.0005308629999999925,-0.05153722920428283,0.08569051299999986,-0.04674223309094483,-0.040000000000000036,-0.17999999999999972,-0.29000000000000004,-0.3200000000000003,-0.5,-0.6499999999999995,-0.5300000000000002,-0.11999999999999922,-0.04999999999999982,-0.19,-0.9,-0.88,-0.8,-0.89,-0.7,0.89,1.58,0.0022979711376232004,0.0015509869610284,-0.0008233053681871993,0.016010922141500572,0.1649363143495921,0.01960423427896263,-0.0006129319844907499,-0.026828286690935954,-0.0021228907634620597,-1.0811802502175283e-05,-0.002110942033964669,-0.0039200363800731,-4.690155157582865e-06,-0.0018320615811369123,-0.0025396828809522987,-0.0012586534071958866,-0.001955889882776951,0.0005168330684730549,-0.0036194230624726487,-0.001894874036424632,-0.007032868178511009,-0.00675582037043343,-0.004507537330868061,-3.5,-0.025621690859647828,0.007312598692440275,-0.011861707893266349,39.2471
1998-10-01,0.0018070537885268578,0.002016086928929184,0.0033665542034144735,0.008445068018893664,0.016624819859345052,0.006821843988766396,0.005531205908694048,0.006522428933369184,0.0034770771724206284,0.017133762104951877,-0.0021105773166363306,0.01123214797330263,0.008526694636850074,0.015261073676354542,5.3212045957096166e-05,0.008475672579114857,-0.005762724758737292,0.004127332375755799,0.2513000000000005,-37.0,-0.0035097560000000305,-5.062101134711838e-05,9.849044461240908e-05,-0.09999999999999964,-0.3000000000000007,0.07310027818950982,-0.03903936939554242,-0.06485452682830406,-0.06557532786601161,-0.0654122651861675,0.021478209308364526,0.0016161141892325759,-0.0005325140934857586,-0.009007446956998066,0.005926180553442961,-0.00256637056650888,-0.0016489560350478882,-0.004079479858704715,0.002128179648357431,0.0005548509971138316,-0.0004682662959858419,0.0006482628489230535,0.0030122477101865996,0.000800280140746068,40.9,0.09999999999999964,41.4,7.44716835960004,5.117993812416755,5.872117789475416,6.725033642166843,5.886104031450156,7.449498005382849,5.159055299214529,5.823045895483019,6.670766320845874,6.035481432524756,0.009261082960806633,-0.016085958983726556,-0.04660879010341468,-0.009507142702373628,0.0022462297892786864,-0.010000000000000009,0.001921853616315694,0.00019508274532142877,0.006948449290286263,0.0005324978188019358,0.008983705905018624,0.006736281736281713,0.01131055792140856,0.003503706941892837,-0.002451611971809875,0.00014527999999999763,0.011524108229345131,-0.016512912999999907,0.01570115611816636,-0.4399999999999995,-0.23000000000000043,-0.6500000000000004,-0.5800000000000001,-0.5899999999999999,-0.4400000000000004,-0.27999999999999936,-0.03000000000000025,0.08999999999999986,0.02,-1.11,-1.02,-0.95,-0.89,-0.54,1.3,2.11,0.0038270234233017675,0.005432082343545197,0.002447313068107526,0.050769812777554435,-0.15062391066561487,-0.014056860950087291,0.0018316875010704337,0.011904735502183073,0.004244284603808879,-0.00041915437018058554,0.0035179072624247354,0.002347709012120447,-4.6699062208332975e-06,0.0018287112685442253,0.003173999426166141,0.0025125641358831885,0.002769459933881002,0.0013873163244113584,0.004419253491435349,0.002496067268439539,0.003489915233516161,0.012263991837167865,-0.0037083748303570196,-3.5,0.0047900627406693985,-0.008416481114201346,0.013260916326125027,37.454
1998-11-01,0.004735750826220908,0.004695489755198068,0.0027102849782156824,0.00428449111500484,0.007156385812747246,-0.0009185309927879359,-0.0027012047729213506,-0.004700545592238647,-0.006972306092657199,-0.0024728066452741615,-0.00884805959947954,0.000407245364513642,0.0014581298520601749,0.008288162610678995,-0.0018613977588923802,0.001403248589111783,-0.0643942169033469,0.023391002718474496,-0.3083000000000027,259.0,0.06442570700000005,0.0007373671988837316,0.0021265413134941014,-0.09999999999999964,0.40000000000000036,-0.11751739612765988,0.04556713548275049,0.0050441468866786465,-0.011126679464757316,0.019619786869651712,0.017236302872326803,0.0021638643242098965,-0.0004918032886020995,-0.00708256842438626,0.006208728055703716,-0.0026874819617663803,-0.002846258176381511,-0.002425346042606691,0.002794889220428587,0.0020581839840296823,0.0018371207440797122,0.0021805355038253538,0.0022206266064710434,0.002147584793444679,40.8,0.0,41.4,7.414572881350589,4.955827057601261,5.783825182329737,6.673297967767654,5.996452088619021,7.421775793644647,5.159055299214529,5.799092654460526,6.57507584059962,6.111467339502679,-0.00942961755293048,0.021462227355051766,0.0248815422722668,-0.004611353273062946,0.0040580116222859175,0.0,0.002529036130332507,-0.00043212206984222234,0.007731411209323191,0.0032244503237377486,0.002265006630852273,0.006828535928763757,-0.008874887437371193,0.008481593147656952,-0.0003934053433782836,1.8035999999999053e-05,0.10295270671964385,-0.15173497400000002,0.10920636611699575,-0.2400000000000002,0.0600000000000005,0.4500000000000002,0.3700000000000001,0.41000000000000014,0.3600000000000003,0.2999999999999998,0.040000000000000036,0.16000000000000014,0.32,-0.42,-0.41,-0.3,-0.29,0.0,1.58,2.51,-0.004591257316057806,-0.0054290730408874666,-0.0008200060486069916,-0.03018491048478289,-0.0750119306206285,-0.012494341020601318,-0.001223983066214629,0.003009784062903975,-0.002122892175322022,-0.0008231726129839245,-0.002813435221211691,0.002358800078566148,0.0005331291976746755,-0.0006114256647924421,-0.0012702435429083891,-0.0012586454762892885,-0.0021505855797299134,-0.0009452313997888595,-0.0036046421097868375,-0.0018746234610054202,-0.0027971923785505837,-0.006749772711448276,-5.46266446743715e-07,5.299999999999997,-0.0015360338390308925,0.0010490581739563964,0.0014924964477422975,25.038
1998-12-01,0.0023499966728319777,0.0020763186017411783,0.00813388491040179,0.007670693763529357,0.009123552297179316,0.004037543048429626,0.0011408192694508656,0.00027069637073751096,0.00036311075979167384,0.007471383481481908,-0.002595991963825206,0.0018691377674304732,0.007928319985747834,0.014641060680727236,0.004618233837730301,0.005658523924523706,-0.0029622182317350365,0.013065864399505855,0.05079999999999529,-95.0,-0.006630974000000012,0.0018266163951068393,0.0024312724806829777,0.0,-0.5,0.030216150060200064,-0.10103222523156763,-0.019689426156500822,0.055758833485525905,-0.08586917241085246,0.0,0.0029275243317634647,0.002456601300952599,-0.004566635025325283,0.012146217627947209,-0.0009165378427020698,-0.000551825637106873,-0.0015188338278218083,0.003039206126237204,0.002763959747436928,0.0025766747501130283,0.0030719276021358155,0.0023458892551531108,0.0017446356891372972,41.1,0.0,41.5,7.491087593534876,5.087596335232384,6.056784013228625,6.637258031284457,6.0867747269123065,7.462789157412448,5.187385805840755,6.0112671744041615,6.620073206530356,6.003887067106539,0.007952187659961751,-0.022039337394573977,-0.06387381513346391,-0.011187022540292801,-0.00037498202103591893,0.0,-0.008070485014276763,-0.002293660918375906,0.004820738471230435,0.004448743549757772,0.024637304385385583,0.018119928305414756,-0.014839149815042418,-0.006242222169206002,-0.0021431271760414816,-6.103999999999832e-05,0.039088626586982755,-0.052805264000000074,0.04565271374075852,-0.15000000000000036,-0.11000000000000032,-0.020000000000000462,-0.019999999999999574,-0.010000000000000675,-0.08999999999999986,-0.17999999999999972,-0.1900000000000004,-0.10999999999999943,0.36,-0.29,-0.28,-0.16,-0.23,-0.03,1.54,2.55,0.004579576178408651,0.006181799913298036,-0.0041162267790140206,-0.03380095368429803,-0.017122855713268326,-0.01131188975038988,0.0006069721797734573,-0.005289018751791552,-0.002127407013856164,0.00040259733143077625,0.002810470066231474,-0.002360037158044115,-0.0005435631274233188,0.0012128492495397936,0.001265421360870711,0.000624016164605834,0.0009682358986804473,-0.0015396523887138969,0.004105878452945078,0.0003816128008482522,0.0013869520351939002,0.001211728896722608,0.0007371897266881255,-2.200000000000003,0.024948377811702116,0.0006041943747945311,-0.017618643985337634,25.4768
1999-01-01,0.0038923375243360425,0.0030066989987389547,-0.0008432230355959192,-0.0013403182902269606,0.0013700908916245425,0.0041244989019766365,0.005387960324263474,0.006043197363896802,0.010062310244310702,-9.929532704866517e-05,0.0142112719831049,-0.00016591842639357424,0.002352242455778253,0.002218196080852941,0.0013697351830215254,0.002565714026721011,0.07059656595144759,0.021753498745699318,-0.18599999999999284,322.0,0.06139966600000002,0.00265814871412573,0.003199954543037009,-0.10000000000000053,-0.5999999999999996,-0.0495248754416302,0.09852658623586397,-0.04526847011827151,0.024821653173813907,-0.11747175160717749,0.03176847659999993,0.0008303891555172527,-0.0021696866560905193,-0.017173351611081245,-0.003298000633593645,-0.0012616127375881803,-0.0015651616692391457,-0.0007602828618331614,0.0015403472216881653,0.0007883016450165314,-0.00025909644578270274,0.0015392077137779125,0.0031193162802534147,0.0002489853858431701,40.7,0.0,41.3,7.466227556215481,5.0106352940962555,5.717027701406222,6.729824070489475,6.124683390894205,7.4570320891223805,5.117993812416755,5.771441123130016,6.6895992691789665,6.0867747269123065,0.011132327493736938,0.044413260477703886,0.08389207625975459,0.0030696467258941595,-9.562435048771079e-05,-0.010000000000000009,0.002735721981843575,-0.000407249463915349,0.004386218582516754,-0.012661662996984013,0.010148811700029903,0.008366391641652982,0.0018772140261980041,-0.003105552882674445,0.00488738467244243,0.00025811300000000426,0.04816374382090771,-0.057337587999999995,0.05137876833652388,-0.04999999999999982,-0.23000000000000043,-0.04999999999999982,-0.07000000000000028,-0.009999999999999787,0.14999999999999947,0.0699999999999994,0.020000000000000462,0.05999999999999961,0.18,-0.29,-0.3,-0.12,-0.03,0.09,1.61,2.66,-0.0007735148451679663,-0.0015628265565839072,0.004929486468461697,0.04583103586324011,0.2306070788933483,0.01015584787038204,-3.3299645201267936e-06,0.0014939477832403014,0.0021248956051547196,-5.9536971059870325e-06,-4.432142786114923e-06,-0.0007914346840669495,-0.001075842376535796,-0.0012172784280828353,0.000627513298256055,-3.520029848935735e-06,0.0003912249763002862,0.002757006245571958,0.0011770084092876942,-0.0003841605466101683,-0.002085988075125389,-0.0024334598734894186,0.000733930622682788,3.4000000000000057,-0.039668562867564816,-0.006662148309922955,-0.0012407853831701843,28.6168
1999-02-01,0.0041219933200800085,0.004534965171803407,0.00472224614958261,0.015341991447900938,0.010685291476535852,0.005778925635036458,0.004701482658099998,0.005435960201388035,0.004312544299546417,0.008607369198088577,0.0025439330973453522,0.008141181919030238,0.007205422054737731,0.010705076232467192,0.006489666338334921,0.008706389701280237,-0.06186421992870983,0.00894990376436855,0.3207999999999913,87.0,-0.004841900000000066,-0.00025902075908490474,-0.0012862802328612588,0.10000000000000053,0.40000000000000036,0.0413742384311826,-0.02386505746684442,0.04012376423703401,-0.03412404583612805,0.11497798472877552,-0.07874067401967189,0.0032366282916544975,0.0013105625007252542,-0.013878692387062408,0.01126243720527853,-0.0018379190745996254,-0.0006451910450095966,-0.0038101090061104514,0.003691039419578601,0.0040499416409716105,0.003724527532121158,0.004286425915463354,0.0010376135820706622,0.00298299912953226,40.8,0.0,41.4,7.4205789054108005,5.1647859739235145,5.700443573390687,6.747586526829315,5.840641657373398,7.450079569807499,5.170483995038151,5.8377304471659395,6.687108607866515,5.988961416889864,0.023065471377462288,-0.005273170980784059,-0.026603783979208373,-0.002300344658365816,0.005223641277032343,-0.010000000000000009,-0.00410279319056972,-0.001077547204106466,0.0051860950112994075,-0.005690983636926106,-0.06295699305211189,-0.05469804258159883,-0.0007325987520143684,-0.0030951237551901656,0.0038308169675973502,0.0008660020000000046,-0.001755265243172488,0.00897574500000009,0.002139225364685693,0.1299999999999999,0.010000000000000675,0.10000000000000053,0.11000000000000032,0.1900000000000004,0.3100000000000005,0.28000000000000025,0.16000000000000014,0.09999999999999964,0.06,-0.32,-0.32,-0.06,0.15,0.24,1.64,2.63,-0.006845559679732105,-0.010003282852015793,-0.0024810458197084273,-0.03105321623298174,-0.13788063722208532,0.002611444586903211,-0.001823154561514606,-0.0015423416261697298,-0.004988045933946417,0.0008031367840288794,-0.004908101124388331,-0.0015891380884829331,0.0005340398865207874,-0.0018191007602359477,-0.0037894755322769313,-0.0024988294259413735,-0.001961977988364616,-0.002590012090835536,-0.007202964391865407,1.4837654994437344e-05,0.0020763630284439394,-0.0006069802917769707,0.0007290718945855978,4.199999999999989,0.021212556852651332,0.004819491572000345,-0.005793794149422382,29.5663
1999-03-01,0.0011455748392865672,0.0005223459720529178,0.004777424938891883,-0.0014716807052028713,0.004586292768532729,0.002123680970780306,-0.0013165048599130813,-0.001678747832734473,-0.002117787328540288,-0.0023977563870305474,-0.002016603042435783,-0.0002233015850290343,0.006780300820817153,0.009158741747012478,0.0022684589338783923,-6.54996807121222e-05,0.07110508997803766,-0.00735992961721621,-0.3756999999999948,-213.0,0.011876117999999991,-0.0017068967798827828,0.0006847176559752199,-0.20000000000000018,-0.40000000000000036,-0.03691627765416605,-0.02129397518514864,-0.052277863887717935,0.011944402125152465,-0.11497798472877552,0.004137366265959841,0.0008972074048028134,-0.0022535913329875257,-0.004163518505037267,-0.004208563611879157,-0.0015533760279158315,-0.0002766379288239307,-0.0036714130271597867,0.0016382387782680752,0.0014116542223483464,0.0008257922913621485,0.0014965924984053913,0.0010365380560077853,0.0011907125836270183,40.5,0.0,41.3,7.444248649496705,5.056245805348308,5.8664680569332965,6.705639094860003,5.948034989180646,7.417580402414544,5.117993812416755,5.857933154483459,6.606650186198215,6.0112671744041615,-0.004466500205706936,-0.004629500347730797,-0.00927693991785361,0.00162526763175741,0.006747167036133206,0.010000000000000009,0.0011845560412888645,-0.0036296600422058845,0.0009299039149510691,0.011546133049294305,-0.023700953740143582,-0.02480223580124097,0.011117348231513446,0.002790222344102311,-6.135619460057029e-05,0.0010468239999999879,0.02775231109028642,-0.029433776000000078,0.029181178545733655,0.04999999999999982,0.019999999999999574,0.0,0.02999999999999936,0.08000000000000007,0.22999999999999954,0.23000000000000043,0.21999999999999975,0.14000000000000057,0.03,-0.37,-0.34,-0.03,0.33,0.42,1.81,2.72,0.006087707347078641,0.010012172307195755,0.005786153192831378,0.02894208703345491,0.2369691839666661,0.004879007538417746,0.0006069802917769707,0.002274623064175252,0.010685562625678102,-0.000816916530852474,0.0028050509276091873,0.0015741281631687087,0.0010652292945305675,0.0018183656955566008,0.001894138923727695,0.0018728542444295115,0.0013168582531246642,6.920020837419827e-05,0.0032518489539379303,0.0008884783381004624,0.0006817652916617511,0.004842624475787982,0.0014533760465273993,-2.3999999999999915,-0.021768077036147915,0.0005913446347136642,0.012405637648784662,26.3073
1999-04-01,-0.002887141435671481,-0.0018921877133699638,0.005970627525899275,-0.0016673188347571255,0.007194790389558392,0.0022236030266338247,0.00048381545245401725,-0.00019812144909625573,-0.0013392901187874173,0.010070823622223557,-0.006005101663130397,0.0052058856120629216,0.004550883127429017,0.01066485628450664,-0.0005423575587215623,0.003459057146054434,-0.006662140987462983,0.02186383769062239,-0.07810000000000628,-35.0,-0.037877220999999905,0.0016493274988356177,6.01725447886281e-05,0.09999999999999964,-0.09999999999999964,0.1173785867125492,-0.030378035359172273,0.005420067469339429,0.03117135490293954,-0.02266385957721173,0.01881446091224248,0.00281900914019495,0.0019670525152513108,-0.011827684621255052,0.01211006881651322,-0.0013828073187536205,-0.0008303732543382125,-0.0023014969882790837,0.0030188847293981524,0.002309243868515054,0.0012545867095479224,0.002899166923191032,0.001682086182984932,0.003415422203904228,40.7,0.0,41.3,7.347943823148687,4.955827057601261,5.849324779946859,6.51025834052315,5.971261839790462,7.3777589082278725,5.111987788356544,5.831882477283517,6.551080335043404,5.973809611869261,-0.005473880025085975,-0.009225428651147283,0.007438111088216459,-0.003983379011486932,0.0026266993699106678,0.0,0.004640371240712149,0.004941032513302801,-0.00018591161815262325,-0.0008221536587509348,0.06108848581176396,0.053087779409365154,-0.006513986341315281,-0.000535373462109412,-0.00430309320717015,0.0005767310000000109,0.04059538769429949,-0.05705400999999988,0.03730922969970729,-0.0699999999999994,-0.040000000000000036,-0.15000000000000036,-0.09999999999999964,-0.08999999999999986,-0.05999999999999961,-0.05000000000000071,0.019999999999999574,-0.04999999999999982,0.06,-0.45,-0.37,-0.05,0.34,0.44,1.9,2.74,0.002268384802628809,0.002281419251526806,0.004104020869847069,0.012076517371293782,-0.03148978547272252,0.03126585190636444,0.006045599429250537,0.012982748787228715,0.015414150982740793,0.0007986472544407874,0.01117330059812538,0.0023800090568117938,-7.118727705979211e-06,0.006029913912270146,0.006915693142024004,0.00497048590281679,0.004063026928309732,0.0050001057417317085,0.015958628716530754,-0.00035246076949757565,0.0006747031455391905,-0.0024300780704038516,-0.00074674609807035,-1.1000000000000085,0.021455685723605455,-0.001713425332422247,-0.00749498237082058,24.6938
1999-05-01,0.002276088950621258,0.002205464380997668,0.0046039890412625795,0.014561219974781991,0.008903633655492627,0.006111251138631424,0.00689471796840202,0.008421986488310829,0.00886081996843835,0.009485606342354735,0.008608591808527244,0.010535950998066923,0.005002433401609885,0.008356089108016995,0.0016048460349260552,0.00790510240989395,-0.016291716885252328,0.0012100555139138436,0.2891000000000048,88.0,0.04506864299999991,0.0010644955800103162,0.0026740193049654692,-0.09999999999999964,0.09999999999999964,-0.10212949507637958,-0.032447168692910644,0.0167508104248153,0.006373507872091899,0.028250466285851594,-0.022620207211641485,0.001670519609167087,0.0007775572817116938,-0.011386787125024611,0.005540180375614767,-0.0006344262980633175,-0.00018462106578809312,-0.0013834449981455776,0.0018797899403999452,0.002030854046955355,0.0012015518627777055,0.002120279651252943,0.0014210970675314627,-0.00039539366896690353,40.7,0.0,41.4,7.384610383176974,4.990432586778736,5.8522024797744745,6.559615237493242,6.016157159698354,7.402451520818244,5.075173815233827,5.849324779946859,6.568077911411976,6.042632833682381,0.010314523532040099,0.016099828450171216,0.02124544799631245,-0.00425663782409913,0.002729322429662062,-0.020000000000000018,-0.0025540808535406967,-0.0009551894743058398,0.004933518918481816,0.002160637456247727,0.017934333961026727,0.025324287421061742,-0.007678048520988412,0.002574551029957739,0.0017902633953328362,0.0006680629999999965,-0.0020173771198876977,-0.0035290060000001677,9.287632340360119e-05,0.0,0.03000000000000025,0.20999999999999996,0.1899999999999995,0.15999999999999925,0.3600000000000003,0.3600000000000003,0.29000000000000004,0.23999999999999932,0.09,-0.24,-0.18,0.11,0.7,0.8,2.19,2.98,-0.00303950031782918,-0.0046071043894633235,-0.00412637567791041,0.03970073906157001,-0.14452373032486188,0.04347130625332163,-0.006049988560882902,-0.009919959256682986,-0.02179542094238407,-0.0008122720480612244,-0.01186798628080421,-0.0015898254540998025,-0.0016007067275332076,-0.006640893084573385,-0.007547205635383136,-0.005599154810970397,-0.004164714453615659,-0.0037794840694562737,-0.017239687685712823,0.00040893126990759754,0.002031522940375119,0.005985823293447101,0.0007116578751102942,2.200000000000003,-0.03295141977398153,0.015474029968743253,0.0013016183715564011,27.3765
1999-06-01,0.003606984075998909,0.00361645200590921,0.0042017831515339665,0.0010197241049922923,0.002798991995609512,-0.0006544849944685183,-0.005201141277807686,-0.007653028621296798,-0.009510788906928802,-0.005326230238678953,-0.01121116089695029,-0.002916165512647062,0.005519747028556843,0.00865801328767013,0.0053424621175715,-0.002337387632571186,0.016087369907865856,-0.0018225637263995509,-0.5304000000000002,-218.0,-0.059496934,0.0015946217230684567,0.0005024579297199239,0.09999999999999964,0.9000000000000004,0.003974568030334247,-0.008983777434511175,0.07609934353864745,0.03127209174427481,0.12303077111345395,-0.02552186879512064,0.002155891923749209,-0.0004091653084898894,-0.006425881326606486,0.004746238719155471,-0.002194756570041534,-0.0013857455217660686,-0.0035441904731943197,0.0027557452684376926,0.0019099224297001172,0.0013714366231631914,0.0016407993367568707,0.002063451854153797,0.0021234051582279534,40.8,0.10000000000000053,41.3,7.351799869057777,5.111987788356544,5.8664680569332965,6.523562306149512,5.883322388488279,7.43955930913332,5.1647859739235145,5.823045895483019,6.635946555686647,6.056784013228625,0.005460139385567331,-0.018304527045229335,-0.01362189074458442,-0.006299819278414276,0.0026217876608249924,0.0,-0.005625530522642919,-0.0006512405486205353,0.0048724765106937795,-0.0037695120147329675,-0.0845720424346581,-0.08588232868380086,0.012880106409840941,-0.002241066139279546,-0.003348584037180302,0.00018826399999999355,-0.007172432070904122,0.0027538400000000074,-0.007519811206917915,0.019999999999999574,0.20999999999999996,0.07000000000000028,0.2600000000000007,0.25,0.3699999999999992,0.3600000000000003,0.3000000000000007,0.2999999999999998,0.28,-0.19,0.06,0.34,1.05,1.14,2.47,3.26,-0.000757287210633173,0.0007595739295469528,0.0008099665143470602,-0.05643222246075741,-0.015513162969825522,-0.08475801679170836,-0.0006025911601446055,0.0,-0.001399569457008809,0.0003942876125799799,-4.829236965875339e-07,0.002385054124238728,-1.1305314435716696e-06,-3.61154835815114e-07,0.0,-0.0006197707046853296,-0.0003484312637827003,2.868416757184633e-05,0.0017205912959452618,-0.0011573129882194166,-0.001394542235358287,-0.004225487339636125,-1.890377035795865e-05,0.5,0.04360834661152424,-0.0046603586765385785,0.007811091624493116,24.1236
1999-07-01,0.0024689027133355523,0.002784185970215347,0.0016910038078101763,0.0012987868220761811,0.007826050608054302,0.005846946400164477,0.0010611535806281935,-0.0006185091162489442,-0.0037383183928483277,0.002874414847003237,-0.006434875929564043,0.006886720707274918,0.012297710029301356,0.02136231634987773,-0.00633105599681727,0.004108129876457589,0.022967034445143142,0.01415218591294476,-0.004499999999993065,89.0,0.004720682000000087,0.0007891867481859549,0.0002698731612529315,0.0,-0.7000000000000011,0.04725898741636936,0.005624311788932523,-0.07079780693326754,-0.03892519032199182,-0.10371982620036668,0.013513719166724059,0.002591767371782794,0.0015947988413582692,0.0009762765590410893,0.003659098456775922,0.000751379973506161,0.001847234292705835,-0.001081164674008761,0.0028244024081072183,0.0025279546763439242,0.002378407246862224,0.003153480792832397,0.0023163052435855036,0.003299601624574322,40.8,-0.10000000000000053,41.5,7.419979923661835,5.187385805840755,5.796057750765372,6.597145701886651,6.059123195581797,7.427738840532894,5.087596335232384,5.820082930352362,6.646390514847729,6.023447592961033,-0.0019381573265757623,0.03494286995050544,0.06055204757507404,0.006664516583697377,0.004793812100606587,0.0,0.002993744932827447,0.0011898176123352755,0.001839453097574939,0.0025152165421378214,0.04073413458369313,0.03460139741509993,0.0011957117351562019,0.0007515698398474768,0.0019250334974136862,0.0002679160000000069,0.04323894205231227,-0.04583261699999985,0.03748672155283739,0.23000000000000043,0.09999999999999964,-0.020000000000000462,-0.2400000000000002,-0.0699999999999994,-0.1299999999999999,-0.11000000000000032,-0.040000000000000036,-0.0699999999999994,0.15,-0.44,-0.41,0.04,0.69,0.8,2.2,2.96,0.0015077254532567252,0.0007543693328848633,0.0032361112045604656,0.0010240264677250366,0.10712788368841553,0.08928279754719082,0.0042080014002046084,-0.0015197571314162772,0.013919977370369985,0.0007896081773974828,0.005551230871915891,-6.318861780485463e-07,0.002118639488235985,0.0029963451474595004,0.004376374599798893,0.003710579396535074,0.0023493320715735067,0.0018939582032722058,0.004721197670263244,0.0015933262827658723,-0.002051667947284397,-0.002389820965538636,-0.0007373894250037871,-1.2999999999999972,-0.030307563211927402,-0.004971803544995268,-0.006435462605683284,21.4866
1999-08-01,0.0045693943783504665,0.0043993880769104265,0.005222498927697217,0.007862899324059924,0.01071702364175664,0.004377129274176994,0.007589037249101871,0.010265861924012576,0.012855731739061405,0.02254078532666881,0.008878517456932578,0.0066681088770295105,1.6075470624876687e-05,0.00039101718538692154,0.003411894269735427,0.006268320070929256,-0.008025613841704526,0.001060005126080732,0.16629999999999256,28.0,0.03116036199999994,-6.454643580511288e-05,0.0013258180627886418,-0.09999999999999964,-0.5,-0.03739113548693673,0.02273455277113623,-0.03908853418276248,-0.0431721718652085,-0.03616527646806933,-0.024629695106630933,0.0011274480714895674,-0.0002860587257202951,-0.0003903962571536468,0.002280156038441561,-0.001214048421987357,-0.0015699315225230492,-0.00061833361067265,0.0014567893231500761,0.0011645964049193935,0.002492106777541636,0.0006068386228932354,-0.0002571024567448177,0.0017684339235692903,40.8,0.10000000000000053,41.5,7.4073177104694174,5.19295685089021,5.820082930352362,6.5998704992128365,5.981414211254481,7.421177528595393,5.111987788356544,5.840641657373398,6.642486801367256,5.976350909297934,0.01190791023301685,0.0017490235556927303,0.0025153456798623353,-0.000839002730378624,0.0016588561861965445,-0.010000000000000009,0.0007276613920890185,-0.002252505350371692,0.0013957249015215112,-0.004058407377711681,0.019087880322552486,0.023748321724062937,0.0018558752796336009,0.0060443748458443025,0.001765948831670805,0.000323979000000002,-0.03951069212242242,0.05382657099999988,-0.047203946384264395,0.08000000000000007,0.14000000000000057,0.16999999999999993,0.29000000000000004,0.16999999999999993,0.16000000000000014,0.15000000000000036,0.20999999999999996,0.20000000000000018,0.21,-0.35,-0.2,0.13,0.77,0.87,2.33,3.08,0.0037472386668877533,0.00452250514844188,-0.0008475072299027886,0.04799971272487191,-0.05738305518206355,-0.05628710169183293,-0.0018113555556045213,-0.0030534215705486645,-0.002176533660681379,-0.00041008674123776956,-0.0014018273974532036,-6.308827842360643e-07,-0.0010660551365448967,-0.0006093737342158789,-0.0018841614718398958,-0.0006289128591268067,-0.0008383122094084428,-0.001024189235990569,-0.0009130231089296004,-0.0007770475346919881,-0.001358685889329081,-0.0023770620051224434,-0.0014466127765682124,-1.5,0.03489841328285337,0.0019837793474639653,0.0024919186328764553,24.7277
1999-09-01,-0.0005565043819579785,-0.0005269057838752644,0.004999519525281215,-0.001814499611688447,0.004168374370539851,-0.004145980519949077,-0.005401193882524247,-0.00744015106434226,-0.007964628578958965,-0.015060949592604622,-0.004979501899968319,-0.004488320543207358,-0.002478671948793476,-0.0061585030791784234,0.0030376971250749563,-0.004059830051060587,-0.008937366663687385,0.012167975750227988,-0.6600999999999999,-158.0,-0.03783191499999994,0.0013760878280599798,0.0008679451943685024,0.0,0.0,0.02520978958177622,0.006012589854393902,-0.004132237284911078,-0.012105057026276178,0.004240289038885514,-0.004308494385725226,0.0016348567358299704,0.0007354143165247962,-0.005285321102645568,0.004091224738353105,-0.00034714186879547526,0.00027722589467416014,-0.0013926501283734183,0.0018441245161984199,0.0021702911281931137,0.0014820748349695378,0.001798346006781415,-0.0009003795064508324,0.0014223009337541725,40.9,0.0,41.4,7.399398083331354,4.912654885736052,5.877735781779639,6.6293632534374485,5.953243334287785,7.346655163176539,5.0369526024136295,5.817111159963204,6.525029657843462,5.937536205082426,0.009688956909252866,-0.0026643844860778643,0.005266210230661983,0.004032520525699468,0.005726432499260525,0.010000000000000009,-0.0025503330033718186,-0.00027705620782469964,-0.0006241624493572573,0.00501918825249259,-0.01203959037530744,-0.012083143254845496,-0.004663962273628641,0.002339633550738185,-0.004323895434038327,0.00021737499999999188,-0.007045530078172213,0.01504435000000015,-0.019667845153182206,0.14999999999999947,0.040000000000000036,-0.040000000000000036,0.009999999999999787,0.04999999999999982,-0.040000000000000036,-0.020000000000000462,-0.010000000000000675,0.049999999999998934,0.1,-0.54,-0.34,0.03,0.58,0.7,2.17,2.98,0.0014521846994473009,0.002184526023822464,-0.001635666596482288,-0.012768859111311315,0.05861270550504427,0.01814586424691189,0.0017837125871578152,0.006862382296098701,-0.0014390145540801313,-1.0102194748284887e-05,0.002733478240078746,-6.298817805117096e-07,0.0005225442527381219,0.0017741613136097456,0.002473656791285528,0.001216774222806194,0.0017660524422602464,0.00022225235353623418,0.0035589204466566216,0.0014579584364184939,0.003368582387484498,0.0053361553192403655,0.001425983947985987,2.700000000000003,-0.06019882965808243,-0.0028513845092295043,-0.0007802749458978298,26.0494
1999-10-01,0.005900327548374662,0.006479181714549753,0.00219730692666964,0.008747669493372356,0.0019153761578447615,0.012714683390767867,0.01345679399075106,0.015006452045047247,0.019425884339064226,0.03216411998662583,0.014207008212485661,0.007894345856627183,0.011701589270144197,0.018564894773934526,0.006948631825099305,0.014479131782915822,-0.014639278127659416,0.006286952736235918,0.8259000000000043,216.0,0.05674050899999994,0.0010665980473785197,0.0021367210221363564,-0.10000000000000053,0.20000000000000107,-0.029145253142011995,0.006518219710569539,-0.0076204040396898876,-0.035816500533905504,0.02093586585358853,0.003103985937592313,0.0030620119323572226,0.0008164932072300957,0.002744023673972862,0.00407455479581742,-0.0005209388593492292,-0.00036965160757240767,-0.0007745333823798717,0.0035834517182102843,0.0019337877313354568,0.001054852418487684,0.0022998295235865385,-0.0001286918475482679,0.0025941621459448783,40.9,0.0,41.4,7.382746449738912,4.927253685157205,5.963579343618446,6.577861357721047,5.8916442118257715,7.407924322559599,4.983606621708336,5.8377304471659395,6.648984550024776,5.961005339623274,0.01846610711157126,0.029403067942446626,-0.016551748220454243,0.008961620549602145,0.003159770170611864,-0.010000000000000009,0.008641753518459971,0.0016873732471704983,0.0034097816680862536,0.004342897228067244,-0.004995778680668028,-0.004972310592671225,-0.003015683860063234,0.0013798515691743063,0.0005174485462084988,-0.000236212999999999,-0.013872454325128736,0.017956072999999906,-0.025766161733329795,-0.019999999999999574,0.6099999999999994,0.1800000000000006,0.10000000000000053,0.17999999999999972,0.23000000000000043,0.1900000000000004,0.16000000000000014,0.1800000000000015,0.73,-0.34,-0.22,0.23,0.83,0.91,2.35,3.18,-0.00820649215443403,-0.011242510869531763,-0.0016161033646122647,-0.06305847047789293,-0.16953695080001863,-0.011295454717803466,-0.0023941120502941615,-0.0007659740536114512,-0.003437805862359866,-0.0007999277384813652,-0.004817849880252467,-0.0007933360193961292,-0.000532564025088611,-0.002982026016547401,-0.0024921518983660462,-0.0024618929529127698,-0.0018999129117744928,-0.00044528660182852065,-0.006849002759266476,-0.0004321956765922508,-0.0033767724515718633,-2.2381934422721628e-05,-0.0035803833450120948,-4.0,0.03210958682124243,-0.004751737353963392,0.002574508022934907,25.37
1999-11-01,0.006831080834334813,0.007915608612661273,0.004903918707874766,0.005155496952443883,0.011948135904853885,0.005324177313382528,0.0012868272362309696,-0.0005069465842053589,-0.0005320569280504728,-0.007127892308229633,0.0022572447180637667,0.0014321498369556096,0.01069385535650369,0.012951796453654296,0.01152055585186229,0.006900755630557143,-0.050582130933188196,-0.018949275596475523,0.22129999999999939,-34.0,0.0035225060000000363,0.0018156090135281744,0.002355555650828123,0.0,-0.40000000000000036,0.010200166899562824,-0.03976227828972334,-0.04262008670738826,-0.02269600965377183,-0.05976173454225364,-0.030239130030755845,0.0022098947784137124,0.002282640700908445,0.000978186520333324,0.007053379583499719,0.0005788042067020882,0.0005544261831165187,0.0006196746906272921,0.0021930247942236747,0.0014285992506710699,0.0022760481341119743,0.0008096629059259897,0.00038602586852576337,0.001904622947751733,41.0,0.0,41.4,7.4073177104694174,5.003946305945459,5.905361848054571,6.583409222158765,6.013715156042802,7.421775793644647,5.1298987149230735,5.934894195619588,6.602587892189336,5.961005339623274,-0.012910169808908023,-0.04172256799762053,-0.0185491913587974,-0.0023763069844466855,0.01120370276719207,0.0,0.0005023584984957807,-0.001067348147413938,0.0023762966562506094,0.01746094998367731,0.021978381774195643,0.02205988891572086,0.01912681539038985,-0.005637737226384054,0.0011997782585453365,-0.00011824199999999063,0.06765095619570793,-0.08237702800000002,0.053889433960886635,0.21999999999999975,-0.08000000000000007,0.20999999999999996,0.21999999999999975,0.1200000000000001,-0.0600000000000005,-0.08000000000000007,-0.1899999999999995,-0.23000000000000043,0.43,-0.35,-0.22,0.13,0.55,0.61,1.94,2.73,0.0044571060775053795,0.005967932651703478,0.001590400289109617,0.08002300272515317,0.15127988614611887,-0.003737147283535691,-3.1849878077139238e-06,-0.004572012389881586,-0.004751061774133092,0.0007824023238907074,-0.002739726455827096,-0.002381898704533647,0.0015683166849500552,-0.0005950534818639497,-0.0018562434720843513,-0.0006140537675207725,-0.000787710175674583,-0.0004406846856772617,-0.0023661923380293715,-0.00031943512094212423,-1.8065688656143664e-06,-0.0047197727733516714,0.00142857167152588,4.0,0.005213501916715657,0.0020417907121963452,-0.010941151282738204,22.2295
1999-12-01,0.008145204001669626,0.008833325695064786,0.011896935620237414,0.00432253782919112,0.018316681024476367,0.007963552176366129,0.009158555140809987,0.009128252406828352,0.01076484159871871,0.0010171617577405812,0.014800442013422455,0.008424992097099349,0.0063702794942672725,0.007902349194113256,0.0010276021411170788,0.007035300275274103,0.028257382377491425,0.004564092840174894,0.23499999999999943,94.0,0.026398320999999947,0.0010849316914924856,0.0015920727086218278,-0.09999999999999964,0.0,0.030748002625591297,-0.095084853079622,-0.002179441472932808,-0.0014357504261042209,-0.002936859673310366,-0.011602093552546933,0.0024038473113936476,0.000854648730369334,0.0017583280880710817,0.0032845655089079884,-0.00011573404329823234,0.0005541189650468681,-0.0012397336160905326,0.0027627843414528286,0.003812462497839064,0.0016274224209276156,0.00514789729463061,0.00025726781721502334,0.0021444593460344663,40.8,0.0,41.4,7.443078374348516,5.0238805208462765,5.932245187448011,6.672032945461067,5.963579343618446,7.428333194190806,5.159055299214529,5.8916442118257715,6.61472560020376,5.993961427306569,0.00016488318064133978,0.050917011765919895,0.07653387766726638,0.01427275445805165,0.007876993249094966,0.0,0.0036158387369837897,0.0017951065482080253,0.0035720832587875506,0.018155410455573673,0.0095850878446897,0.0073162721677570985,-0.02141854252223485,0.016878431674780536,-0.0010383738435333356,-0.000539493000000002,0.026728028109572755,-0.03076756200000008,0.010712571258798764,-0.1200000000000001,0.08000000000000007,0.1299999999999999,0.2400000000000002,0.29000000000000004,0.22000000000000064,0.25,0.1899999999999995,0.03999999999999915,0.63,-0.1,0.14,0.54,0.89,0.98,2.25,2.89,-0.0014919347295068164,-0.0015025100057632912,-0.0008104949997687072,-0.10480308838204344,-0.054463218189929385,0.005068812459644967,0.0005894189599748856,0.00533624095695906,0.009452683005614304,0.0007750015118830333,0.005473836156295597,-5.686989967834677e-06,-0.002103310734813846,0.001771124142367242,0.0024641919886141395,0.0012180196791753417,0.0014295185529427101,-0.001158436205891178,0.007839477635920744,-0.00033277772066941935,0.002006903338815036,0.004111606379692212,0.002133954362077528,-1.7999999999999972,0.012953596221230157,0.0009351932049916911,0.015777966204954197,23.2213
2000-01-01,0.00894144176114331,0.009676376601815306,-0.0024273652816688696,0.007931311415534381,-0.006763276676846175,-0.0007567489901161295,-0.0030643573723283524,-0.004692088900045022,-0.013284036438402147,0.01768946945866201,-0.02600538044836842,0.014757580586478802,0.0022859022781371863,0.01269947058830212,-0.009746428808502294,0.00012329721855053322,-0.006514090561858588,-0.03019093060198852,-0.3230000000000075,281.0,0.04052762500000007,0.014799663987162148,0.01502156753095818,0.0,0.1999999999999993,-0.03897850176210671,0.08032862618870773,0.0036297680505787966,-0.05462612583191273,0.05854633911479734,0.03493034604345624,0.0017418545983201028,0.0018695392561749458,-0.0013673212404690105,0.0063888487129055704,0.00023145469377716665,0.0012917514252368534,-0.001551831472193399,0.0017122969655467557,0.0009988475667181973,0.000745017728629449,0.0008773926828897771,-0.0007720020970136687,0.0015081124699243276,40.9,0.0,41.5,7.400009517162692,5.093750200806762,5.755742213586912,6.658011045870748,5.934894195619588,7.454141078146678,5.2574953720277815,5.932245187448011,6.587550014824796,6.068425588244111,0.02430087006718118,0.025226127947552968,-0.00824592378479494,0.009706196449258186,0.002426577070812286,-0.010000000000000009,-0.010389711789849265,0.00013627170515739806,0.003124207866876283,-0.06716249196298829,0.04129459817844827,0.04821198041537045,0.0020180490842625076,-0.0115836478102338,-0.0021003130296062267,-0.0009024620000000066,-0.002165177931421347,0.009047262000000167,-0.02386476972535423,0.15000000000000036,-0.1200000000000001,0.1200000000000001,0.05999999999999961,0.28000000000000025,0.3899999999999997,0.3799999999999999,0.23000000000000043,0.14000000000000057,0.36,-0.13,0.05,0.67,1.13,1.21,2.33,2.88,-0.0022214003951539496,-0.003713885451045229,0.001573421378896711,0.07224794291020231,-0.0021809611022249875,0.01742986585689632,0.0005852266236017201,-0.006867618786174923,-0.006760847247416102,-0.0011884115501272774,-0.0027397162365687677,0.0007926890246849894,0.0026051015248826914,0.0005796964281081785,-0.0012372147387598176,0.0006017764279677706,0.00039215710833762074,0.0030309882601535776,-0.004285095553647089,0.0015344409869806341,0.0006552589233925765,-0.0011850605391230395,0.0006958196489734725,6.599999999999994,-0.0022750063791860953,-0.0012757773782361426,-0.010109585839517266,24.843
2000-02-01,0.004111999422724111,0.0045494985236231855,0.00936605739070373,-0.01815849511055312,0.014724446865187701,0.0034433893001750704,0.004973445076448257,0.006192175010997225,0.007598643548369921,-0.0034683125054879582,0.012264731065299905,0.007264921031699956,0.0014314400422898998,0.00277192086771727,-0.0009149179578278321,0.002359568483048413,0.046534004877166524,0.0158372101834523,-0.14009999999998968,98.0,-0.007432262000000023,0.0013276063244624936,0.0002855500702168001,0.09999999999999964,-0.5,0.024491020008295727,0.08910561859274413,-0.05971923470162199,0.01804560246917486,-0.13650788058450836,0.018380660047574437,0.0008469113042419707,-0.0008124137257308206,0.002147809084966923,-0.0032636136370189917,5.7855303900566923e-05,0.00046093570763083846,-0.000621407507956917,0.0012306653251510369,0.000729296644934152,0.0003384610209842265,0.0005866977982531552,0.0003860755469098365,0.0013602139575947803,41.1,0.09999999999999964,41.5,7.459914766241105,5.14166355650266,5.950642552587727,6.617402977974478,6.073044534100405,7.433666540166168,5.170483995038151,5.902633333401366,6.5998704992128365,6.028278520230698,-0.012760893463489964,-0.09064240588872607,-0.10753098525386662,-0.0018779900446155295,0.005608689780199683,0.020000000000000018,-0.012014857039064353,-0.003236149978150138,-0.0012703023212603526,-0.023059826016191387,-0.10690070867421309,-0.10623417738973118,0.00981694062959626,-0.007850940717711197,0.005275866098740423,0.0001726540000000082,-0.026095296239902588,0.03745672499999997,-0.05163712759641914,0.28000000000000025,0.09000000000000075,0.22999999999999954,0.21999999999999975,0.09999999999999964,0.09999999999999964,-0.14000000000000057,-0.10000000000000053,-0.040000000000000924,0.17,-0.18,-0.01,0.49,0.95,0.79,1.95,2.56,0.010301783527825847,0.014016646270583522,0.0039067454393073575,0.01584402370868343,0.03549846588656269,-0.021534517293011035,0.0011684409339398627,0.00228218954095194,0.004003972953861457,0.0007725309861346119,0.004751970325623134,-2.5477593403877563e-06,-0.0015745897104233464,0.0005735379178251065,0.0030575188015582455,0.0005962826969847512,0.0004299432093031186,-0.0023764297894564024,0.00501487067754347,-0.0005853438892895468,-0.0006797690822977209,0.00231975007473606,-0.0028429172792461266,-0.7000000000000028,0.006184049285581139,-0.0031699935675781887,-0.007322300507863311,25.456
2000-03-01,0.0027782345682805243,0.003249773040700177,0.004906026667184982,0.01175392671282971,0.011593442864604953,0.0039008250978982417,0.0022255057242119847,0.00114905853689784,-0.003651219406743955,-0.0031515656025442595,-0.003812788443208426,0.01363984672483376,0.0060990315550562,0.010788660288026719,0.0030831880507085074,0.00649365075110353,-0.09460048261944376,0.03048244968390801,0.19409999999999172,-94.0,0.004015254999999995,-0.00015444557579158413,0.0007537532510291101,-0.09999999999999964,0.09999999999999964,0.06540220335622315,-0.07097481032168496,0.009188426054405952,-0.007479466431292714,0.026668247082160867,-0.06686747217463918,0.003684479130496854,0.003934058974479626,0.00019502681680538814,0.011963808602544646,0.000983028384595741,0.0018416211466494303,-0.0004663091714238732,0.00362680859194775,0.002184704113428637,0.002652947255082694,0.002244728958546105,-0.0006435420776824685,0.006484102849436013,40.9,-0.2999999999999998,41.4,7.38025578842646,5.0106352940962555,5.7430031878094825,6.675823221634848,5.855071922202427,7.409136443920128,5.159055299214529,5.902633333401366,6.5722825426940075,5.981414211254481,0.018352990866461028,0.04372028130527639,0.0784655328218804,0.003486569479941082,0.003683777756949169,-0.020000000000000018,0.011111236618702947,0.0037129997734410836,0.0006897929079618947,0.038959142925890866,-0.010019504599874107,-0.013862674910510964,-0.003047984727901465,0.010674131911901696,-0.001239498201303313,5.8249999999995805e-05,0.037686192447988986,-0.03791093999999995,0.009370095972653036,0.11999999999999922,0.1299999999999999,0.14000000000000057,0.1299999999999999,0.0,-0.17999999999999972,-0.2599999999999998,0.0,0.08000000000000007,0.18,-0.16,0.0,0.37,0.65,0.41,1.83,2.52,-0.005190417890590382,-0.006702766045461495,-0.0016308562283446904,-0.01894631032949068,-0.05857970752936703,-0.030772041594969934,0.001738971541225709,0.0015308057758698368,0.017698454291753762,0.001152510940050533,0.003995082586884635,0.004789785528130253,0.0005112540065717042,0.0023141869996274878,0.0017992424147408315,0.002997952268095183,0.001133557751384906,0.004724019079942465,0.005485863671799152,-0.0011981823751794352,-0.0006730552772458154,-0.0006059163588028049,0.0007039648308317936,-4.200000000000003,-0.02980343598268398,-0.0011790173428209982,0.016590479856009033,24.7678
2000-04-01,0.005362145055109124,0.004850006042740773,-0.0002922225002901513,0.00827587310639899,-0.015180487696586198,0.0063102073592089525,0.008122040917131201,0.008232228244526851,0.008414089681066272,0.013056875694867465,0.006538036450243645,0.011389569701585778,0.003946060225962,0.008303786223734733,0.0002971363073482891,0.0063087197740276935,0.059584232415995864,-0.029517353016617953,0.18099999999999739,34.0,0.04942949799999996,0.0022231192423021184,0.004153730271466927,-0.20000000000000018,-0.29999999999999893,-0.10216817455885341,0.035304273184966206,-0.03964763353911405,-0.006024114603381037,-0.07553790566715257,-0.011531197599188303,0.0021177523314115376,-0.0006883566769086968,0.007963526595533565,-0.0024990825207886758,-0.00023121387386204617,-0.00027602705240248326,-0.00015548472394044666,0.0027651423075987225,0.0025237088953087294,-0.0019932775734279318,0.004827821774670227,-0.0005151320139678006,0.003322502153574547,41.1,0.20000000000000018,41.6,7.3938782901077555,4.955827057601261,5.932245187448011,6.546785410760524,6.016157159698354,7.3758821482150125,5.117993812416755,5.849324779946859,6.5337888379333435,5.978885764901122,0.003227071839065232,0.015052947892669977,0.0303963171117001,-0.0005417748637501774,0.005966525196599903,0.010000000000000009,0.008279888900456278,0.005277827527974566,0.012407286047636745,0.004154137780570721,0.08111343190973308,0.07481962481962467,-0.0015046699661862561,-0.002432141883531358,-0.0013631894505339304,0.00018612299999999637,0.013190849658747617,-0.016597085999999983,-0.007834492777891722,0.16999999999999993,0.1200000000000001,-0.03000000000000025,-0.040000000000000036,-0.0699999999999994,-0.2400000000000002,-0.2699999999999996,-0.040000000000000036,0.030000000000001137,0.13,-0.36,-0.21,0.13,0.24,-0.03,1.62,2.38,-0.008028946116756863,-0.010217412657079095,-0.007813146291649531,-0.03655287194433221,-0.16770920414960688,-0.010668956349568326,-0.006450085833512809,-0.003077514499056022,-0.03353014806564136,-0.001954798797367374,-0.014143573132259668,-0.003989471471991912,-0.0010427126712615475,-0.0070056213964857506,-0.007916279993115616,-0.007839894691636928,-0.005111188583397208,-0.0034548734274473247,-0.016761265141214565,-0.0013308318930302931,0.001972528090430803,0.0017051854337797323,0.0021059651650090494,2.1000000000000085,-0.0001353448933425483,0.008686016648807637,-0.005608569370095573,29.8331
2000-05-01,0.003586929703143227,0.0007994749553557057,0.003748573150951451,-0.005321316959440381,0.0012830913934926969,0.0028965443854733763,0.0015184752354473474,0.0032860126559048908,0.0018095754554403598,-0.003778686804108311,0.004127554491889285,0.008579092984878578,0.0047029851262507805,0.005396083633894655,-0.003031435058493237,8.438306210578617e-05,0.054509958956039384,0.00215981764748463,-0.3205999999999989,-355.0,-0.10926004199999995,-0.0025461280014571486,-0.00467324691317117,0.20000000000000018,0.1999999999999993,0.021285785914731292,0.03514738776564563,0.04950740245540253,0.031229303633781846,0.07088312612216985,0.03846280734522978,0.0016894647355929493,-0.0016621063925761348,0.00540228981240265,-0.0035387828142088296,-0.001098996553336562,0.0003680191411490341,-0.0035828373866664265,0.0024597737112816986,-0.0025237088953087294,-0.0018447847765141745,-0.0031853213889831977,-0.00012882447682827092,0.016448915528906483,40.7,-0.20000000000000018,41.2,7.362010551259734,5.056245805348308,5.796057750765372,6.588926477533519,5.8916442118257715,7.341483852363161,5.087596335232384,5.75890177387728,6.53813982376767,5.921578419643816,-0.009028375947069733,-0.03356499108134514,-0.026974611253081093,-0.0027172093148646326,0.005532581914788892,0.010000000000000009,-0.016924697468247984,-0.014377289437229379,-0.004274662111988015,0.000854828223380899,0.0019152217449884823,0.004655738526706532,0.00796552860115618,0.0002427839955636557,0.0010202494370590287,0.000312703999999997,-0.02978163321969518,0.033218229999999904,-0.05040002448595615,0.25,0.41999999999999993,0.1299999999999999,0.29000000000000004,0.17999999999999972,0.4300000000000006,0.4500000000000002,0.35000000000000053,0.5,0.3,-0.48,-0.17,0.06,0.42,0.17,1.72,2.63,0.0036477740132427883,0.0036456474938448835,-6.075007510375485e-07,0.050498964933921364,0.26111227341910714,0.026389007909988216,0.0023388399672104043,0.003073966913217596,0.009155943029354852,0.0003785383195449299,0.004032263527938618,0.003981846440538561,0.0005113235581237774,0.0017463861320994312,0.002430133956336178,0.0030078813474920807,0.0016604401119781897,0.0016102564488571502,0.0022874163040293993,0.0014656566596489284,-0.004625049539562109,-0.006920773519228263,-0.0049283461258378125,1.5,0.02472655944713864,-0.0001531594079384746,-0.001896646715595196,29.429
2000-06-01,0.0028452285408491207,0.004783473688044992,0.0021232974338962762,0.006588973015189126,0.007444749664832884,0.0007217518121818145,0.00017528891768314736,0.0011315547884009902,0.0007555869087312317,-0.004012692202458368,0.0026999849742468385,0.0014005149876554768,0.0014415438829136207,0.008541316250032516,-0.004884992959466317,0.001775537432731511,-0.002577674451784695,0.0014194408028593841,-0.1811000000000007,-97.0,-0.0004961210000000715,0.0014246666198935998,0.002266331342520189,0.0,-0.29999999999999893,0.005833187840783793,-0.08629805931903878,-0.06468947592689833,-0.10324789603727069,-0.025198183604698166,0.030530064141720104,-0.0003482658666502658,0.0010138081526900322,-0.0019260406570413835,0.0011809862606764199,0.0009833695658674202,0.003306091724741833,-0.002969448145853093,-0.0006609354804538725,0.0007654330811170951,0.0001524506443999485,0.0006890464853999134,0.00012882447682827092,-0.01237109558666738,40.7,0.0,41.3,7.351799869057777,4.962844630259907,5.683579767338681,6.61472560020376,5.929589143389895,7.360103972989152,5.075173815233827,5.762051382780177,6.542471960506805,5.991464547107982,0.014975899581394003,0.15280760012293904,0.12298895907786367,0.053002060252635985,0.008800704469985376,0.0,0.007553737670659366,0.006297922556223412,-0.002090090850966675,-0.0010422629075863554,-0.07866645162286057,-0.07815774892192073,-0.005923996836255441,-0.00258583480936192,0.012265833220786782,0.0014890300000000023,0.030192125405583248,-0.0364244090000001,0.007004087181807339,0.2600000000000007,0.019999999999999574,-0.09999999999999964,-0.1299999999999999,-0.16000000000000014,-0.39000000000000057,-0.34000000000000075,-0.3200000000000003,-0.41999999999999993,0.06,-0.84,-0.56,-0.36,-0.23,-0.43,1.14,1.95,0.007266941053400089,0.010897310889165901,0.009323468426263304,0.04733908276115262,-0.010905959456461556,-0.0026188741764237022,0.00407025469989275,-0.0023180925969947808,0.020202274491940564,0.001143654952727502,0.007380107297622729,-0.005572301762021503,0.0020478008566948702,0.0057924053079858595,0.005441538539431967,0.0041871179004076,0.0025515798653570343,-0.0032202582635170174,0.010880757723923828,0.000796270728099735,0.00329055907309872,0.0011504170578922057,0.006313100617433065,-4.299999999999997,-0.006502752278306545,0.008705233297764181,0.0011134000885828499,24.3177
2000-07-01,0.005313689846992986,0.00587413454932495,0.0006970867864835029,-0.006321576902848847,-0.0029008246664261605,-0.001770349113439984,0.00021981046881425215,-0.00021238661149869387,-0.004311424520587082,-0.014937032249715543,-6.962855078551655e-05,0.006186048725853155,-0.00435222664401369,0.0045446861803712935,-0.013162674962671872,0.0008368119699619925,-0.028339102323544196,-0.0079862950091103,-0.25159999999999627,100.0,0.00270314100000002,-0.0021975021919313775,-0.002991178625510571,0.0,1.0999999999999996,-0.031911315195821466,0.039703285713041936,0.07818293402981347,0.04600335326225302,0.10727256212945147,0.013652089168328274,0.0012713405272144485,0.0018627257866246083,0.004424360396011906,0.0023577965535324097,0.0015021090120015401,0.0020150217479297794,0.0006258801643834744,0.0011354225084154734,0.00045897878028888783,-0.0021703752415493938,0.0009114366248166306,0.000386373885932656,-0.0009579921219327048,40.9,0.0,41.5,7.288244401020124,4.983606621708336,5.765191102784844,6.455198563340122,5.8916442118257715,7.340835554123275,5.0689042022202315,5.75890177387728,6.53813982376767,5.926926025970411,-0.009326620405770925,-0.14931963376346147,-0.11473593938875482,-0.00035354823231337207,0.0009456780624397254,0.010000000000000009,0.00289972550475337,-5.5802481201183696e-05,0.000793307412151556,0.0013645460812936605,0.06694485855525967,0.06610801906806096,-0.00491463672642567,-0.0032513505534588205,-0.006766416321266178,0.0005558439999999998,0.007523136308313916,-0.01670808899999998,-0.010960407893251478,0.009999999999999787,-0.04999999999999982,0.2699999999999996,0.03000000000000025,-0.08999999999999986,-0.1200000000000001,-0.04999999999999982,-0.019999999999999574,-0.13000000000000078,0.0,-0.58,-0.54,-0.46,-0.36,-0.49,1.11,1.81,-0.007273283668798314,-0.01162011540202279,-0.006226243150879718,-0.10278321502615917,-0.16763660610109632,0.029335712588576257,-0.0029247351269861,-9.570288082905165e-06,-0.022128576838895242,-0.000783262120643613,-0.006044101754880238,0.001590455321482942,-0.0005321795616710645,-0.004648412588609929,-0.003645462019912671,-0.003009223640145997,-0.0008766020209005632,0.0012821871649819627,-0.006584177409208358,0.0006825369542493576,-1.0792276097237874e-05,0.0045868333322514054,-0.0035144083165477014,1.8999999999999915,0.014152291625412872,-0.0010074651956255565,0.0023304224576543575,22.66
2000-08-01,0.005456617353729598,0.005257379726046452,0.005126062861568137,0.00034703919640222125,0.0010558192010758916,-0.002656553987182342,-0.004974374219561817,-0.005265119541378205,-0.004621890295190667,-0.002350912902147506,-0.005541929100258969,-0.0047296473074682766,0.0003734862733857369,-0.005092260037976359,-0.00856718799303735,-0.006577805888218435,0.0183593504878381,0.0015365883162594685,-0.8397999999999968,-297.0,-0.06672646900000001,0.0016573503049279736,0.000959029038375192,0.09999999999999964,-0.5,0.020602947466948685,0.03713098057504638,0.03727139479723185,0.06016852146645313,0.015636423769755048,0.0584287930072005,2.268782684744508e-05,-0.0013764627087216041,0.0013426682749804186,0.00029433407129353384,-0.002022595968202978,-0.0015567055934297969,-0.00281955074009943,0.0003440948247668274,0.0011083297842056083,-0.0018519310394200517,0.0014604996456117902,0.00141542840333031,-0.001438711163185502,40.6,-0.10000000000000053,41.1,7.340186835320115,4.962844630259907,5.6937321388027,6.559615237493242,5.978885764901122,7.347299700743164,5.043425116919247,5.720311776607412,6.52795791762255,6.0112671744041615,-0.02619429969269227,-0.0028307271643654985,0.02613900817156356,0.0038747571033503903,0.006693707204968646,0.020000000000000018,-0.0038108847966418224,0.00216737877114781,0.005893997296274378,-0.005143274742221315,-0.02268615958067155,-0.02046089339796031,-0.0024959534107473758,-0.0015621521717310571,0.00017558299997499915,0.0008550830000000065,0.008423351116875644,-0.017519759000000024,-0.006787713135694595,-0.040000000000000036,-0.04999999999999982,0.1299999999999999,0.07000000000000028,0.09999999999999964,-0.1200000000000001,-0.21999999999999975,-0.10000000000000053,-0.08999999999999986,-0.01,-0.41,-0.43,-0.32,-0.44,-0.67,1.05,1.76,-0.0028969774526368397,-0.0014487490006507286,-0.004634996280724835,-0.015679270833463654,0.11446580632591763,-0.013957341417479618,-0.00289939315900245,0.0030983758326694755,-0.006512898080906382,0.0011320742659011174,-0.005349388856201287,-6.359237794129058e-07,-0.001035041008130122,-0.002884672245222042,-0.004214513077320348,-0.003578176078510076,-0.0025728234981121645,-0.002285700807540536,-0.00767652532876717,-0.0007754242482151952,-1.0721715097528062e-05,-0.0011654621767118734,-4.382794221768904e-06,-1.0,-0.016017043936640718,-0.0024971235612625264,-0.008976446123157622,20.4843
2000-09-01,0.0009196619732847466,0.0009802637791374025,0.008227657817100997,0.010731383059047417,0.016822507435760414,0.004221509639692478,0.005680015469373245,0.007774291714921944,0.009554852011539161,0.0028120869903016654,0.012153092864738646,0.009954889594444793,0.002323150961424325,0.005892123835885776,-6.120821416111255e-05,0.004907593313151715,0.0290003873046345,0.020133549359305114,0.07899999999999352,167.0,0.06275683100000007,2.8067024055999923e-05,0.0016888746680319144,-0.19999999999999973,-0.7000000000000011,0.008201569113417406,-0.08083541480977541,-0.07753509396475167,-0.061720112157871654,-0.09305602274952562,-0.04095523014765945,0.0009524242182159526,-0.0017029562563450895,0.007447757142053035,0.0016172906561280342,-0.0033027234008127238,-0.003488482377376201,-0.002984842370020502,0.0015608889084859356,-0.00015280006141793478,-0.002656451115155889,0.0015694586628463014,0.00269663084760019,-0.004907158889718488,40.6,0.0,41.1,7.317876198626496,5.030437921392435,5.726847747587197,6.492239835020471,5.958424693029782,7.358830898342354,5.1298987149230735,5.717027701406222,6.56244409369372,5.963579343618446,0.04197691429600603,0.0577349091792847,0.07387220312017462,0.011731069458946308,0.00016478425342114633,-0.030000000000000027,0.002540399130965376,0.0015322886657518353,0.0021834460576100057,0.002055733506412416,0.002451726878082372,0.005036728873538898,-0.0016904689869203793,-0.0011163082037457528,-0.0015127407867270293,0.0007091979999999942,-0.011789499039568163,0.004966842000000193,-0.03144400702431582,0.019999999999999574,-0.020000000000000462,-0.08999999999999986,-0.08999999999999986,-0.04999999999999982,-0.1299999999999999,-0.03000000000000025,0.07000000000000028,0.08999999999999986,-0.05,-0.52,-0.54,-0.39,-0.59,-0.72,1.1,1.83,0.010118274865749122,0.012265366682726153,0.010021696493350163,0.10336456422170404,0.03420821463696688,0.019716773046095426,0.00519781707361755,0.004643971194450813,0.022067229289459256,-0.0011596502353272697,0.012024107059537492,0.0007977662967979526,-9.34251772122252e-06,0.006900212336511835,0.007804053610985129,0.005944965569205429,0.004359535604588238,0.0056059882309469344,0.014826430014381664,0.0003437434686404117,-1.065184384474449e-05,-1.5909088327159537e-05,0.0006903211818793942,-0.5,-0.007393324169996163,0.0066762618063176404,0.006547079212213092,22.3365
2000-10-01,0.0025651000024762283,0.0028383103511142593,-0.0006161650370835048,-0.007660182212825717,-0.002239957652378166,-0.003692440519047935,-0.005413400267145541,-0.005966536864889349,-0.010751042390135801,-0.011715150818443654,-0.010424281863490314,0.00024165226128314288,-0.001434458974509667,-0.002874579843654246,-0.0004834965265780866,-0.003965843364882815,-0.012961263627596864,-0.026196786763363455,-0.6212000000000018,-32.0,0.008664722999999985,0.0007294662594627965,0.001423456611416185,0.0,0.5,-0.029204916986115492,-0.012680285175909134,0.035786079746225496,0.09756624393100743,-0.02985296314968089,0.002661345549514138,-3.777733284948681e-05,-0.00016233766269380112,0.0060698213670757895,0.0010278247729598178,-0.00075478274550278,0.0,-0.002047406022709808,-9.283801158943561e-06,0.0006492390764432088,-0.00017052624440161424,0.00032012857682239826,0.0014096241201322357,0.00038574666566404403,40.8,0.0,41.1,7.3453648404168685,5.153291594497779,5.7745515455444085,6.5722825426940075,5.82600010738045,7.3632795869630385,5.075173815233827,5.799092654460526,6.543911845564792,5.971261839790462,-0.007177669467077763,-0.07145655593950373,-0.1324201037958268,-0.0025372738574738207,0.005441191692019842,0.020000000000000018,-0.0004551864855848464,-0.0040902252463705935,0.0016076886691012149,0.0018806768907673188,-0.0026325750565296957,-0.005194529137854453,0.0035450417278637403,-0.007643077915748364,-0.0018613398264069048,0.000647362999999998,-0.0545305280626005,0.06070158399999981,-0.06972221767242326,-0.009999999999999787,0.04999999999999982,0.11000000000000032,0.05999999999999961,-0.1200000000000001,-0.14999999999999947,-0.05999999999999961,-0.07000000000000028,-0.009999999999999787,0.01,-0.4,-0.47,-0.5,-0.73,-0.77,1.04,1.83,-0.004354480200706945,-0.005798888886338283,-0.004639061853611182,-0.029843742829201325,-0.10566195432493108,-0.04221849826991608,-0.003471197939630244,-0.006963260985542341,-0.016197200612726448,-0.0003902566315074907,-0.010007396622402354,-0.0007984032360246474,0.0010028601688274463,-0.005178201798510251,-0.006002776689174816,-0.004164361256983717,-0.0029326015643844627,-0.0033643811746406627,-0.012203650757479423,0.0004621868474687929,0.0019330525551910505,-0.0011470047725867794,0.0034489067887593094,-1.0,0.013879218368636259,0.014118586804752198,-0.01815412648804937,28.214
2000-11-01,0.0006242538893737049,0.0012374205231289181,0.0009169449186092749,-0.007307678994624922,-0.0032480008877904254,0.00022018301182757938,0.002031103197386308,0.002489367495347672,0.003080220900197439,-0.02017204486167401,0.01178500472417543,-0.001989929507519861,-0.0021555539924946743,-0.005389549036751262,-0.009717530057617552,-0.0027047504622990104,0.04405290228255687,0.012177846462254394,-0.5150999999999897,-167.0,-0.04613592200000005,0.0023810869000921997,0.0017054776190281729,0.0,-0.29999999999999893,0.005989237308315687,0.037568447611162625,-0.016591632490078112,0.018144252123403426,-0.05575214163519515,0.10477895123317715,0.0015175254417503226,-0.0006090010541246471,-0.003979162048132423,0.0004401731418735011,-0.0008716116650475669,0.0004597067152154466,-0.00315806357528281,0.0020033024080241546,0.0005343511577535764,-0.0009896260703925464,0.0003461461881748562,0.001791198022404572,0.0008192179336798944,40.5,-0.1999999999999993,41.1,7.346655163176539,5.003946305945459,5.749392985908253,6.516193076042964,6.021023349349527,7.3864708488298945,5.10594547390058,5.66988092298052,6.597145701886651,6.054439346269371,0.00010312835920167629,0.017223165721709677,0.048148043496812676,0.007623580973996624,0.005964094130835207,0.010000000000000009,-0.004840799497231707,-0.0009730226138415787,0.000606677034470593,0.005940268072308186,0.007675853573697378,0.012946883370102968,-0.0023181627176223074,0.006879158903998039,0.0005445170170474967,0.0009353539999999994,-0.008742261748827751,0.00861292300000005,-0.018272818176262806,0.0,0.0,0.05999999999999961,0.019999999999999574,0.08000000000000007,-0.08000000000000007,-0.020000000000000462,-0.09999999999999964,-0.0600000000000005,0.01,-0.34,-0.45,-0.42,-0.81,-0.79,0.94,1.77,0.0014147052083410827,0.0021130720124507008,-0.003065136499376564,-0.04445390766224211,0.06302369385222528,-0.035994212580465756,-2.976075822225255e-06,0.0023192897910915278,0.005164209510325257,-0.0007644628708538548,0.0033282309958364564,0.0015968064720492947,-0.0020335210035575813,0.0011415466542654684,0.0011936727130263947,0.0011806310635025241,3.8447312213918394e-05,0.002119226039816624,0.004078788571993286,-0.0018144760717566655,-0.001960425211803951,0.003372277930581813,-0.004162296686577083,1.7999999999999972,-0.03966682286517198,-0.02391974944122488,0.009890060591641436,29.2119
2000-12-01,0.0023338618405599476,0.0004153525968533245,0.004572155016586699,0.007809597183152661,-0.0008626001767151337,-0.0034020532677274673,-0.0011422363445996453,0.0014333597045101953,0.005283433986414288,-0.015816894027128825,0.012882525904345243,-0.0077300958137840325,-0.0063979165795595705,-0.007199172719035474,-0.015412073651538627,-0.006109185709214593,0.0468330544710307,-0.02322005086857981,-0.7708000000000084,345.0,0.06198181300000005,0.0019985332112337773,0.0021241315054432164,0.0,0.09999999999999964,-0.014031098098730155,0.01936436718179113,0.010590114101380443,-0.051074929936415714,0.0793939046922354,0.034549559075671255,0.0012440110021749717,-0.0019512994524273353,-0.000569746478236155,-0.0036740433716015986,-0.0012215340494581284,-0.0015638658262915328,-0.0006328112851576861,0.0019715565479714314,0.0021726295447574984,-0.003677009179522628,0.003181539339802697,0.0019155870744960168,0.0021172176131383225,39.9,-0.3000000000000007,40.3,7.3343293503005365,5.135798437050262,5.4680601411351315,6.542471960506805,6.066108090103747,7.341483852363161,5.0369526024136295,5.5909869805108565,6.519147287940395,6.093569770045136,-0.004109556713876472,-0.0038777885445338,0.045714311044879,0.0017467253349430223,-0.0009561492655496551,-0.010000000000000009,0.002265908507834702,0.00681606624208797,0.006861883180994788,0.004955072199873456,-0.005201493848563388,-0.007819299390774637,0.0022291155571441124,-0.0019088585493687305,-0.002924595022189891,0.0003842819999999997,-0.03478425375247074,0.04009785600000004,-0.038792093965393626,-0.10999999999999943,-0.1899999999999995,-0.40000000000000036,-0.3799999999999999,-0.4900000000000002,-0.5300000000000002,-0.47999999999999954,-0.2400000000000002,-0.2599999999999998,-0.07,-0.63,-0.72,-0.8,-1.23,-1.16,0.81,1.62,-0.0028678591657582686,-0.00428109014082434,0.00458016067857514,0.09736599292804371,-0.2286846659415085,0.08668649556157249,0.0005699359289339512,-0.0007742934959047432,-0.0012924060769803347,0.0011250184392537221,-0.0006664433627019406,0.000796493433791845,0.0015061169900345561,-0.0005751815055186071,0.0005922113000726981,-0.0005950311066218461,0.0001321583853579611,-0.0011323315979403503,-0.0017335492584473755,0.001041455435423444,-0.0038763900778699956,-0.006768531673352118,-0.003446613034180146,-9.199999999999989,-0.010793095811308717,-0.0011850508305073504,0.015592789082356617,30.1045
2001-01-01,0.006064780386434876,0.004384471565005654,0.00021380770216783418,-0.008055427372243074,0.010973290185956941,-0.004938228032294489,-0.002177834021251712,-0.004038994766334625,-0.008323855881291031,-0.01706421138886416,-0.005295755363531995,0.000914229507529285,-0.008636903488859815,-0.008977397103091533,-0.00029648800479886717,-0.004043090710223574,-0.013375638388803068,0.007784734175410257,-0.598399999999998,146.0,-0.03408623399999999,0.003846051395145267,0.001191029655087661,0.30000000000000027,0.1999999999999993,0.06675648756753993,0.06932158457817028,0.031842749572584594,0.013015368112070824,0.05160477235300309,-0.01749315744751634,-0.00014317093503812828,-0.0017105160153345622,0.003981425299184771,0.004700361180331569,-0.004491767797139445,-0.005354023682285103,-0.003011334393832499,0.00021265874361731107,-0.003203419717536349,-0.00367338243710158,-0.001739465113455907,0.0008926864075569085,0.0014889889635902875,40.2,0.10000000000000053,40.7,7.3777589082278725,4.8283137373023015,5.762051382780177,6.606650186198215,6.0330862217988015,7.4377951216719325,5.0106352940962555,5.799092654460526,6.606650186198215,6.171700597410915,-0.014392662344889118,-0.06347508595130513,-0.13224600219317395,-0.007252715019998135,0.0017135659514817547,0.020000000000000018,0.010897847365513691,0.0010826845768079352,0.004525054562585673,-0.012793080614021513,0.03855379910880874,0.03923974694589871,0.004117490674467206,-0.0015534073016736372,0.0012857943238762104,-0.0002869749999999949,0.0035251446561126443,-0.011788842000000077,-0.003094919673432006,-0.41999999999999993,-0.8200000000000003,-0.6199999999999992,-0.7299999999999995,-0.79,-0.3099999999999996,-0.08000000000000007,-0.05999999999999961,-0.08999999999999986,-0.47,-0.83,-1.03,-1.17,-1.12,-0.82,1.17,1.95,0.006367143749522519,0.009140818691836472,0.0014942695409532192,0.07122482208621861,0.2281558363385936,-0.05691745991123032,0.0034174588084159296,0.0030953777101085933,0.0012874144878072258,0.002611715690989058,0.000663789093242606,-0.0015948966698164924,0.005486240787393015,0.0051063675855003154,0.004142485145999686,0.004108477481063133,0.0032994297743291767,0.00021447727393386629,0.0023944962920037227,0.004267471372479292,0.0019356922560938017,0.005614521200991707,-1.902498837136335e-06,-3.700000000000003,0.0020653370041721075,-0.004050153007511881,0.0009744725318867609,27.83
2001-02-01,0.002350569630227284,0.0020459235160856792,0.0004987069345254724,0.00440259377186436,-0.00021879208920694282,-0.006613339501386761,-0.00806704778166445,-0.00576092196624689,-0.0063431377111600185,-0.003738175695367829,-0.007301036249050874,-0.006359095278101634,-0.0046691526379554205,-0.008108439763101494,-0.004482954809530426,-0.006854673501194952,-0.04270021254920309,0.015903598184215717,-0.7972000000000037,-137.0,-0.03191889300000006,-0.0006886932839389459,-0.0012055631657297283,0.0,0.10000000000000142,0.0738651718557728,-0.10331761402802542,0.08317750647890776,0.11009069003322747,0.05468988629661986,0.08793007250670293,0.0006554042835880125,-0.002366961601321549,0.006600684031352166,0.0024881095894837557,-0.004453306316783312,-0.0038021096482072636,-0.005571045049455492,0.0013396344340055322,-7.639711222751089e-05,-0.0028760148297415356,0.0011990565384110141,0.002927514341816817,0.0034019342360984695,40.0,-0.20000000000000018,40.5,7.393263094763838,4.976733742420574,5.786897381366708,6.646390514847729,5.950642552587727,7.412160334945205,5.241747015059643,5.799092654460526,6.580639137284949,6.030685260261263,0.011449172785319206,0.018022943152587345,0.02339187431238443,-0.008475219810422985,-0.005310646932629837,-0.020000000000000018,-0.0033183802637735127,-0.0024926832570670854,0.005452288512562298,-0.005356107713693881,-0.04347830993586843,-0.04415799589104641,-0.008921267763507323,0.004874114186704581,-0.0011526469035958442,0.00039636799999999417,-0.02262550231574334,0.020045690000000116,-0.02270938783032017,-0.4900000000000002,-0.3199999999999994,-0.27000000000000046,-0.2400000000000002,-0.1299999999999999,0.02999999999999936,-0.0600000000000005,-0.05000000000000071,-0.05999999999999961,-0.3,-0.61,-0.78,-0.81,-0.6,-0.39,1.61,2.38,-0.007094220453471856,-0.008470520225282385,-0.00834801967940102,-0.3159694783469149,-0.037585179790100565,0.02281583427186451,-0.003435723958379988,-0.0007766823628303499,-0.0032201979354820054,-0.0018977082911231236,-1.7636419906708056e-06,0.0015923570243625562,-0.0060270186076127885,-0.005686346198093162,-0.004753750187856731,-0.003536990254694672,-0.003282470689600636,-0.0026678518649658756,-0.0005627769842213581,-0.004382552846768917,0.0019282188021283453,-0.005051933281793097,0.006889918279927798,-4.1000000000000085,0.041003539801467426,0.0021098224579017,-0.020315908206770317,26.1594
2001-03-01,0.0036443284525464748,0.0029701758908160514,-0.0008265641057736417,-0.01205915517822298,-0.008367857797287215,-0.002485418919535576,-0.001832060967414506,-0.0007973978775783763,-0.00017292003859115113,0.023294121247309896,-0.008491341225376203,-0.006815262550290413,-0.0033759235810846278,0.0008862032697942723,-0.014586149684759242,-0.0023217503962520425,-0.02228047972224001,-0.0009573959563278223,-0.4358999999999895,-335.0,-0.061639526,0.0015506304715007246,0.0012418527713009553,0.09999999999999964,0.0,-0.06147995067671275,0.15463647046105233,0.01992097749455457,0.05994303596703343,-0.025533302005164238,0.042065665285511145,-0.000263616747968598,-0.0027002716677468896,0.005062352613041554,0.0030650246573973305,-0.005299429466498751,-0.0065250045076421515,-0.003197444770490776,0.0002861718989493056,-0.0014909114522669853,-0.0034033323281494887,-0.0016164569227399284,0.002158319888188487,0.0018637552884825936,40.1,0.09999999999999964,40.5,7.371489295214277,5.030437921392435,5.8377304471659395,6.559615237493242,5.961005339623274,7.413970290190444,5.062595033026967,5.817111159963204,6.590301048196686,6.07993319509559,-0.019277588802726342,0.010665370005453312,-0.008219266841420492,-5.176385331218114e-05,-0.004653307343289725,0.020000000000000018,0.002873215188428091,0.003711219505312613,0.01088560047790299,0.010043431515319057,-0.026411765326356473,-0.030794133834051052,-0.0014111393383240411,0.00087907830054057,-0.00040027879107285,0.00036942500000000655,-0.09631777130550478,0.11600300800000007,-0.09087189536928708,-0.1800000000000006,-0.3800000000000008,-0.45999999999999996,-0.4299999999999997,-0.3799999999999999,-0.25,-0.20999999999999996,-0.11999999999999922,-0.03000000000000025,-0.5,-0.89,-1.03,-1.01,-0.67,-0.42,1.67,2.53,-0.006355696576217262,-0.009804941778465803,-0.0038147094073828214,0.08797859206079739,-0.08443934566303524,-0.01705417239531659,-0.0017072933731263618,-0.0023163046299545798,-0.005176316435461459,-1.6809224404390477e-05,-0.003318511592988571,-0.003981844421743652,-0.0010004647261192545,-0.0005664110714862503,-0.002953861359251242,-0.0023419214450814962,-0.001453603936347747,0.0001548726497313524,-0.0049508530996362765,-0.0005594534482709079,0.0006300840994954982,0.003911712168688464,-0.004136971998997208,0.9000000000000057,-0.0023417393113014384,-0.003909210299871901,0.00461303307802563,32.4231
2001-04-01,-0.0018140777570376798,-0.0040454448116218344,-0.0006703034443589218,-0.007918453804228065,0.015641188990372257,-0.0035215158322126072,-0.004231673458520824,-0.003672944759892438,0.0033144620937006763,0.0013514881726779393,0.003971537021338456,-0.02338443618252306,-0.0025771940621837075,-0.0021886214958186656,-0.002662507288670568,-0.003934919353807409,0.0031685177967366585,-0.006482705447367287,-0.5413000000000068,-147.0,-0.039516455000000006,-0.0024696266025987512,-0.0035189543441518367,0.10000000000000053,-0.40000000000000036,0.10304526760169086,-0.03408578930925099,-0.014569794156694904,-0.047155137917277656,0.02272825107755594,0.024365004004097912,-0.002232227950424104,-0.006370364514227234,0.0005609049413202172,-0.0026265884063114697,-0.008061691556752848,-0.009301518652184981,-0.005942360696622018,-0.0013022819479484582,-0.005062719362646462,-0.0028594472159575446,-0.006282003148079696,0.00038039688533331173,0.0022414583626808593,40.0,0.0,40.4,7.407924322559599,5.187385805840755,5.730099782973574,6.61338421837956,6.0330862217988015,7.418180822726788,5.062595033026967,5.808142489980444,6.612041034833092,6.066108090103747,-0.002846367504353964,-0.05853237657789734,-0.08347572215732235,-0.0060823828626883625,-0.0013786111623570463,0.010000000000000009,4.133580185783359e-05,0.0011358622637001048,0.010905685116012975,-0.001025208200519323,0.0653666426704076,0.06758738277919862,-0.0015620396429181227,-0.0001831189854231141,0.00033646598153502794,0.0008579249999999955,0.0033590272734391746,-0.012360250000000184,0.01065614682641769,-0.5099999999999998,-0.33999999999999986,-0.5499999999999998,-0.43000000000000016,-0.31999999999999984,0.1200000000000001,0.25,0.21999999999999975,0.23000000000000043,-0.33,-0.93,-0.95,-0.82,-0.04,0.34,2.4,3.27,0.010594991648974705,0.013316906350669733,0.005324648581958691,0.07240598791257291,0.08964708986557168,-0.026622647733470117,0.0011341076065223277,-0.009317433874442393,0.010347646646287956,-0.00038642635213825827,0.00464565296979913,0.000793317864558496,-3.936767638101912e-06,0.0011289860430432341,0.003542611231512005,0.002336449661019202,0.00166389627059349,0.0018067411468134509,0.006615872686716706,-0.00012327657446675744,-0.0038486256612939584,-0.010065577743066711,0.0020508046395484314,-3.0999999999999943,0.049209810862132386,0.006766521954544302,0.006951169828811388,32.245
2001-05-01,-0.0023900186970404746,-0.0032423983647955623,0.004270833893292192,0.00860830892880493,0.002447076113000435,-0.005278491541208297,-0.0042942938406813624,-0.003973011908350088,5.842634484487519e-05,0.007802815580286726,-0.0027110486774830633,-0.016041102950638653,-0.006634613639854514,-0.005270461643135604,-0.010827416949699575,-0.0055373732653754,-0.03299010887725551,0.013681182642061529,-0.640199999999993,-190.0,-0.02519808400000001,-0.0017498183190163275,-0.0015087961286557316,-0.10000000000000053,-0.3000000000000007,-0.09561305204503423,0.027263150758363608,0.0019993342214821297,0.10827874395477988,-0.13192754304254795,-0.005687219120590115,-0.00033224347711424684,-0.005581640604896521,0.001494210214501912,0.000730300185821875,-0.008427267995722687,-0.010056056660936008,-0.005653839469159649,0.0008406738819211057,-0.0005384615514714142,-0.002537013941580568,0.00026910215214392963,0.0013935518819483406,0.001761024704888925,40.0,-0.09999999999999964,40.4,7.380879035564116,4.844187086458591,5.8522024797744745,6.570882962339584,6.030685260261263,7.417580402414544,5.030437921392435,5.811140992976701,6.628041376179533,6.045005314036012,0.02733495739008518,0.03375043949263912,0.013183973565531915,-0.005709840384733766,-0.001964892037060295,-0.020000000000000018,-0.005398780014137294,-0.012960380736087629,-0.005472487800940229,0.002625520588210861,-0.0057346862418334865,-0.008484848484848317,-0.0014960832926851353,-0.0006575042820733401,-0.0016692202528929556,0.000629824000000001,0.0654893523201272,-0.0919328909999999,0.07787246375205337,-0.5899999999999999,-0.5099999999999998,-0.25,-0.22999999999999998,-0.20000000000000018,0.16999999999999993,0.25,0.08999999999999986,0.0,-0.25,-0.59,-0.59,-0.43,0.72,1.18,3.08,3.86,-0.003539285047573948,-0.0028211991415458826,0.0022903681390964437,-0.023497386177851354,0.03767500274436708,0.0693587319365907,0.003386941436940738,0.0038295353045167957,0.014042716241753794,-0.00038220469646876865,0.003950762243050576,-0.0016038331978478482,0.0014771948527574352,0.003933039860488208,0.0029312971800887766,0.0023201361689313416,0.0008728070005759037,-0.0025400006893763205,0.004157654399186583,0.00039868738739912146,0.005745307855990145,0.01174985107849924,0.0006692867022319859,3.5999999999999943,-0.04981060009385807,-0.009646593886229127,0.0029843071312098957,26.095
2001-06-01,-0.0010925878596292904,-0.0013790378817066795,0.0006248580071526177,-0.013722918939121698,-0.0038975163994301454,-0.00532766429144349,-0.002756145033688817,-0.002246441362006024,0.0003757945518962913,-0.005305776262738426,0.002358428808024726,-0.012136655578159683,-0.008879315342366745,-0.010377083792079134,-0.009588345446156943,-0.005768525701531857,-0.004180102838711619,0.006739187570708793,-0.6321000000000083,-64.0,-0.038150544999999925,0.0002720851154833781,-0.001598744705686883,0.20000000000000018,0.5999999999999996,0.03885041135308587,-0.009828088936262525,0.01977651797645663,-0.06476659731600343,0.12911460166593347,0.00682079188508844,-0.0008688852749276776,-0.006405479018109617,-0.00037334329349114626,-0.0013149245813099952,-0.008801600104179741,-0.00996558649966417,-0.006827074631207353,0.00036007257236114754,-0.0013474237375756815,-0.0033636324052928046,0.00028215130715025794,0.0006327912632837496,0.005122621836132879,40.0,0.0,40.3,7.400009517162692,4.897839799950911,5.82600010738045,6.643789733147672,5.978885764901122,7.3938782901077555,5.017279836814924,5.857933154483459,6.577861357721047,6.0063531596017325,-0.030508939963718618,-0.007901786106421227,-0.0022411034266287544,-0.003827257259191086,-0.007585530272466556,0.010000000000000009,0.005250037411895114,0.008705095734157453,0.006090131851732572,-0.0016884718331420245,-0.05406507400433558,-0.05134508348794087,-0.00646755103805674,-0.004928789745304307,0.002604265885275403,0.0008944210000000063,-0.025237681097165066,0.024220107999999962,-0.0041631184946684385,-0.23999999999999977,-0.27,-0.1299999999999999,-0.16999999999999993,-0.19999999999999973,-0.1200000000000001,-0.10999999999999943,-0.11000000000000032,-0.10000000000000053,-0.28,-0.48,-0.52,-0.39,0.84,1.31,3.21,4.0,-0.00563033849232486,-0.009074576760357722,-0.0030534357075993057,-0.06573926327027468,-0.0808850011470903,-0.056295377487748155,-0.0028355474270282954,0.006259801348506677,-0.0198315836276981,0.0007234791143932995,-0.006605043827923929,0.001596153148695656,0.0004795953679472831,-0.003385323460038947,-0.004120240288945531,-0.002336399174253323,-0.0008672503548261545,0.004305147852821101,-0.007201750849242572,0.0003365889076238915,-0.001933359148572844,-0.001697345088463642,-0.000694878578348046,0.5999999999999943,-0.026588526639166332,0.016689769912398233,0.00046687857319582804,23.3004
2001-07-01,5.451957432001109e-05,-0.00015441630666757078,0.002127268114614722,0.0038067932743821586,-0.0032041177250103914,-0.006098904872193778,-0.004796886333145345,-0.006165520805685887,-0.005448211188948449,0.002546900230748328,-0.008252112350669805,-0.010037338424527142,-0.007926078395391833,-0.009140904063897004,0.00010405716987360591,-0.0050178338972513,0.002256321401358008,0.005425158733639357,-0.5493000000000023,86.0,0.0029492199999999746,0.0020696078269537566,0.0014455511672366583,0.09999999999999964,0.20000000000000107,-0.06093628006343099,0.076961041136129,0.07601774752048751,0.14577366748921072,-0.011331566009550542,0.0020120731134198877,-0.0009301657953741937,-0.005355437259002116,0.0016789482537360456,0.0007307271059531217,-0.008085887749341936,-0.009579636856813067,-0.005561021854871839,4.615377515726493e-05,-0.0027389350712869742,-0.0021320851822856923,-0.004049599917353319,-0.0016460909066680074,0.0022683247758212843,40.2,0.20000000000000018,40.6,7.4205789054108005,5.117993812416755,5.765191102784844,6.672032945461067,5.976350909297934,7.37650812632622,5.075173815233827,5.823045895483019,6.5638555265321274,5.968707559985366,0.0007371309560184613,-0.035913683863396884,-0.07212520140317835,-0.008408632370695557,-0.006954888160699113,-0.010000000000000009,0.004353118569453862,-0.002580046935978686,0.00745022413298102,0.005997003799585343,0.06456177091379267,0.06218701200796961,0.0035048149004790474,-0.0011653493965377848,0.00022444303906432594,0.0010421479999999927,-0.028047484314399185,0.03741273100000009,0.0031963971699515703,-0.20000000000000018,-0.06999999999999984,0.019999999999999574,0.0,0.040000000000000036,-0.04999999999999982,-0.040000000000000036,-0.04999999999999982,0.0,-0.15,-0.26,-0.32,-0.15,0.99,1.47,3.36,4.2,-0.008541269757285974,-0.009939463820280992,-0.009998572995254307,0.0280962707297725,-0.005571045049455936,-0.004380266274868205,-0.003943187365570644,-0.0007852375747017248,-0.019296840291056938,-0.0025790029165202455,-0.006605043827923929,-2.576466298975788e-06,-0.002465835518721704,-0.005045631552472507,-0.0046934634754025595,-0.004640373311394441,-0.0020938239156800265,0.00025376316677849786,-0.008246323764558028,-0.0004511750960363159,-0.0006463873428566025,-0.005010987582631632,0.0020148365313459315,-0.19999999999998863,0.02968757308798331,-0.011178168525031396,-0.00024194147903600083,24.859
2001-08-01,-0.001350380589441258,-0.0007241444550079024,0.005664777080037986,0.00822812761080094,0.006806737433850074,-0.0008767200024326627,-0.004406157709027525,-0.0038833173508416863,0.0024300825928378345,-0.00612179014424985,0.005470519700446097,-0.018362602731436084,0.003981446765236818,-0.002686375579379785,0.004936036770308405,-0.004112909980759305,0.034278846929872486,-0.014989905541819226,-0.46109999999998763,-423.0,-0.104099304,-0.0025789557679551933,-0.006073663443350696,0.3000000000000007,0.40000000000000036,0.11567803761560658,0.0,0.11852215882122685,0.054233237706283965,0.19950451457196916,0.0,-0.0011279463112536803,-0.0071573225715297895,-0.0033607201160670286,-0.0026331203042690987,-0.009198568569896537,-0.008887211187071031,-0.009724015641031869,0.00019382259755218456,-0.000425014012540359,-0.0010677496879090143,0.0003095577629856905,0.003163158201420657,0.0015564939585583915,39.8,-0.20000000000000018,40.3,7.356918242356021,5.049856007249537,5.860786223465865,6.523562306149512,5.937536205082426,7.387090235656757,5.081404364984463,5.793013608384144,6.566672429803241,6.028278520230698,0.029692334177337187,0.002084477859277456,0.025811666472838724,-0.008646107696657523,-0.0012410652422065738,-0.010000000000000009,-0.0013407944604386657,0.0006919804704299537,0.0064483508694719305,-0.0009284963604185847,-0.02088356792463042,-0.016203233881334267,-5.880273594272012e-05,-0.0008758997736704188,0.0009421500351081136,0.0013111759999999972,-0.021780587816719432,0.030128844000000043,0.013181249738666523,-0.1200000000000001,-0.18000000000000016,-0.1499999999999999,-0.16000000000000014,-0.1499999999999999,-0.1899999999999995,-0.27000000000000046,-0.11000000000000032,-0.1200000000000001,-0.21,-0.29,-0.36,-0.18,0.92,1.32,3.37,4.2,0.016334671532447054,0.02049238084283722,0.00920420663485011,0.04775358770994487,0.0803979562216699,-0.0019235620261692787,0.001689665285127262,-0.006309786275902063,0.017298494170129075,0.004016120280300406,0.0032860895698600956,-2.5847574267601203e-06,0.0014666216349503713,0.002803478146782723,0.001755904874010561,0.0023201866556972206,0.00021187825282797945,-0.005437366930970633,0.004140016945009428,-1.9342639322239563e-05,-0.0006403074973668765,0.005554331150396941,-0.00339048772598316,-0.9000000000000057,0.03592163320654329,0.00669275641882372,0.0024769785514804354,24.2604
2001-09-01,0.0005130811920164291,-0.0013144543525029917,-0.012830412836183136,-0.021247871723376832,-0.01911817395789228,-0.005421987630588987,-0.0061638158366923435,-0.00789239539401887,-0.005380304430937066,-0.00894090465821673,-0.004084527385530556,-0.016040448655279427,-0.004426611405567549,-0.00788539089117446,0.005590810017778836,-0.004062588870574757,-0.03097072818314839,0.020362999427110395,-0.43830000000001235,47.0,-0.0014201699999999429,0.004908233041957644,0.0044308296608210895,0.09999999999999964,-0.10000000000000142,-0.04446708788902587,0.07188458646143658,0.046715394915541886,0.11911017586444661,-0.04535383474471022,0.08889402580424743,-0.0019636913080312013,-0.005550508921979613,-0.002996818125970968,-0.002052786644611615,-0.007109986982932526,-0.0077798412981415765,-0.005980084266472119,-0.0011819786588436187,-0.003290304321321713,-0.002735835872790915,-0.000638979762131342,0.0,0.001130475862268554,39.7,-0.10000000000000009,40.2,7.3537223303996315,4.9344739331306915,5.652489180268651,6.594413459749778,6.008813185442595,7.355641102974253,5.003946305945459,5.771441123130016,6.54965074223381,5.981414211254481,-0.03787208671293385,-0.03802530396319703,-0.08100625030954234,-0.010372298092219623,-0.005479059673721309,0.020000000000000018,0.0372515148442627,0.014573974869959372,0.01707264463083824,0.02873638354943786,0.3620447111907712,0.3593313859136644,0.010887365321368137,0.005726088393521067,-0.0026890174332816486,0.0011710580000000026,-0.12057011493786263,0.17255729399999997,-0.08247289885570153,-0.5800000000000001,-0.6000000000000001,-0.7199999999999998,-0.6600000000000001,-0.6500000000000004,-0.4500000000000002,-0.23999999999999932,0.15000000000000036,0.17999999999999972,-0.23,-0.43,-0.44,-0.25,1.05,1.66,4.1,4.96,-1.8185207243170964e-05,0.0006794350986556452,0.0038690721394187833,-0.03761230681813377,-0.09746237227735621,0.0260038756008818,0.003938120420137636,0.002336886404187055,0.020710831796855622,-0.002207763858620204,0.01126601595059551,-0.0008093700585813934,-0.0024506203876173416,0.003922672443797737,0.006465586704900161,0.004056800695614982,-0.0032912807401981325,-0.0042359059722079095,0.014887728017181523,-0.009434447943604596,-0.000635489525270927,-0.006105416582121048,0.0006677360664415488,-9.700000000000003,-0.05624734388269026,-0.011110288552982794,0.003355805208647311,42.6457
2001-10-01,-0.002186867413481508,-0.005683596926168377,0.02544265037093929,0.029277838996064176,0.06470965005918394,-0.0030472126583358516,-0.0018860750425053752,-0.0007180919339484504,0.005139124228612069,-0.008658529766303324,0.010079768552586188,-0.014085754258458927,-0.0046968839062202505,-0.01157879459808786,-0.0027236228683538144,-0.004240493542537749,0.013877384532476889,0.01948996416890303,-0.4328000000000003,-364.0,-0.08820439800000007,0.000673435762671204,-0.003323113313642878,0.2999999999999998,0.10000000000000142,0.09219706208878531,0.0741991534069193,0.0654995976171211,0.03646237253735496,0.10426101032440904,0.100001353380204,-0.002378266962479003,-0.00673575467350318,-0.007153644964772887,-0.0013218772579168814,-0.009037426339606469,-0.011234397622995829,-0.0053458196136642044,-0.0014331750047915648,-0.0027955754956892065,-0.0020568000289458155,-0.0016883429235399205,0.0011362920230251206,0.0015523205600889156,39.6,-0.10000000000000009,40.1,7.3395376954076745,4.990432586778736,5.7899601708972535,6.597145701886651,5.808142489980444,7.356279876550748,5.111987788356544,5.736572297479192,6.561030665896573,5.948034989180646,0.002572115415455656,0.044142031706989826,-0.04679443897401114,0.0060152930105825675,-0.015821302624466682,-0.040000000000000036,-0.08086301704109022,-0.023133516937646093,0.0006981499311145001,-0.057787848691455146,-0.627960088684528,-0.5511186884020739,-0.01710958856830125,-0.005466080008015517,0.008997042448137371,0.0017760550000000125,0.03012631014455902,-0.04471555199999999,0.08437472798074941,-0.5799999999999996,-0.5499999999999998,-0.48,-0.5099999999999998,-0.48999999999999977,-0.20999999999999996,-0.16000000000000014,-0.13999999999999968,-0.11999999999999922,-0.2,-0.33,-0.37,-0.16,1.42,2.08,4.54,5.42,-0.020666682129928837,-0.024829282189203994,-0.014782902792337183,-0.04939242488051576,-0.09330380125188142,-0.025362508488637303,-0.0067494801576843955,0.0047581374464167325,-0.03687901263090243,0.0007134177545520259,-0.01655923814187421,0.0024183808642819216,0.0009768005291883597,-0.007845344887595473,-0.00998982399772963,-0.007533049850976248,0.0069269855054781004,0.013401177033116163,-0.022755005013330276,0.01596498169039684,-3.5644743103802057e-06,0.00443428502264398,-0.002689981447209,0.9000000000000057,0.08436631991159516,0.006610145741463569,0.0024031066724656824,34.4469
2001-11-01,0.00043157661719384066,-0.0006810928884757317,-0.0035813113533809116,-0.004873698154272077,-0.02554591672872064,-0.005889140181023933,-0.004720410549105658,-0.004048903516576274,-0.001476665584723591,0.017097885842860983,-0.008123303563705164,-0.008322325676958009,-0.007560951958906159,-0.006886332427518127,-0.008408448724282813,-0.0037889817658234293,-0.04718625669671983,-0.007100084386809868,-0.3827999999999889,68.0,-0.010105890000000006,0.0010682353630588892,-0.0011297363927607051,0.20000000000000018,1.0,-0.00677312700584487,0.013733784630457713,0.10737577472478321,0.03353206029057443,0.19616008790480155,-0.07167084675397817,-0.002368685725894437,-0.007255274704622394,-0.002459095157680835,-0.002943776044013191,-0.009246221170734259,-0.010654437906525871,-0.006891362679279922,-0.001314778482592871,-0.003505495527136304,-0.00345508734630684,-0.0016845864361361151,0.001890955495699842,0.002394311136550087,39.8,0.0,40.1,7.379008127628304,5.1298987149230735,5.8888779583328805,6.548219102762372,5.924255797414532,7.409136443920128,5.081404364984463,5.869296913133774,6.6293632534374485,5.937536205082426,0.005452065825188868,-0.04604485419040927,0.04622377127733657,-0.010574863950168378,-0.011269706970997717,-0.010000000000000009,0.038274865869409425,0.010256429981453152,0.008702468766012217,0.025462166897326277,0.14943118396233235,0.0778431941622787,0.003764628624448818,0.012000657255569536,0.0026541847903862603,0.0023402699999999776,0.04813576817811427,-0.0687086910000001,0.10293060988768632,-0.40000000000000036,-0.29000000000000004,-0.29000000000000004,-0.2400000000000002,-0.1499999999999999,0.06000000000000005,0.08000000000000007,-0.0600000000000005,-0.10000000000000053,-0.09,-0.22,-0.21,0.09,1.88,2.56,4.88,5.72,0.012807749056491957,0.014149365770993683,0.008521630415024184,0.14885594427423587,0.031479826220995655,0.025098735286841922,0.002248138094947727,-0.0031847160675200215,0.0022555207095384944,-1.584991882275233e-05,0.0012665674600746968,0.0008067769699406924,0.002432722733161974,0.0033610324402664205,0.002338737749339792,0.002895697615107551,-0.004192277878468431,-0.00613282089854561,0.002338663844911437,-0.006081045302640753,0.003126341955931533,0.0010954876589077678,0.005358351735619493,1.2000000000000028,-0.008211246698433428,0.017363442763400627,-0.002682172475621414,28.2542
2001-12-01,0.0016594853280853528,0.0003503342808723886,-0.0011314035498202202,0.001965376147580855,-0.011933934658825862,-0.00038921621224030645,0.0011744031381262232,0.0006680069466646898,0.005629136498909837,0.022171166645897245,-0.000499748941506617,-0.01048062112649184,-0.0026335018459890946,0.00470099600361884,-0.008943614319562698,0.0019656402036893894,-0.023675886853482098,-0.022692240435692845,0.04619999999999891,-98.0,-0.026432915999999973,0.00045053631911429193,-0.0014029420006824722,0.20000000000000018,0.1999999999999993,-0.017300904846042187,0.08619914802637751,0.05293129639178851,0.08301880611840229,0.017921626617355635,-0.07107004727575372,-0.0011979019076715502,-0.004967290951292114,-0.003985203110962843,0.00014739479723147042,-0.007229864064779434,-0.00862642990893292,-0.0049032138135576275,-0.00038920963136490627,-0.0030872061878781665,-0.0029356131927986695,-0.003099114465673125,-0.0007559531669052433,0.0013589186974414247,39.9,-0.09999999999999964,40.2,7.357556200910353,4.948759890378168,5.817111159963204,6.555356891810665,5.961005339623274,7.426549072397305,5.14166355650266,5.831882477283517,6.648984550024776,5.981414211254481,0.00865869806531272,0.009072878729979195,0.00381726968832119,-0.011401484769166359,-0.006913586666401628,0.0,0.005828228126942392,0.0016450098733518104,0.010357013035021012,0.010769043240014042,0.13098931190316065,0.1261235955056179,-0.001602737298185275,-0.0005387018189875192,-0.011475174566793811,0.000791301000000022,0.01340909298732118,-0.018558386000000038,0.0731709895106567,-0.2699999999999998,-0.18999999999999995,-0.18000000000000016,-0.09999999999999987,0.040000000000000036,0.4199999999999995,0.4399999999999995,-0.20000000000000018,0.2400000000000011,-0.01,-0.13,-0.04,0.4,2.57,3.27,4.95,6.23,-1.3032966889703346e-05,-2.5471157943712797e-05,-0.00239855903561903,-0.1256717757338519,0.10401166632463976,0.02561942444471832,-3.1739739281277934e-07,-0.0008104949997687072,0.011136322044609237,-0.0010935043427480196,0.0012951703634938028,-0.0008067769699406924,-0.0014696861002549966,-0.0005625872087495765,0.0005838600577927622,-0.0005815636399235657,-0.0003586588405273261,0.0003495252092715617,0.001663639352800672,-0.0012562852966340188,-0.001269555544709533,0.0005341070619682142,-0.0026899045217860795,4.8999999999999915,-0.08240571995777124,-0.016219509156538692,0.008705198563153438,24.5395
2002-01-01,0.001865256191072362,0.00045719622782591784,0.0016059325189479168,-0.0009694308498175985,-0.000694624445916503,0.00693760325872006,0.004224742341392584,0.006142726026639345,0.010179778163436737,0.00474233767992871,0.01230800843297608,-0.0019767370026260167,0.010746922357366628,0.00789802281270724,0.01697725904664793,0.006524006917501879,0.041104046542501216,0.03724438582373413,0.3890999999999991,22.0,0.006824757000000015,-0.0029286458952029193,-0.0025464782590578494,0.0,0.1999999999999993,0.002302253935827281,-0.0707309355171688,0.053377863207646925,0.04233829503821873,0.06614690727504247,-0.020114576139098617,-0.0010006226081884506,-0.005775719019778691,0.004174579117589339,-0.001474926521067843,-0.00792387045854781,-0.010553917316899586,-0.003565671491555733,1.8537227386872246e-05,-0.0025472728577078385,-0.0010454598760318845,-0.002503512531875529,0.0006300006508368483,0.001029673403714071,39.8,0.19999999999999973,40.2,7.437206366871292,5.111987788356544,5.863631175598097,6.684611727667927,5.940171252720432,7.417580402414544,5.14166355650266,5.840641657373398,6.643789733147672,5.945420608606575,-0.00967460029836964,-0.01205024501459917,-0.06190847502183772,-0.01284717036627292,-0.0010411729341139875,0.0,-0.004045810738333877,-0.006046645743111867,0.0020520845624023565,-0.01291663538075749,0.03670819340968956,0.04085365853658551,0.0030186560834657428,-0.012718082030731992,-0.007137639769199566,-0.0003957850000000096,-0.00413104379813678,0.005398583000000068,0.052441202486275706,-0.09000000000000008,-0.09000000000000008,-0.040000000000000036,-0.050000000000000044,-0.06000000000000005,-0.04999999999999982,-0.04999999999999982,-0.21999999999999975,-0.1800000000000006,-0.01,-0.08,0.0,0.43,2.61,3.31,4.82,6.14,0.0014403610475923756,0.0021568825056190732,0.003934716113044523,0.11672780527856208,0.0348726783614568,-0.0013003903002823947,0.002253204325119107,-1.6025759164151054e-05,0.007350068335856719,0.002855011133426899,0.006050438625774035,-0.006472514505617255,0.0009617004224580228,0.0028100944280931017,0.002959106662163258,0.0029047819006082776,0.001936348121117426,-0.0013050012013353651,0.010085249018665365,-0.00017803976120589482,-0.0012554228070329465,-0.002207463809811294,-0.0006717743375102003,4.200000000000003,-0.009290088340296876,-0.017594171971390793,-0.024037116171034434,23.6152
2002-02-01,0.00012156093118598221,0.00023338130721661798,0.003954941165918768,0.003630765721208462,0.005438294540436317,-6.330501943097033e-05,-0.003912147086867712,-0.0058618722505157095,-0.0065433787502460206,0.003021971362659137,-0.010190328457554187,-0.002637283124524714,0.005352258628069428,0.00926310084294002,0.0026874471212590123,-0.00022680350937331895,0.0034763270701976268,-0.001403901247073236,-0.08150000000000546,-263.0,-0.033830672000000006,0.005337301604662059,0.005416362974649758,0.0,0.3000000000000007,-0.01990775765792563,-0.011190547032425613,0.011569739547411473,0.01372358121979822,0.0091022556447653,-0.02353049741019575,-0.0009251295649992386,-0.003665085476239227,-0.008557625677142688,-0.0013292964072491031,-0.004629935606569546,-0.0043357144414617466,-0.005115972959229609,-0.00034299434395634876,-0.00019621308804396165,-0.002502908051166486,0.00026592208639542037,-0.0010081916417927772,0.0006079453971707949,39.8,0.0,40.2,7.511524648390866,5.003946305945459,5.953243334287785,6.748759547491679,6.091309882077698,7.488293515159428,5.351858133476067,5.905361848054571,6.694562058521095,5.993961427306569,-0.012238823337883176,0.05411620246150761,0.08651046845211319,0.0049223015387358515,-0.004960429541586819,-0.010000000000000009,-0.006402724798379111,0.0016083723388380378,0.0036702056562134544,-0.0033762511682580154,-0.08918400677052851,-0.09331361276999506,0.012806641287123277,0.0062059663685944955,0.012780406230965546,0.001368717999999991,-0.0352933706752081,0.049277258000000046,0.018831811525608977,0.010000000000000009,0.08000000000000007,0.07000000000000006,0.09000000000000008,0.06999999999999984,-0.040000000000000036,-0.1299999999999999,-0.040000000000000036,0.019999999999999574,0.06,-0.02,0.08,0.49,2.56,3.17,4.77,6.15,0.004352558845191368,0.005805519315924101,0.0015847703503100163,-0.05816931508994472,0.03553323121968477,-0.017391742711869718,-2.850153648203957e-06,0.005617662874726648,-0.004696867854518949,-0.003592689812984773,0.0,-0.0008594939006760782,-1.1457701381445418e-05,-2.8373655194258163e-06,-3.505425789640526e-07,-0.0005825737828999422,0.0007803494400482336,-0.003396173679074188,0.0006275289370636372,0.001714627421563364,0.0006132142064467772,-0.000551396099058632,0.0026467848866311705,-2.299999999999997,0.044520625596739194,0.018177273899306456,0.0020082408725192735,24.6684
2002-03-01,-0.000629800460439256,-6.806392177161058e-05,-0.00019459579734437682,-0.004945016725868001,-0.002782287906589076,0.007531106754184336,0.007363867518590084,0.006328456457153742,0.008468768125477588,0.009764183684163541,0.008007098944887048,0.0038533789405903462,0.007738365047484486,0.011923236139363524,0.004436504556570853,0.006957522243299152,0.04584768890874269,-0.004190758713911613,0.45180000000000575,176.0,0.01671181599999999,-0.0011897599057135722,-0.001914788839531667,0.0,0.40000000000000036,0.029714962774889386,-0.005447484288294113,0.04168052158592683,-0.0028735651957321195,0.09125824959635587,0.04028049455214955,-9.179505230960672e-05,-0.003985726757722574,-0.012878601833751446,-0.0016270989463542662,-0.004651471659480322,-0.0057062975817459005,-0.002910711754530837,0.0007321967619251524,-0.00035328060660511085,-0.0013516880370527673,0.000511701018286459,-0.00025220681092186226,0.001914948858225074,39.9,0.19999999999999973,40.5,7.403670290012373,5.10594547390058,5.820082930352362,6.6052979209482015,5.993961427306569,7.43307534889858,5.017279836814924,5.831882477283517,6.663132695990803,6.030685260261263,0.0018569953522966642,-0.026763564040907184,-0.06682212034010426,-0.002285737897947726,-0.003302628345819514,-0.009999999999999787,0.002349184394160986,-0.003203978297932508,-0.0006486136111938379,0.005476304658457387,-0.025308580806560954,-0.02665769282541386,-0.008535735631184593,-0.0027967840975655633,-0.005920889105751392,0.000576941999999997,0.04713309049691006,-0.06609936000000016,0.09891947309342441,-0.010000000000000009,0.07000000000000006,0.07000000000000006,0.17999999999999994,0.33999999999999986,0.4400000000000004,0.3700000000000001,0.2999999999999998,0.21999999999999975,0.14,0.06,0.27,0.84,3.01,3.55,5.08,6.38,0.0036040834929034204,0.0057553030851522635,0.00873808016528077,0.06755254593279147,0.11036869548076433,0.021791482859168987,0.001118235796129241,0.00399582950039612,0.016059081801856223,0.0014178965907998275,0.004709056801572409,0.0040560022003930385,-0.0014533418432653988,0.0011157405184718527,0.0029521173254103417,0.0023121327732180674,0.0010272314254589077,0.004768090931757563,0.0031547938109186546,-0.00046114855435686053,-0.0012449157165681513,0.00217833555361846,-0.0019997020922239983,5.0,-0.021889574700004744,-0.011842820342357285,0.013829992943023228,21.014
2002-04-01,0.001245827743014516,-0.0003987531722096094,0.005323807441850015,0.011434994453589198,0.01595231832039623,0.004748236450895504,-0.00017524147288838776,-0.0019615403269321874,-0.0010574473631601577,0.014548504839546617,-0.007303471803903783,-0.004339108471054232,0.011674809739455227,0.014557332403897227,0.009622550568709087,0.0028842934809016896,0.03603621058169448,0.01575221201841348,0.17279999999999518,-141.0,-0.03131951100000002,0.001687378947146101,-0.00037458273023993627,0.20000000000000018,0.9000000000000004,-0.04729486109199854,0.11383020380404396,0.04775633690171599,0.0035906681307285027,0.09120058497940509,0.03279758833557267,-0.000795910287830992,-0.004266086733922592,-0.002518161136961794,-0.006684020428570747,-0.0033079323175133624,-0.0034394739207286307,-0.0030911925696734954,-6.485655123000811e-05,-0.0005497958039857309,-0.0019418000703588234,-0.0001661079905090901,0.0007564296881117372,0.0005597798345551297,40.1,0.20000000000000018,40.6,7.3727463664043285,4.844187086458591,5.648974238161206,6.68586094706836,5.940171252720432,7.419979923661835,5.10594547390058,5.811140992976701,6.626717749249025,6.028278520230698,0.020884121987180038,0.023545044917261393,0.022715809804253695,-0.005212380051828447,-0.0012523709322529442,-0.020000000000000018,-0.00764290896947184,-0.002128725264256559,-0.004454350349380576,-4.458042498178827e-05,0.06793120107385286,0.07153058238220644,-0.00734951623143143,0.002698111578599338,-0.0031384418096420674,-0.0002626319999999849,-0.03695493158305485,0.060317753000000085,0.014217510161199431,0.020000000000000018,-0.040000000000000036,-0.08000000000000007,-0.08000000000000007,-0.08999999999999986,-0.08999999999999986,-0.07000000000000028,-0.04999999999999982,-0.08000000000000007,0.08,-0.04,0.17,0.73,2.9,3.46,5.01,6.28,-0.006501083667417085,-0.009376711714036645,-0.0008365539476535844,-0.012834412760206249,-0.09031313086628767,-0.03405000505961464,0.0016667284637854607,-0.007199699977826768,0.001169281135715572,0.001049130499402473,0.001979931349223918,0.0016339697121559027,0.0009559911816747757,0.0022193611540819447,0.0017485649310398088,0.0005635249383786345,0.0014658978355903685,0.0005999362948179154,0.005392677085710673,0.00028595247690432757,-3.4378444411231612e-06,-0.0011003127369280108,-0.0013244942656678305,-2.700000000000003,-0.012378941757399176,0.0061138914637961506,-0.008684797837372749,21.8145
2002-05-01,0.002758598486009234,0.0027103315130929673,-0.003879142033414773,0.0020726772973311824,-0.013531430756334117,0.004280018010883069,0.004196316100357755,0.003837264458559808,0.003385654448597286,0.004669295815720176,0.002896052099239377,0.004618921184904146,0.004374171122564441,0.0027206143590214893,0.012641894845208057,0.005138781690823713,0.0005420389452694963,-0.010933045461516855,0.3492999999999995,-14.0,0.007945032000000019,0.001470674807560357,0.003029360686868543,-0.10000000000000053,0.5,-0.030824951355541863,-0.10567006526562217,0.03953083875663488,-0.0014347204756601784,0.07724062278214383,-0.04832434373478378,0.00012248897614597354,-0.003753343774404172,-0.007006646025524255,-0.003882340250443761,-0.0035796842547082264,-0.003451344742707363,-0.003791147053268773,0.000935380124230889,-0.0006287084178957514,-0.00016050076272300373,-0.0013564733777524651,-0.00025207965850704284,0.003305634222719789,39.9,0.0,40.6,7.475339236566737,5.099866427824199,5.8944028342648505,6.710523109452428,6.030685260261263,7.447751280047908,5.19295685089021,5.846438775057725,6.642486801367256,6.0473721790462776,0.00919633947368581,1.163785328195388e-05,0.03943479084348667,-0.004855367002299715,0.003534565316160254,0.0,0.007397744983891563,0.004732169974152711,0.003610523218950945,0.0011532554626008107,-0.029557188192237405,-0.034527849748810735,0.0022346384099725114,-0.0008919679602623631,0.002963313587753369,0.00038234200000000773,-0.029830888753241247,0.05237424800000001,0.019859289439677408,0.0,-0.030000000000000027,0.020000000000000018,-0.05999999999999983,-0.1299999999999999,-0.16000000000000014,-0.04999999999999982,-0.009999999999999787,0.0600000000000005,0.05,-0.02,0.11,0.6,2.74,3.41,5.0,6.34,-0.0014445633852986361,-0.0021611226376885284,-0.007095641903878125,-0.032299596329393054,-0.044875406180285626,0.014154257365344591,-0.0033569520741476566,-0.0024073666903561275,-0.011236231173582745,-0.00037332123987532384,-0.008690990821468958,0.0008200060323293457,-0.00048663564893391964,-0.003351001378456786,-0.005292573365768938,-0.0028856642658903198,-0.0035183843294941397,0.00022238490033110736,-0.015557919176674595,-0.00021070737922279648,0.0006121489109225386,-0.0027196100526420963,0.0032844954929966974,3.9000000000000057,0.015191693556646513,-0.0017609863237062484,0.003061178139334153,22.63
2002-06-01,0.002445983284040665,0.0030899349933370956,0.003353568731504275,0.0032524026200828615,0.008460308044949016,0.008181281943255847,0.008181338670947724,0.009386597111875616,0.01023864902481364,0.010789784817055725,0.010038181023643844,0.006718590420853765,0.008164230392724292,0.0130036400903899,0.00644329561513679,0.009648535917437862,-0.008242614856043495,0.0017707422495156777,0.6916000000000082,-45.0,-0.0050673680000000165,-0.0008973377283769679,-0.000908578064658272,0.0,0.09999999999999787,-0.04754226215233448,0.026729349989659923,0.018698374488637093,-0.007927969452190098,0.041685662112742605,-0.05477380064037973,0.0003826813765055448,-0.0011066110064064105,-0.005287391148948828,0.00254015825788656,-0.0025461087689677697,-0.0033581729533906923,-0.0012092944377748438,0.0006940235598804634,0.0,0.0004992511336840977,-0.0006989027511750123,0.0006300800410077301,0.0016255257509598664,40.1,0.0,40.7,7.448333860897476,5.187385805840755,5.8522024797744745,6.655440350367647,6.023447592961033,7.471932078245122,5.170483995038151,5.849324779946859,6.705639094860003,6.035481432524756,0.000530303651435915,-0.034235892919186384,-0.08511115011202719,-0.014705109676606654,0.0017531720570218567,0.0,0.0013376469716694928,-0.0002385157326418863,0.003953342802786253,0.00023628945326237272,-0.02832059838573331,-0.025173642788502648,0.0026860913192034985,0.00969105433709938,0.0004607090977017947,0.00040661999999999643,-0.06234372661309351,0.10481165300000006,-0.02193495190313488,0.0,-0.020000000000000018,-0.030000000000000027,-0.07000000000000006,-0.1499999999999999,-0.2999999999999998,-0.23000000000000043,-0.1200000000000001,-0.13999999999999968,0.03,-0.05,0.04,0.45,2.44,3.18,4.88,6.2,0.005051289026351213,0.005759543217221719,0.002358800078566148,-0.04472676193021918,-0.08526460289006765,0.010339711593939427,-0.000557879377479864,-0.00162900659874321,-0.0019652806849537185,-0.0017731766025548268,0.0020020026706726313,-0.0008240604452538491,-0.0009608332388113539,-0.000557252117028284,0.0005863383340072303,-0.0005755388236234893,0.0005901004752120187,-0.0023823563716076634,0.004778848492846599,-0.00020917221616922888,-6.059189954221722e-06,0.0027122338297198567,-0.002637187926018303,-4.5,0.007869896332193704,0.011793194962102405,0.0010204452410143006,28.599
2002-07-01,-0.002996327054283654,-0.0035751175285216874,0.0066048707826684705,-0.0027907294297673246,0.010430085016611912,-0.00033091179737798626,-0.0008312298401147444,-0.00013848908431324247,0.000553950945874071,0.011810148079621108,-0.004200254795889258,-0.002792159653750126,0.00036431411034421046,3.264084688936464e-05,-0.0019080185951212414,-0.0010340243641566715,0.0073809856433921794,0.002542968464803508,-0.08450000000000557,-45.0,-0.0052181659999999686,-3.452907521150905e-05,-1.466125177707056e-05,0.0,0.0,0.06428489251767999,-0.07306509836279584,-0.019035472081581517,0.0,-0.03535251871571976,-0.0031039859375905365,-0.000742535448079451,-0.0025720635022157268,-0.0031465119372100503,-0.0019418932086328056,-0.0027492326015554625,-0.003053116021160207,-0.002249719734015443,-0.00036083213832860395,0.0003536971210564843,-0.0004100808629932118,-0.00011986096142813096,0.0005037783481860458,-0.00023205625147681985,39.8,0.0,40.4,7.411556287811163,5.049856007249537,5.8916442118257715,6.610696044717759,5.976350909297934,7.460490305825338,5.176149732573829,5.863631175598097,6.679599185844383,6.023447592961033,-0.010635520156581535,0.048265290750824974,0.06667701630347089,0.0019093016763953585,0.005899838434173077,0.010000000000000009,0.001491017367366787,0.0031476077289802618,0.005450659347896902,-0.00021139164135952626,0.0636127323149549,0.06047037539574873,-0.0007758074553736449,-0.003692018058901958,0.0003376272636597122,0.001040752000000006,-0.11530219013361975,0.18434444099999991,-0.08493173984346436,-0.020000000000000018,-0.020000000000000018,-0.020000000000000018,-0.10000000000000009,-0.2400000000000002,-0.38000000000000034,-0.27999999999999936,-0.09999999999999964,-0.04999999999999982,0.03,-0.05,-0.04,0.23,2.08,2.92,4.8,6.17,-0.004327966206036038,-0.0021611226376885284,0.0015649301071798405,0.04966831161281249,0.1112645865610924,-0.027315845649908077,0.0016677470823447393,0.0024001851511918915,0.003266909145348329,0.0038421272539128637,0.0013351136829689025,0.0008220282312754179,0.0014282198874893126,0.0011061893615496032,0.001755583111074266,0.0011471171411221448,0.0009544885076619991,0.001530064448735935,0.0008691793124304681,0.0008921915979023254,0.0006061529796954623,0.0032289124601883046,-3.859804192263283e-06,-4.300000000000011,0.003290739644116414,-0.005328667293669653,-0.00025794204978613067,38.4972
2002-08-01,-1.9187016096822163e-05,-0.00024267957193835343,0.0014557442658729158,0.009556459081204949,0.007769727013206662,-0.0010276273696874227,-0.002235317193320263,-0.003268907327250936,-0.006421487073305698,-0.00850359931637712,-0.005525315617826543,0.004579708900595669,0.0006751983048607357,0.008260345850525042,0.00011462080860891177,0.0010340243641566715,-0.02112719049424161,0.001955232948016139,0.07179999999999609,150.0,0.022219743999999986,0.0014216114908531807,0.0021382707200316986,-0.09999999999999964,-0.3999999999999986,0.012375544675539807,0.0232382251801031,-0.02699634303494225,-0.051217130024819646,-0.006968669316093745,0.019497795713267152,1.531557747469492e-05,-0.003202137492644752,-0.00039401103740654975,0.0019418932086328056,-0.005587157532163545,-0.0052859833410892065,-0.006082215291890236,0.0006845450355648097,-0.0020846861838244024,-0.001695596318965542,-0.0030346000778127546,0.001006795957181339,0.0020865702050247847,39.9,0.0,40.5,7.398174092970465,5.135798437050262,5.808142489980444,6.645090969505644,5.8888779583328805,7.43543801981455,5.10594547390058,5.831882477283517,6.643789733147672,6.042632833682381,0.020029764855369336,0.016186666755837464,0.07266172682871463,0.004257920742684718,0.0013562290168067648,-0.020000000000000018,-0.014906614335675528,-0.00014689501276521355,0.0047490783648687085,-0.007096964220189683,-0.010412443846599118,-0.010528756957328467,0.00337952740848646,0.0052384541651013805,-0.0037850616332200104,0.00018805499999999253,0.009867160787155882,-0.02609832099999987,0.02700390899104743,0.010000000000000009,-0.050000000000000044,-0.05999999999999983,-0.08999999999999986,-0.19999999999999996,-0.52,-0.39000000000000057,-0.16000000000000014,-0.3200000000000003,-0.03,-0.12,-0.14,0.02,1.55,2.52,4.63,5.84,0.002163201881884902,-5.160854819052929e-07,-0.0007907565940090677,0.003527461590890013,-0.0020772117559504366,-0.028594664611591547,0.0005492318606146185,0.009690475015697864,0.0012889073905126835,-0.003515347343160613,0.0006642205385132272,0.0008240626753934777,0.0004667754986549255,0.0010988527737119114,-5.471784062294205e-06,0.0011412058489410626,-0.0002399705805373742,-0.0004280107808316558,0.0010719322041836676,-0.0006301066272618172,-0.0006196778248361845,-0.005941146289908161,-3.844682515907749e-06,-0.5,-0.02180226691092635,-0.013326874786784515,0.009122511890443441,37.2527
2002-09-01,0.0005723655361045132,0.00016502851633148907,-0.004635528489989049,-0.008606680974896364,-0.014594276863766353,0.0009581219777512473,0.0029137992533270207,0.0016232727587786044,0.001249473190151562,2.9703808470671333e-06,0.0017759389211526866,0.0007645497550923253,-0.0018120077582972627,-0.0008407253532141112,-0.0011579042120004601,0.0006108008190643943,0.009956983194639335,-0.014486328407775417,0.043500000000008754,-216.0,-0.023458109999999976,0.003737601619812736,0.004357559804450517,0.0,1.1000000000000014,-0.054408926382091494,0.0003959612009767355,0.028680695799672584,0.05770831762064699,0.004440222962735163,0.03960173811502621,-0.000681770331098619,-0.002363698279683746,-0.004344398618079559,0.00014922032408470898,-0.003433479767890546,-0.004887906873292991,-0.00104639005013496,-0.0003329633771045337,-0.0019312253514360833,3.57264071784158e-05,-0.001249862310263694,0.0018850146957714031,-0.001993741242321434,39.9,-0.09999999999999964,40.5,7.4977617006225685,5.170483995038151,5.945420608606575,6.695798917058491,6.07993319509559,7.497207223203318,5.214935757608986,5.8888779583328805,6.672032945461067,6.148468295917647,0.014135879093954529,-0.05983806200139696,-0.1184366628150837,-0.01156990553445425,0.007272888638949482,0.020000000000000018,0.01761082332182884,-0.0032473878514487353,0.0025896396971418767,0.0001464421949322059,-0.032973757652495106,-0.03043787135107212,-0.002071419436401989,0.002647393718984148,-0.0031119916690638405,-0.0002776310000000004,-0.05027008178568604,0.08043991699999986,-0.04330860994837504,0.010000000000000009,0.030000000000000027,0.009999999999999787,0.0,-0.040000000000000036,-0.3500000000000001,-0.3899999999999997,-0.21999999999999975,-0.17999999999999972,-0.01,-0.12,-0.15,-0.03,1.19,2.12,4.4,5.65,0.0028771800145497295,0.0028648161285094176,0.004660145144401717,0.0060614514487742355,-0.007620738178844455,0.03870240283328297,-0.0011132566975851077,-0.013723729494011572,-0.0032579578202618364,0.0003394028288354889,-0.0019993342214821297,-0.0016501653909575253,-0.0009580177188874828,-0.0022123842185237663,-0.0011702687708368131,-0.001720013282427324,-0.00016032060219206556,0.0009550053192315389,-0.002397900620516147,0.00033906512847003967,0.0006028646311868613,0.0037624338928305967,0.0006470001814489201,-1.5,0.04061677533587371,0.0020952499436717176,-0.0045132880183729185,41.656
2002-10-01,0.0016959900728092947,0.0019394697752375123,0.004072708886265097,-0.004621011567330413,0.004034705275770989,-0.0026348351293394856,-0.0006254909135918751,-0.0018040313707734512,-0.0016303483006536723,-0.00536500401784501,-7.587087918103919e-05,-0.003953167645113886,-0.005484945927944018,-0.002073093477687138,-0.004326238970287832,-0.003198930906796349,0.0436317867540863,-0.030432016048572486,-0.23430000000000462,178.0,0.01873069999999999,-0.0016364927706629118,-0.0021435610263864646,0.0,0.1999999999999993,-0.002528446353358582,-0.005557775322347247,0.023616597356630464,-0.002159050856692879,0.04516697180001117,-0.0048959706122069235,0.000942099265831331,-0.003220038560460381,0.001977066678001016,-0.0019416031788477284,-0.003910008626316852,-0.004483833710542839,-0.0029707317610174755,0.0018022269306268157,0.0005915876412387888,-0.0003394524129252119,0.00048141537046042515,0.003258965030314087,0.0006031783038693561,39.8,0.0,40.3,7.4073177104694174,4.983606621708336,5.768320995793772,6.546785410760524,6.184148890937483,7.4949862339505335,5.147494476813453,5.883322388488279,6.678342114654332,6.159095388491933,0.0036573706945723927,0.013668018428758089,0.02869029232797793,-0.008011966437345919,0.0014799160777627662,0.0,-0.0009698231825829851,0.0035978913238530197,0.00566736106824095,0.0013199357452089444,0.017718011077326956,0.020194136551452746,0.002810588326142671,0.004165943902517455,0.0013010551182368602,-0.0002578280000000155,-0.0153041699542662,0.03898136299999999,-0.02103006865581669,0.0,-0.030000000000000027,-0.04999999999999982,-0.040000000000000036,-0.07000000000000006,0.010000000000000231,0.06999999999999984,0.16999999999999993,0.33000000000000007,-0.04,-0.17,-0.19,-0.1,1.2,2.19,4.57,5.98,0.002132254129451283,0.004254640090975315,-4.87517006773075e-05,-0.0067066789138321425,-0.07247820391945625,0.0009766513559963386,0.0005492754656621912,0.00402013094650755,0.00709741177446066,0.00275458287968533,0.0019953448588960754,-2.7275473426513486e-06,0.00046686813214424916,0.0016484974277908293,0.0011621088694084847,0.0011389463468649552,2.2796092643773136e-05,-0.0008024519333380553,0.002028219612051352,-0.00048167867868631475,0.0005973508980772202,-0.003226097060450961,0.00323262094198995,-5.5,-0.06140948329397844,0.0010109160805260586,0.006418280836291146,41.3973
2002-11-01,0.0021772661020555972,0.0022064169206679196,0.002852012737915466,0.010657168552732799,0.006567331627165274,0.005470700679255813,0.0039653392872267545,0.006039255163533319,0.007669665337859399,0.02333668963400104,0.0010578791648789831,0.003955807564120839,0.0076078738557745496,0.005084257236945611,0.003453225356282452,0.004940363095605527,0.008200169115736955,0.04414450336156861,0.3696999999999946,35.0,-0.006362104000000035,-0.001880457236463684,-0.003560869338080863,0.20000000000000018,-0.1999999999999993,0.06476453537742977,-0.002790514069124228,0.006553103398390547,-0.05098998834943558,0.05301594769899687,-0.03826901891867074,-3.0623416197528286e-05,-0.0018831552890610226,0.0007897335060000898,0.003581558820343389,-0.0045254968756811564,-0.005471823104826967,-0.0029795833103243297,0.000350825366425056,-0.0013414347470384058,-0.0026839409183416763,-0.0010500514286100326,0.0015005629925823882,0.0010199351834572212,39.7,0.0,40.4,7.469083884921234,4.969813299576001,5.918893854273146,6.698268054115413,6.054439346269371,7.479299637782834,5.081404364984463,5.823045895483019,6.661854740545311,6.194405391104672,-0.005188506035887386,0.005242421863799862,-0.00015403573659611425,-0.006826190646290087,0.0015474961009331878,-0.010000000000000009,-0.0019427032568453129,0.0010333454336723946,0.00724423078534997,0.007430139637202515,0.017991797349345084,0.012980283964739936,0.0011276845634284882,-0.0056633304056399325,0.003438484969582767,0.00024145100000000363,0.06269904673916393,-0.1026913519999999,0.057816049935186964,-0.4099999999999999,-0.33999999999999986,-0.3500000000000001,-0.29000000000000004,-0.15999999999999992,0.09999999999999964,0.10999999999999988,-0.010000000000000675,-0.11000000000000032,0.03,-0.11,-0.07,0.15,1.71,2.71,4.97,6.28,-0.005730674708984473,-0.007837589104925158,-0.006187774918283928,0.018792616818394947,-0.06565594790803786,0.043255221764055385,-0.000555685554776808,0.004059433916861366,-0.009038564175801511,-0.001064101360150005,-0.0019953448588960754,-0.0024913318077262048,0.00046288794041959846,-0.0011040387640681715,-0.0011661745794135925,-0.0005738612689594191,-0.0008352572030698724,-0.002077162272046351,-0.0019775206556138514,-0.0002061076016683927,-0.0018275730010062219,0.001606138545267477,-0.003899874339270415,3.6000000000000085,-0.018533462082464425,0.0009595184387478639,-0.0008263559772023754,32.005
2002-12-01,0.0022150485121841257,0.0014778970190754137,0.006523483024530208,-0.007792600453004894,0.008414363202469133,-0.005561413962286821,-0.006691910539618817,-0.007881093003228479,-0.00941935342533462,-0.016716005080696483,-0.006365080480702723,-0.011104190591131768,-0.0039612092842951085,-0.010047007813382969,-0.0005771813422148497,-0.005978131254483543,-0.024472209887063556,-0.0010760626506174376,-0.43089999999999407,-345.0,-0.045658908,0.00017235020224859454,-0.0006961058655061692,0.09999999999999964,0.8999999999999986,-0.03870559161387721,0.032982966232572686,0.06602745132075505,0.02100602369304916,0.09879858570563105,0.054697742544425054,-0.0011337261733856963,-0.004182507052846063,-0.0009872643708401796,-0.0019384185596944548,-0.005350467552831972,-0.005826516267504189,-0.004574251466367585,-0.0005078134125700018,0.0005920312765432811,0.000752229859593001,0.000929719311823618,0.0017478156759054286,0.00032430679706862975,39.9,0.09999999999999964,40.5,7.488852955733459,5.075173815233827,5.950642552587727,6.665683717782408,6.129050210060545,7.547501682814967,5.176149732573829,5.996452088619021,6.752270376141742,6.133398042996649,0.0049070427376260994,-0.03629902835764831,-0.013473243192843043,-0.006036662257230319,0.006287258199900947,0.020000000000000018,0.004084673735982314,-0.005204142364325648,0.002015240936447782,0.005789207530512819,0.014837575395539648,0.023029412746636613,-0.0002909112902589328,-0.001100381156406094,-0.0001635121455993982,0.00021745700000000423,-0.011884436576053758,0.031371161000000036,-0.015675337130038436,-0.10000000000000009,-0.050000000000000044,-0.040000000000000036,-0.030000000000000027,-0.040000000000000036,-0.020000000000000018,-0.019999999999999574,-0.09999999999999964,-0.16999999999999993,0.08,-0.05,0.0,0.21,1.79,2.79,4.97,6.21,-0.0021451563463878998,-0.002131439528070267,-5.926275354894983e-07,-0.015374028430456654,0.20692950073250316,-0.02968059515360366,-2.7320575526346147e-06,-0.004067359291533457,-4.1409316331453283e-07,-0.001733393364784952,-0.001329787430001339,0.0008164346533519051,-0.00048023488532233927,-2.708131570550165e-06,-1.3489442141079167e-06,-0.0005709325580802727,-2.696028115156679e-05,-0.0002859481834187605,-0.0010969311770345769,0.0003954140208790591,0.0036155240110469222,0.006912180360192366,0.0012840792412229796,2.5,0.052062689022772446,0.0049214481818626865,0.004018893549784686,31.8309
2003-01-01,-0.0027888571906107273,-0.0034712017256683936,-0.0001360396149463483,0.005861756369865745,0.004416202155253401,0.00822249196110647,0.009295041238526203,0.009586140948523614,0.012492927152245592,0.016341526246289817,0.010862771160425666,0.0029360220628369404,0.006725109500292703,0.01539732230409907,-0.004463774827802247,0.00798858098998867,-0.009951284523527448,-0.02552260828120989,0.5995999999999952,272.0,0.03709083200000002,0.00598621045832104,0.0072377554009612766,-0.20000000000000018,0.0,0.0063224657394869155,-0.0027074083449498687,-0.03262678709742595,0.04215740535748225,-0.08909254319345461,-0.04758389140554975,0.0008504151074291144,-0.0019397773083635883,-0.0017795358131609262,0.0005968367828614873,-0.003089531640132037,-0.004881498004968066,-0.00017635129222881574,0.0014212282171151003,-0.0018562040044560746,-0.002007205104083809,-0.0012777502633198878,0.0009973819552655527,0.001758689766949928,39.8,-0.09999999999999964,40.3,7.52456122628536,4.983606621708336,5.945420608606575,6.704414354964107,6.2324480165505225,7.4999765409521215,5.1298987149230735,5.905361848054571,6.679599185844383,6.16541785423142,0.019743595803626945,0.036128448650925904,0.009459963128442439,-0.0011662100854330504,5.7917294119747e-05,-0.020000000000000018,-0.002923198406774574,0.0019669400844666285,0.0012888827800825453,-0.015278495804119885,0.0348456348251136,0.031257593779175696,-0.004191803915182923,-0.0032421898844088304,0.0005594828555430809,0.0006857299999999955,-0.0037214112986045933,0.012244589999999889,-0.015254026138194376,0.0,-0.050000000000000044,-0.020000000000000018,-0.040000000000000036,-0.08999999999999986,0.020000000000000018,0.019999999999999574,-0.040000000000000036,-0.10000000000000053,0.03,-0.07,-0.04,0.12,1.81,2.81,4.93,6.11,0.012116748942240463,0.01555445986021109,0.009942128815899842,0.05421393044253531,-0.00023410189964057082,-0.01915723459413954,0.0027392583790168956,-0.0016472891266641199,0.017880010651230016,-0.0010339087670185876,0.007961111465382587,-0.0008475813178057123,0.0004601202740346366,0.0038172235492703877,0.004046072256004507,0.0033981453783162863,0.002021819288494875,-0.0021270348913056125,0.010844585646186289,-0.00014904635772872155,-0.004831289730272914,-0.01383808234473305,-1.0352380540368245e-05,-4.299999999999997,-0.001555837890968803,-0.0010179353660202395,-0.021150063686357967,30.6685
2003-02-01,-0.0035451000479085337,-0.0037943712279329134,-0.0032295676334177514,-0.011113952009345951,-0.013918695409085302,0.001245700247824999,0.002173202717844269,0.003680367305484822,0.003937638331667159,-0.015460819449386598,0.01189773663959226,0.00021955518208471858,-4.68636502182207e-05,-0.002015892393151475,-0.003978989200407845,-0.0011392862971488782,0.06483301177319767,0.0011171889597747509,-0.0771000000000015,-212.0,-0.02919233900000001,0.0011162970235041314,0.0004729009651640581,0.10000000000000053,0.0,-0.02051716823404881,0.011168997292540617,-0.0015805282253396058,-0.07998339745140193,0.05741090721333908,0.039707449595113076,-0.0010497160218072565,-0.005569531479162393,-0.0005938830225025171,-0.005534379543858492,-0.005734154073167019,-0.006764892138127365,-0.004064687048961346,-0.00012911913102264805,-0.0009491794266125453,0.001434128922996436,-0.002332253154857966,0.0014942102145010239,-9.24855491994947e-05,39.5,0.09999999999999964,40.3,7.395721608602045,4.969813299576001,5.627621113690637,6.630683385642372,6.1070228877422545,7.5251007461258,5.111987788356544,5.799092654460526,6.694562058521095,6.309918278226516,0.007173198983483786,0.023941371406776213,0.0009082564999456366,0.005259071819626371,0.007506925165733591,0.010000000000000009,0.0030402225959598184,0.0005325698746592167,0.000722305126794609,0.002285041956272771,-0.08610635598721306,-0.08570465429860019,-0.0030675187641504564,0.0031494411726127325,0.00031551821628106325,0.0006697650000000166,-0.06790191345952046,0.13240193099999997,-0.0851966169559768,0.020000000000000018,-0.020000000000000018,0.0,-0.020000000000000018,-0.06000000000000005,-0.1499999999999999,-0.1499999999999999,-0.21999999999999975,-0.29000000000000004,-0.01,-0.09,-0.08,0.04,1.64,2.64,4.69,5.8,0.0013040730281694835,0.0012062896838180848,0.0073883860486896324,-0.025701620613305387,-0.02779944278150559,0.03710764571798286,0.0010707236080316207,0.002441944759344672,0.00033002084557409717,-0.0010275689849184033,0.002579267394895446,0.0025003291427845298,-0.0009440009271299843,-0.000571524731330264,0.0022666081919728853,0.0011050177108700154,0.0012172708753785955,0.003001146138865707,0.00040429305574107843,0.0011025471684922294,0.001201561197051948,0.00797491867753708,-0.0012898767883293694,-2.5,0.010128036674915464,-0.013445559622228487,0.010309443029676402,36.5405
2003-03-01,0.0014757589379161828,0.0013019949565151734,0.00572973878426275,0.009075046467570402,0.017559839240528063,-0.002742371997936033,-0.00027177111583842617,0.0005370530582569089,4.3277784108397555e-05,0.0031389240194030776,-0.0012310138672706472,0.0018264262563363332,-0.006211405984599239,-0.006052741493733471,0.0023262641109411675,0.0009347323347839165,-0.05697590504508554,0.006054787724219857,0.07700000000001239,-130.0,-0.013828547999999996,-0.0005340234686439516,-0.00034919757662521533,0.0,-0.3999999999999986,0.01172512988647334,-0.01699538782798804,0.0,0.049634247380089036,-0.03604978021397098,0.03912712838881305,-0.0016188744304717062,-0.003548038656555619,-0.007353705005902711,-0.0019518060396368497,-0.004067526454059944,-0.004168958314572535,-0.00390348260021689,-0.0012274639646978613,-0.0017821433995415248,-0.0008960895255345491,-0.0016317873030882168,0.0017404280872632683,-0.0006476384553515402,39.9,-0.20000000000000018,40.4,7.453561871643373,5.017279836814924,5.855071922202427,6.6895992691789665,6.045005314036012,7.471363088187097,5.099866427824199,5.82600010738045,6.68586094706836,6.115892125483034,0.007847399653613252,-0.010786631820277393,0.03058726325925676,-0.00018690346698058136,0.0007252354830029617,-0.010000000000000009,-0.007954085495972762,-0.0027437728605903544,0.0018191517735157703,0.0036873048547745313,-0.007931761314525776,-0.009998215600116045,0.006037564652615401,-0.008169035494903554,-0.0002610345018299043,0.0001879419999999965,0.011403851179016655,-0.015999399000000025,-0.006451722636322543,-0.010000000000000009,-0.040000000000000036,-0.040000000000000036,-0.050000000000000044,-0.06000000000000005,-0.1200000000000001,-0.08999999999999986,-0.0600000000000005,-0.10999999999999943,-0.04,-0.12,-0.12,-0.01,1.53,2.56,4.64,5.7,-0.0022068905308119113,-0.0036250724249446975,0.00041214936474087693,0.07707350228881893,-0.15207799492119722,-0.025658120485101854,-0.0038288566016362324,-0.006612201331448908,-0.017566323717899124,0.000339841372586136,-0.009865684804506891,0.001675042267695659,0.001390874425467814,-0.003265289567189633,-0.004613850797635877,-0.003954305660449187,-0.0016373616767477728,0.0008998321382573948,-0.011310776524466881,0.0011616282510837905,-3.246495002606764e-06,-0.002129920845684641,-0.0006428706362289205,-2.3000000000000114,-0.0422462338274201,0.014034490935349808,-0.002224283294602891,35.1947
2003-04-01,0.0041106909688544135,0.004108612535622669,0.004711561497479089,-0.002899399109553613,-0.0024496358915175875,-0.006277865118468284,-0.008295662038888096,-0.007882243141183132,-0.00804318064739995,-0.009465377326582036,-0.007486707558899575,-0.00913484727555236,-0.0034204755392845954,-0.007480092823893614,-0.0047900443900470435,-0.007535374425904351,-0.020698632917925508,-0.01193869442758988,-0.5438000000000045,9.0,-0.009348166999999963,0.0030906430159358678,0.0014469204573330785,0.09999999999999964,1.2999999999999972,-0.013155745294992194,0.035964090106548774,0.057474719393747264,0.04167269640056759,0.06928945338280101,0.020495130631589475,-0.00043009432016916094,-0.0036978745144313763,-0.006403864190219544,0.00524620853998492,-0.0076372686254977395,-0.008501293264664866,-0.006241660923475223,0.00023084132531536738,-0.0005947542848936394,-0.0009507324045845422,0.0006718398586542662,0.0031003931327475698,-0.0006943641061294414,39.5,0.0,40.1,7.404279118037268,4.990432586778736,5.777652323222656,6.576469569048224,6.12029741895095,7.497207223203318,5.147494476813453,5.869296913133774,6.709304340258298,6.124683390894205,-0.038187178752878026,-0.016968017581241668,-0.03451608511972637,0.0023710826289740083,0.0011377248298778397,0.029999999999999805,0.007708855239821233,0.0028538967071156662,0.010101725859160027,-3.717039830686275e-05,0.046187950068198536,0.043341523919254166,0.0012141244153891506,0.0029419239674455255,0.0040044546145541204,0.0009392749999999894,0.049991406703177255,-0.09529311699999998,0.03789811622152861,0.010000000000000009,0.020000000000000018,0.0,0.010000000000000009,0.030000000000000027,0.15000000000000036,0.1499999999999999,-0.14999999999999947,-0.10000000000000053,-0.03,-0.13,-0.12,0.01,1.67,2.7,4.48,5.59,-0.02164755730007073,-0.02686117101337082,-0.04226980430977978,-0.29672324283941,-0.10507897769874042,-0.04191438937665204,-0.005446332794130981,0.005752722049458647,-0.019466862775873395,0.0006786449379871939,-0.009223156197432303,-0.002517835992340345,-0.0032628619679924142,-0.00596309732559952,-0.008586988403967766,-0.005623987635949845,-0.00426333098671261,-0.0005720189867384207,-0.010748047638381664,-0.002797367172598264,-0.000601858012038825,0.0015874369466177818,-0.001919181389405722,8.400000000000006,0.05636680081184764,0.003539272088133316,0.0003500301173158249,27.1423
2003-05-01,0.0073345522641456995,0.0073513094632176035,0.003209539664832839,0.008732372037075109,0.002736441970398573,-0.0003439673851080016,0.00018235858982418307,-0.001671700383215402,-0.002823571511863854,0.0005109308495683251,-0.004171775943518696,-0.0007991086877803255,-0.0010658367583973316,0.008864111579533152,-0.008396852623747897,0.00036755255034215395,0.014998218270390495,-0.006382632783741293,0.04250000000000398,181.0,0.015694653999999975,0.00017749015317569672,-0.0006468564095349905,0.09999999999999964,-0.3999999999999986,0.06713000643580003,-0.011337989937396209,-0.009000960858974949,-0.02277678534275651,0.0010373444913627239,-0.028482018284679,0.0001536263502934787,-0.0014646652197285448,0.0036072183402868774,0.0025382619077660706,-0.0035657995678537446,-0.003999560936501112,-0.0028663581072514432,0.00047997933318200126,-0.0008729466469752367,-0.0010594267517518574,-0.0006247963736640827,0.0021027900629739804,-0.0012974377428207617,39.8,0.0,40.2,7.467942332285852,5.017279836814924,5.886104031450156,6.679599185844383,6.095824562432225,7.51479976048867,5.176149732573829,5.8805329864007,6.709304340258298,6.173786103901937,0.01161547470556279,0.01287827026754762,0.024215742664635442,0.002102919609756171,-0.004418095472562555,-0.009999999999999787,0.0063311733587188,0.0037730064146828113,0.011719125054687751,-0.0003169117995840409,-0.0002121065725639859,0.002283269210024752,-0.00944445477284006,0.0008599725280591386,-0.001151446505329723,0.00028477300000001593,0.050317570498433106,-0.09111924800000004,0.03524027352014736,0.0,-0.030000000000000027,-0.05999999999999983,-0.05999999999999983,-0.09000000000000008,-0.41000000000000014,-0.3900000000000001,-0.5200000000000005,-0.46999999999999975,-0.06,-0.19,-0.18,-0.08,1.26,2.31,3.96,5.12,0.010466849003717194,0.01307335472871074,0.018484531403262672,0.1847772801310006,0.1680419999190339,0.06026564382202704,0.0021747825270352905,0.0008226249242646588,-0.001680993602443337,0.0020304237578354645,-0.0014363470083145202,-0.0025369346692842853,0.003710363264459282,0.0021621221760019793,0.000544541871854598,0.0016807831184877386,0.0005520700058783135,-0.0035186090427457017,-0.0007820976918688771,0.0017833618469369483,0.0023880531391182735,-6.998708737881998e-06,0.004471012995336032,6.099999999999994,-0.015419364435064864,-0.011595076884420408,0.009863427589706042,22.5485
2003-06-01,0.0032499157894001485,0.003134092744764061,0.005344303191693989,0.00931853092119539,0.01079139920974903,0.0013221344444946936,0.0011616277327677338,0.0023104786115712983,0.0018348515673478616,0.009984138310179524,-0.0014455224867662153,0.003910346906684126,0.0015619494407337342,0.007942005999282742,-0.0004337503168754253,0.004531238380537594,-0.055520597983039544,-0.0101053000609026,0.3516999999999939,101.0,-0.0013451800000000014,0.0037880381586319345,0.0017869210882643927,0.20000000000000018,0.8999999999999986,-0.027826702122479396,0.04241707290333796,0.06814863336166965,0.0450463208159384,0.08493561080578527,-0.0053207338058811615,-3.072338203224945e-05,-0.0020174238846095705,0.0029961073046678166,0.0025318354428627288,-0.004406203342144366,-0.004350985834326693,-0.004495197715991495,0.00036905816775600897,-0.001469858244572464,-0.0019782044360638906,-0.0009547438717305567,-0.0004943764777500803,0.0018066852249489784,39.8,0.0,40.3,7.532088143541722,5.093750200806762,5.886104031450156,6.721425700790643,6.2422232654551655,7.536363938404511,5.14166355650266,5.958424693029782,6.755768921984255,6.126869184114185,0.01640761865529683,0.011389809811801044,-0.002406740030565402,0.004077309345799307,-0.0027376544021748828,-0.020000000000000018,-0.005358569568086224,-0.003908373187353931,0.005076618750216255,-0.00394143826466653,-0.009684804422571691,-0.009802377076441049,0.004926218294229123,-0.002690802169200701,-0.003838212960086018,1.7482999999984816e-05,0.05410995722617873,-0.09277895999999997,0.034419796941886904,-0.040000000000000036,-0.17999999999999994,-0.15000000000000002,-0.16000000000000003,-0.16999999999999993,-0.25,-0.23999999999999977,-0.25,-0.1899999999999995,-0.2,-0.3,-0.3,-0.21,1.05,2.11,3.75,4.97,0.007733873519937262,0.010419853218634145,0.010546163796316677,0.029033337453217456,0.09162326249943487,-0.030763707051649547,0.002731793126854676,0.007484421709627043,0.022442354940962694,-0.0010291830064073082,0.013320615306843031,0.0016706726773847436,-0.00324987388953879,0.0027207934572857084,0.007489656743723927,0.0033866428988016395,0.0022308971295732505,0.0023240145052083605,0.015756499674580482,-0.0023270545279112653,-0.0012025842759508798,-0.0010601478094924843,-0.001921202055436222,-2.3999999999999915,0.008745015079737684,0.004975562067764727,-0.0016945038052051942,22.349
2003-07-01,0.0009018988056936905,0.0006791951320774814,0.00450297729728355,0.007572937362400722,0.01036244296393285,0.005149138267602105,0.006615142960550102,0.008134130375135662,0.00982656164028306,0.024125123891639788,0.004023375698216647,0.0048076919559632,0.003111763149962421,0.0052577157614086545,-0.0032055618243465034,0.0032574969112584284,0.04470892613149324,0.006013938306400846,0.2563999999999993,-409.0,-0.03503577000000002,-0.0038904324792490286,-0.0022959786882168487,-0.09999999999999964,-0.1999999999999993,-0.06614568484018513,-0.04813464136654133,0.022547928109142745,0.13378944604301246,-0.06288908854893371,-0.024603701308953063,-6.144959598763933e-05,-0.003678503320269755,0.0011959339675362557,0.001783326375427663,-0.006298688413703957,-0.006505911899026273,-0.005964771412710235,0.0006639616621644251,-0.0011535632457242428,-0.0015312973077907799,-0.000773876655772554,0.001482396812539477,0.0012488727079382755,39.6,-0.09999999999999964,40.1,7.5480289699350145,5.236441962829949,5.961005339623274,6.76849321164863,6.111467339502679,7.541683099882111,5.214935757608986,5.929589143389895,6.739336627357174,6.173786103901937,0.022623061164015468,-0.0010783475226592287,-0.008727854778550537,-0.0026351454371287275,-0.002115859386202956,-0.020000000000000018,-0.004508120374993041,0.0016331894059629093,0.004534879106120826,0.0018099313335930844,0.032614253318962394,0.03338999444835555,0.011582366977314074,0.0034358953525837066,0.0004242881469025406,0.00014208600000001348,0.004584616268365593,0.006619034000000079,-0.016680749429722752,-0.20999999999999996,0.010000000000000009,-0.020000000000000018,0.029999999999999916,0.1100000000000001,0.6000000000000001,0.6499999999999999,0.5200000000000005,0.4299999999999997,0.02,-0.11,-0.06,0.11,1.86,2.97,4.48,5.61,-0.004921414894099918,-0.006944950612214562,-0.003771580114561246,-0.06913429723968889,-0.08642062023525598,0.01726264534354094,0.0021786442569711184,-0.0008501752450778,0.005795444123984694,0.0013366565372798789,0.0019939866064797584,-1.1491016898901307e-05,0.0018458668394414346,0.002716358420007836,0.0005692384499775827,0.001688391392473676,0.001851061385676367,0.002507344829215441,0.0026875798723029476,0.0014272333055460606,-0.0011940232196878675,-0.0031637233066925674,0.0006310771725526187,1.2000000000000028,0.06284046931482656,0.004522048978358839,-0.0174569555715971,21.2068
2003-08-01,0.0015783327649980805,0.0015288915649822599,0.008813436396376773,-0.0004107657103915585,0.01658198752526019,-0.002130045771744804,-0.0039224295390605235,-0.0054565384820159935,-0.008073724450972541,-0.018662685697207415,-0.0037520628686076307,0.0015319462895400093,0.0003891967728870682,-0.0028257708474841436,-0.006043274179627467,-0.004613866872794858,0.012267647251935188,0.007533121902212336,-0.3247999999999962,209.0,0.02777024100000003,-0.00027310279075898336,0.0005454089429566267,-0.10000000000000053,-0.5,0.0293446159700661,0.0034344624486344344,-0.02114126027274743,-0.062093189097862656,0.011595794161383566,-0.027844597967490614,-0.00023815285684669618,-0.0001382074496021346,-0.002193639328157637,0.0037050801925460064,-0.0018069363454173981,-0.0019149541194014574,-0.0016329496507108132,-0.00025815493127190337,0.0008752387573363052,-0.0011906266627601525,0.0017958216672600003,0.00012343393214386822,-0.003565726531480351,39.8,0.09999999999999964,40.2,7.513709247839705,5.0369526024136295,5.986452005284438,6.7464121285733745,6.063785208687608,7.583756300707112,5.318119993844216,5.961005339623274,6.785587645007929,6.192362489474872,-0.015370868554201778,-0.0015936994515435288,-0.006432495609734801,0.005374264709676169,-0.005903143563999791,-0.010000000000000009,0.0018275080883434214,0.0017259790979355927,0.005179240145059438,0.0009583526153678079,0.018368267575993524,0.014687405700490874,-0.01714742678322878,0.007402798278151046,0.0006795978521862978,8.182399999998036e-05,-0.003037231090607939,0.01914667399999992,-0.027189148777683858,0.020000000000000018,0.030000000000000027,0.04999999999999993,0.08000000000000007,0.18999999999999995,0.5,0.4700000000000002,0.3899999999999997,0.3899999999999997,0.03,-0.08,0.0,0.28,2.34,3.42,4.85,5.98,0.005582217756800567,0.0068818620243460416,0.0029895237288668497,0.01855295989631678,0.02532423381857818,0.0122368130715369,0.0010739307188858405,-0.006617731324293885,0.008839033806970598,-0.0013591414238600663,0.0032920389110744352,-1.1569320474968947e-05,-0.000928045866094962,0.0010704824489762288,0.002851347969770046,0.0016741690694619393,0.0004397795675394889,-0.0029502256030653484,0.0041133662357060174,-9.137847439166791e-05,0.0011855298933189928,0.004216909291351101,-0.0012730664406768177,-1.6000000000000085,-0.058404319193137155,0.0077305832075786896,-0.019258710400989365,20.829
2003-09-01,0.001457009666806286,0.001736277171989542,-0.0029115184273909023,0.004059257007915207,-0.006113337013353259,0.0064619338763929335,0.006237463902705187,0.00861236939279042,0.008161145625094512,0.02491483638324521,0.0014338043981876325,0.011522365768295906,0.006788938120712018,0.010949042375789197,0.009940479336353114,0.00835647124389638,-0.007563464318298685,0.011135183569762397,0.6375000000000028,-99.0,-0.012102310000000005,0.0005802543041895092,0.0004361130764927168,0.0,0.3000000000000007,-0.0352443380972538,0.055569851154810834,-0.02016254586848909,-0.05870462122661113,0.009478743954542956,-0.011813634941924889,0.0007603541004943537,-0.00023038820514287295,0.0003992016021081568,0.0033965919090697128,-0.0020192883650054227,-0.0015797791595186794,-0.0027275223746201505,0.0009585254190120907,0.001470267098417466,-0.0004694242417446759,0.002054174521536112,-0.00024688310210585485,-0.0024152357305116112,39.9,0.10000000000000053,40.5,7.569927655242652,5.236441962829949,6.061456918928017,6.76849321164863,6.113682179832232,7.581209826196346,5.198497031265826,5.973809611869261,6.79346613258001,6.20455776256869,0.02057847746329955,0.032106563470403415,0.05640043414063811,0.0043605018089714065,0.0034732414092673025,-0.010000000000000009,-0.006271935563730402,-0.014022211935740714,-0.0077332869589508135,-0.004310728153765986,-0.09332928021203735,-0.08562465492144755,0.0020081864751579914,-0.013438695062688133,0.0008407117671573872,0.0002475400000000183,0.02977865297839788,-0.03504134099999989,0.006118697739292855,-0.020000000000000018,0.0,-0.010000000000000009,-0.020000000000000018,-0.07000000000000006,-0.18999999999999995,-0.1800000000000006,-0.16000000000000014,-0.21999999999999975,0.05,-0.07,0.0,0.23,2.17,3.26,4.71,5.78,-0.004197236688472827,-0.005517686755023732,-0.0052381305154627356,0.03552560976612096,-0.13695769967706806,-0.016144972368000055,-0.0010987151606309808,0.003307837178364359,-0.005240411987246674,0.001994236653145798,-0.0026791859825223696,-0.005161874403487587,0.0009153039447911127,-0.0005567481033876831,-0.0017376465583929246,-0.0011361582121143243,-0.0002539018435090412,0.0018171152323134265,-0.0025850479113218583,9.036122222827458e-05,-5.628673589441746e-06,-0.0010573454963869189,0.0018953274871971182,-1.5999999999999943,0.0039842584248361845,0.05717688565572132,0.01628319683607149,20.6823
2003-10-01,0.003820758705046501,0.005361484396011917,0.0016156162056493173,0.002360689873707855,-0.003680772794417919,0.001345094545315284,-0.002478793960879244,-0.005280082296787114,-0.006557072792979568,-0.006696937774371747,-0.0064512717891762605,-0.002283615989104426,0.006617969408920565,0.012103797303671726,0.0004646063536339895,0.0011804611464523163,-0.017463324281779435,0.0032953200617322764,0.11090000000000089,214.0,0.03200708000000002,0.0012685596730612758,0.002721406069378318,-0.09999999999999964,-0.1999999999999993,0.002216476710891868,-0.06783524064187052,-0.010090902981962913,0.013495481474884663,-0.02768865533396614,-0.03473017860113359,0.0014346489297576426,-0.0004148325749149251,0.004579400735535977,0.00014741652565852803,-0.0009065235445255837,0.0,-0.0023698853494451555,0.0018039581514308622,0.0011111994158703453,-5.417851822997477e-05,0.0012666500813889314,-0.001235330607991969,0.002508013018697852,39.9,0.09999999999999964,40.6,7.584264818389059,5.030437921392435,5.945420608606575,6.81783057145415,6.249975242259483,7.60688453121963,5.298317366548036,5.934894195619588,6.810142450115136,6.267200548541362,0.001608867652558743,0.027673305725999242,-0.012697710798677875,0.015470150449720776,0.005411324151561203,0.010000000000000009,-0.00015447541186563996,0.002899833499546034,-0.0005176850458958882,0.004840538293874985,0.00785700823594615,0.003405719242560279,-0.003645699447075934,-0.016416056003476953,0.00046863654561679624,0.00039548999999999834,0.018745356169324268,-0.00454900299999994,-0.0005561536649549836,0.0,0.0,-0.019999999999999907,-0.010000000000000009,0.010000000000000009,0.009999999999999787,0.020000000000000462,-0.019999999999999574,-0.05999999999999961,0.05,-0.09,-0.01,0.24,2.18,3.28,4.69,5.72,0.003454673884593973,0.004765809668642262,0.003732181846451965,0.0007304941785699626,0.17996116588753175,0.040253722997464436,-0.004327837285243774,0.0008254208182680856,-0.025811726080575248,-0.0030165599263121123,-0.01120918824845063,0.002526718269137973,-7.589067189783805e-06,-0.005390551132535393,-0.006837939283157901,-0.004473026398965629,-0.0029924989681751057,-0.0008923093048336384,-0.013868222797052354,0.00027007660014799484,-0.0029615604646369142,-0.0031554042832357965,-0.0031635584751925627,1.8999999999999915,-0.020227994109383474,-0.05843404029761601,0.009892069740484288,19.1843
2003-11-01,0.005756973218096206,0.006934761928489408,0.005726289215321145,0.0038593274212548323,0.0121240088394714,0.006770109841992777,0.008053021198970889,0.008608439517781008,0.006805194494186928,0.012448190504705359,0.00458257502472037,0.016847435575728653,0.005027434251477558,0.013948877337042198,0.0023207413020998047,0.008592563317770363,0.006887650060074968,0.001132206765213084,0.6679999999999922,19.0,0.009100383999999961,0.0019338414557399375,0.0031837021479255156,-0.20000000000000018,0.5999999999999979,-0.020127403277422573,-0.0329312391722425,-0.009023493041352637,-0.05369493430718819,0.023708550577340226,-0.05101777434172483,0.00032960168318751926,-0.00013831577513379045,0.003569307775120656,0.0017673053200848443,-0.0012565446679477787,0.000677353830369043,-0.004389983271243736,0.00042290684728030215,-0.0007935878521401207,0.0003791880005348247,-0.0016221364810711236,-0.0008656403186932948,-0.0010674588533632345,40.2,0.20000000000000018,40.9,7.641564441260972,5.247024072160486,6.075346031088684,6.806829360392176,6.317164686747284,7.559038255443384,5.247024072160486,5.973809611869261,6.739336627357174,6.194405391104672,-0.007734335701147899,-0.01105134828206289,-0.0076447169592768205,0.00835625392841699,0.0017515864022801253,-0.010000000000000009,0.0005387660607141243,0.0025023504848853406,0.0003654525561440636,0.0028524288263573894,0.0180477284941003,0.02004304687910119,0.008581433864101484,0.005218623161773905,-0.0057772940732396805,-0.0007977990000000157,0.010696108447547203,0.008133938999999923,-0.017399611142507432,-0.010000000000000009,0.020000000000000018,0.010000000000000009,0.020000000000000018,0.09000000000000008,0.10000000000000009,0.009999999999999787,-0.04999999999999982,-0.07000000000000028,0.08,-0.07,0.02,0.34,2.29,3.3,4.65,5.66,-0.0069223506025677395,-0.008862820277714789,-0.0029850768434531716,-0.03005460977883434,-0.044880034016841375,-0.014771231138927199,0.0016217678716188288,-0.0041332579966324445,0.011306363047520307,0.0013240320809337902,0.006596329986552796,0.0025731002219524512,-0.0018357015002017363,0.0010767154165138848,0.002848193323887749,0.001676133878073749,0.0011353689309068216,0.0009780538022114982,0.006806507794277827,-0.0007568012027094895,0.0035478495135183863,0.002629780092421985,0.00441223533326518,4.1000000000000085,-0.020182884551104507,-0.014071377778014593,0.0054381144714348295,17.8389
2003-12-01,0.00037265234113093015,-0.0008759990952444952,0.001314786273705515,-0.0028316097143061825,-0.0036367572968103445,0.0005067832557461571,-0.0005376646225840886,-0.00037006834385167053,0.0012941216946762424,-0.0010396842195756761,0.0022914559348592434,-0.0017489911513353107,0.0019378484338146151,0.0015646262114685783,-7.535340747821806e-06,-0.0007748822072777273,0.02597410015882584,0.004618811679696577,-0.031999999999996476,90.0,0.02289126600000002,-0.0018452388214580395,-9.391876034214874e-05,-0.09999999999999964,-0.09999999999999787,-0.039160474003839596,-0.02175750613780103,-0.01591545530589933,0.014742281737204266,-0.0381046860933667,-0.013171767556569236,0.000857987765023438,0.0006453100016514668,0.003162057970648391,0.004551134626456843,-0.0011182556379178976,-0.0004515182377193838,-0.002202239832971742,0.0009003795064508324,-0.00023819921506884612,0.002200062200591546,-0.00030192730490874453,-0.0008663903011161267,0.0005106659659261936,39.9,0.09999999999999964,40.7,7.6290038896529575,5.1298987149230735,5.978885764901122,6.880384082186005,6.253828811575473,7.594381242551817,5.298317366548036,5.91350300563827,6.8308742346461795,6.19644412779452,0.0021031129337121257,-0.0009471418502204898,0.02850218580994479,0.011015719483653541,0.0023437548208669057,0.0,0.004449247652250854,-0.0011854977707130843,-0.0029884448795449714,0.0040025725089360975,0.02101460625261442,0.016344579102522072,0.00799708048830361,0.008118951003972086,0.0048059388493584265,0.00044805200000000434,0.028858536676307445,-0.021717412999999963,-0.010409008630463568,-0.020000000000000018,-0.010000000000000009,-0.030000000000000027,-0.030000000000000027,-0.030000000000000027,-0.020000000000000018,-0.03000000000000025,-0.03000000000000025,-0.0600000000000005,0.09,-0.08,0.01,0.33,2.29,3.29,4.64,5.62,0.00483402039242975,0.0074763074129329254,0.005943553900848109,0.03428434071293296,0.008777324242793316,0.0017626476015211168,0.0021583702839196306,-0.0024988983412752575,0.0069984747710156725,0.001971153014557636,0.0033036039295772923,0.0017300833608837607,0.0009128222023742083,0.0026944021637191895,0.002848193323887749,0.001673328457859391,0.0009402660999189294,0.0005211399630864477,0.004172730538420488,-8.807717461944975e-05,-0.0017760172643508376,-0.0005264537599902752,-0.003155164143214151,-1.1000000000000085,0.01986080400889989,0.009367051610322363,-0.0006873548557306819,16.3754
2004-01-01,-0.001942975363435906,-0.003190216865338158,0.0032401332269911265,-0.004999228575796266,0.005990343229667516,0.0016650410350811384,0.0018164653701111533,0.001721038579606926,0.0032747699332347224,0.010670953238125058,0.0003754263680191272,0.001990838660546501,0.0014648185913186396,0.00023528353930579726,-0.0027929250893414803,-0.0007702765257082689,0.041673626729659574,-0.00011725283215202609,-0.030900000000002592,10.0,-0.0014045020000000297,0.0007698308455577063,0.0004406193300923178,0.0,0.09999999999999787,0.05001997035048067,-0.03565883606983533,-0.0005943536579131603,0.012465535376560588,-0.01041133818824136,0.005428366033575216,0.0013161924152935711,0.0005527916116445653,0.003742003381734804,0.0030713004032971725,-0.0006995453240854488,0.00056436594985243,-0.0027596374794409684,0.0014682673415560288,0.0034087789161301174,0.0020514304219734214,0.0030486296413876346,0.0002476166906291155,-0.00037136756531097603,40.1,-0.09999999999999964,40.9,7.555381944240273,4.997212273764115,5.8289456176102075,6.813444599510896,6.240275845170769,7.5766097669730375,5.25227342804663,5.8916442118257715,6.8001700683022,6.2166061010848646,0.0073706304012137736,-0.015641238453030226,-0.04381825595937272,0.007403076671737452,0.0004990934980604322,0.0,-0.005603569099050354,0.0016289483131757265,-0.0029667713033081355,-0.016038529284957193,0.04716634784510498,0.05123280475393144,-0.009536865552862928,0.0051323422598210655,0.0005407397698355965,0.0006125630000000104,0.04689178004819983,-0.0551751250000001,-0.006455401541535011,0.020000000000000018,-0.030000000000000027,-0.020000000000000018,-0.020000000000000018,-0.07000000000000006,-0.1499999999999999,-0.11999999999999922,-0.08000000000000007,-0.15999999999999925,0.04,-0.12,-0.03,0.24,2.12,3.15,4.54,5.44,0.002046445473120606,0.0013174241313302915,0.0058386147974118785,0.011179640309614491,0.03033165858992337,0.019456983690707474,0.0016043385908881547,0.00414697038443812,0.011951021104556148,-0.0026577346646696753,0.0026155189096179754,0.000868429903883694,0.0013630955000012435,0.0032125261670197247,0.002258200750686612,0.002217251765601169,0.0016566758463305575,0.0030682819621956625,0.0022103414273102473,0.0011804744289811708,0.0011757725526102547,0.0031460295537124594,0.0006255776245653877,11.200000000000003,0.0010718726255536382,-0.004111062520410158,-0.01576530718971636,15.834
2004-02-01,0.0013150359243443432,0.0001985055375381961,0.0020279338386153256,0.0077235350415509885,0.00689283431276877,0.006183806780973633,0.007023217767582857,0.0074928792266755195,0.005121572464180879,-0.0017450246544390424,0.007911454479297753,0.013005574714167523,0.0050523920537211,0.011764755144068495,0.003141375196225482,0.0076462274614153,0.010025859020421635,0.00457713026661466,0.6047999999999973,108.0,0.02339209600000003,-0.0009061458424639568,0.0005053896300548644,-0.10000000000000053,0.20000000000000284,-0.10184920357138161,0.027889424671002416,-0.03509131981127034,-0.042888822675917204,-0.029203030894127124,0.0015257649121238614,0.0004281542032149588,-0.0009214891916347057,0.0027483331001620925,-0.001461347622329967,-0.0007700654936186879,0.00045126354556401793,-0.00276727415778133,0.00069667250044958,0.0002769480344486652,0.0010241392287007045,-0.00010704704058639436,0.0,0.0005569996430683233,40.3,0.0,41.1,7.520776415062797,5.147494476813453,5.814130531825066,6.763884908562435,6.159095388491933,7.583756300707112,5.231108616854587,5.860786223465865,6.816735880594968,6.244166900663736,0.0050897827595992595,0.01646177956054018,0.026807264231143435,0.008948719076689926,0.008995718872924385,0.0,0.011875877391589462,0.005156927213624485,0.004370622969764426,0.002570726986861338,-0.0923102161391216,-0.09351734902395692,0.004687908729116508,0.003554486285999303,-0.002352061199854205,8.791299999999502e-05,0.009526057589642534,0.0036331760000001267,-0.04219218260593616,0.010000000000000009,-0.010000000000000009,0.050000000000000044,0.020000000000000018,0.0,-0.050000000000000266,-0.07000000000000028,-0.040000000000000036,-0.17000000000000082,0.02,-0.08,-0.02,0.23,2.06,3.07,4.49,5.26,-0.006183931592780745,-0.006752220117286711,-0.0030357572553914025,-0.029267252380487108,-0.050236460276448014,0.018188731692441173,-0.0021586226199197256,0.0008322930151694052,-0.009516457937579048,0.001960924596325242,-0.0019924162230235964,0.0017414019384869306,-0.0013722404322127346,-0.0032286611662541986,-0.0011527035247462791,-0.002232099740894,-0.0017332076159419785,-0.0005040917899865605,-0.0036141023828326624,-0.0013437585034470345,0.0005811459808504615,0.001029321222497881,-0.0006295158185487537,-9.399999999999991,0.0007575553072687313,-0.008456414466280648,0.03658791257705207,15.9247
2004-03-01,0.003609898036931014,0.003688805228197367,0.005695421926364297,0.023206756423938657,0.017568352794194553,-0.003911860434257619,-0.005889099973055423,-0.00659154091878289,-0.009403884966339149,-0.00828964642522223,-0.00978527297648668,-0.0010280597333318653,-0.0012548175569362385,0.004616286865069874,-0.001631227188466866,-0.0002842208363338372,-0.09581958352913755,0.02063724667265543,0.006500000000002615,-7.0,-0.01732669600000003,0.0016005288566205422,-0.0006426108995665203,0.20000000000000018,-0.3000000000000007,0.08381038298170296,-0.00082135528231575,0.02011649670494009,-0.044811022499253284,0.06618721517364978,-0.05337446059137463,0.002420208769498444,0.0029457813808644318,0.010142470405297033,0.007140285345450081,0.0005601064348628171,0.0009019166338557483,0.0,0.002315695125217232,0.002883610854386376,0.0011845365540246178,0.003293135158948246,0.0008661758878503178,0.0017617882066378598,40.2,0.09999999999999964,40.9,7.599901959208498,5.1298987149230735,5.937536205082426,6.821107472256465,6.278521424165844,7.633369649679584,5.332718793265369,5.929589143389895,6.855408798609928,6.280395838960195,0.020932918681715762,0.04943951126826107,0.06879446826481939,0.014956400502720513,0.008040974285501434,-0.030000000000000027,-0.006213509757932556,-0.0006264895806449289,0.003744125646905516,0.0035327758956675837,0.04260847487830599,0.04209160581739191,-0.002969336673709577,0.004427779028233658,0.0024210261783501608,0.00018559400000001114,-0.01709533813402242,0.04554175699999985,-0.06804002001305154,-0.010000000000000009,0.0,0.009999999999999898,0.0,-0.050000000000000044,-0.2799999999999998,-0.25,-0.16999999999999993,-0.15999999999999925,0.03,-0.06,-0.01,0.19,1.79,2.83,4.33,5.11,0.0034253636953032185,0.002688173661800519,-0.004401726838857201,0.0017661996248881096,0.0428971117480863,-0.04685419509819777,-4.590207765886589e-06,0.00249480378878264,-0.0049941554098928975,-0.0003472532826647168,-0.002621223402041295,-0.0017414019384869306,0.0013563167286729794,-4.56572011753309e-06,-0.0028269298672372045,-4.9055257065333535e-06,-0.0005851603658681981,-0.0006448150237794437,-0.000808312844479353,-0.00048433440645645476,-0.0005935662753357995,-0.005222215531340613,0.0012484317856347182,1.3999999999999915,-0.004040708412000882,0.005109806984650689,-0.00901933798103638,17.733
2004-04-01,0.0032205124817945574,0.0033843524951606696,-0.0008190807252397292,-0.010711063244652763,-0.010786495962536335,0.0038709551794342545,0.004153107667574041,0.004527122209096568,0.00592082127461957,7.40483365095912e-05,0.008244904491143679,0.0012667248942648257,0.0034898098504907438,-1.5752143655234363e-05,0.005801309971018576,0.003268308957724564,0.01941256827721105,-0.005267064887632067,0.27410000000000423,-14.0,0.014597514000000034,-0.0006399041723632592,0.0016382029622370453,-0.20000000000000018,-0.1999999999999993,0.052809020331396006,-0.014067257211435091,-0.10925732252390041,-0.13235145148467442,-0.09405025775281484,0.018109875597309255,0.0020567674877103315,0.0020660690070197774,0.005032918095666972,0.0020307520759050846,0.001957905667058668,0.0029256237813761743,0.0003694126381130758,0.0020549172249992864,0.0013008260107376657,0.00361670522433144,0.0012729304106411377,0.0014831296749058254,0.0012036481245782937,39.8,-0.09999999999999964,40.7,7.602401335665818,5.19295685089021,5.976350909297934,6.872128101338986,6.139884552226255,7.635303886259415,5.298317366548036,5.940171252720432,6.858565034791365,6.2878585601617845,-0.0015214831263499207,-0.03465356858839819,-0.07430189140081467,0.008833107826001552,0.00679987433497331,0.020000000000000018,-0.002428268186160487,0.0007725270777996229,0.005061153652027528,0.00391610373118656,0.03527769191642349,0.036234585158264165,0.0001280274445010221,0.006826413364235506,-0.002369964264616442,-0.00012665600000000277,0.008310714370073136,0.0037896370000001234,-0.03753331636844548,0.0,0.030000000000000027,0.0,0.10000000000000009,0.24,0.6000000000000001,0.5199999999999996,0.40000000000000036,0.34999999999999964,0.06,-0.06,0.09,0.43,2.39,3.35,4.73,5.46,0.004076931237976922,0.0053332597227742085,0.007863725555380618,0.003603178366460291,-0.058424595794823286,-0.01350742423254303,-0.0005380462080903925,-0.0008350523704176993,-0.006860407414091441,-1.7989937451723392e-05,-0.003264347699463599,-7.587808976694532e-07,-0.00046161999892735395,-0.0010689423265937137,-0.0016899823251899093,-0.0011080279398880677,0.00031275248365503217,0.0003930925796158391,-0.004215178019676635,0.0018048912456745114,-0.0011737026213709534,0.0015634501427603809,0.0006166167282897206,-1.5999999999999943,-0.005218260390984497,0.0063327385012375,-0.024980962002750573,15.7881
2004-05-01,0.005259485661714081,0.006137743819197183,0.005253850305810381,0.00278090577716128,0.017240606899553867,0.007387413060875758,0.00619848904963316,0.005456863562779191,0.0042096574735834835,-0.007739155762082284,0.008808401974611968,0.009362404513342248,0.008960149687236019,0.010188110236215131,0.008368327810067022,0.007204659866162366,0.014751758687044259,0.0021879955422292596,0.5703999999999922,199.0,0.02203492400000001,0.0014630082734718997,0.0012394968653772764,0.0,0.1999999999999993,-0.020716714010923454,-0.009208939085310064,0.043470788985771946,0.11185737557616093,-0.00332963681644749,-0.03521439168539864,0.0021588593800316858,0.003571105342603076,0.007885414452793782,0.0067875197403939325,0.0018843569103044189,0.0029170894689833915,0.0001846551570192645,0.0018776951802053077,0.0011417548829850688,0.00044670378028754953,0.0010185096690271678,0.0022205782625768222,0.0,40.2,0.09999999999999964,41.1,7.591357046698551,5.19295685089021,5.886104031450156,6.775366090936392,6.336825731146441,7.673223121121708,5.308267697401205,5.91350300563827,6.92951677076365,6.320768294250582,0.008071254462297617,-0.004942550984464944,0.02991326139787276,0.007338820119628053,0.006011298896279271,-0.010000000000000009,-0.002705892106480867,0.005660710082802112,0.00803894313745701,-0.0008402855017521915,-0.03775914982936479,-0.03873607413980085,0.0033259666956695355,-0.0058810931835902025,2.42979624394124e-05,-0.000585216999999999,-0.027352407740604434,0.06209401299999984,-0.07353622482173572,0.0,0.09999999999999987,0.08000000000000007,0.21999999999999997,0.3500000000000001,0.45999999999999996,0.3700000000000001,0.3099999999999996,0.29000000000000004,0.16,0.02,0.31,0.78,2.85,3.72,5.04,5.75,0.0013024654594060436,0.0019157136398781915,-0.0008527168057188561,0.008386584007980424,0.09525688860346682,-0.03779384286722287,0.002657720822680787,0.0008247219092964997,0.0174394361675132,-0.0016367475042313728,0.009771404222126634,0.0008714597501411347,-0.0004578962075854065,0.0031852732231563152,0.006181213946821806,0.0033009311248628492,0.0013919430741236027,-0.0017776581758726095,0.011170587801349718,-0.0012662048293652362,-1.3663446760681097e-06,-1.0850700333797647e-06,-0.0024957102791867136,-4.0,0.01949010958551689,0.005049160707475409,-0.010221910170946202,18.076
2004-06-01,0.0009987465722147704,0.00128638961781391,-0.00514980286008182,-0.000930257833783088,-0.01263894714930558,-0.007716869009351868,-0.008118155846592146,-0.01045859617066025,-0.013770963636089206,-0.02227764740674587,-0.010563284509748527,-0.001035949038958428,-0.007198710434181521,-0.0036445058889791326,-0.0014898160678864514,-0.006648450234958858,-0.002865884890671744,0.001556803344076485,-0.4953000000000003,-373.0,-0.049050394,0.002682286643404197,0.0023163311630671757,0.0,0.6999999999999993,-0.017037449153407103,0.003777549088103349,0.008663619085819363,-0.015456258236691944,0.026331746248706267,0.03736570122791072,0.0007287025622098042,0.00018279029434431493,0.0009573959563269341,0.0020129410103884027,-0.0006974960176755474,0.000671967770832893,-0.0029585820397439733,0.000837444750283467,0.0016119840719568401,0.0007678640365149647,0.0015490736913008618,0.0001232209970147835,-0.000601642966199023,39.9,0.0,40.8,7.510977752014095,5.099866427824199,5.746203190540153,6.777646593635117,6.159095388491933,7.61085279039525,5.332718793265369,5.857933154483459,6.836259277277067,6.2766434893416445,0.006400467098393037,0.011818105085781738,0.010130461710293304,0.008314863240741488,0.010289513915710202,0.020000000000000018,0.0066503602484146995,-0.011962294899801051,-0.0033642757994023498,0.0025081622310416662,-0.017372674281614486,-0.019499341238471746,0.009533927911854256,-0.006585220630586086,-7.773564388902088e-05,3.2599999999993745e-05,0.026822868251062282,-0.027107890999999995,-0.014342501257848639,0.030000000000000027,0.22999999999999998,0.25,0.29000000000000004,0.3400000000000001,0.08000000000000007,0.010000000000000675,-0.03000000000000025,0.03000000000000025,0.36,0.24,0.57,1.09,2.9,3.7,4.98,5.75,-0.008119124438503711,-0.011256408429516362,-0.007833322681167765,-0.02219122295702558,-0.1510935602732495,0.029697233652656863,-0.0005473099907735701,-6.1573131944214765e-06,-0.0038028052733762863,0.001285269529426536,-0.003283253443199463,-0.0017452011410306056,0.0013429346607631842,-0.0005461154092749609,-0.0017040929830862694,-0.0005665171607498465,-0.0003987493658250685,0.0008646317351557187,-0.00399085202985372,0.0005540535468018248,-1.3631560067395299e-06,-0.0026032180309485398,0.0018635462086566967,5.3999999999999915,-0.02398751569102764,-0.004866372348118375,0.015650875322343438,15.0452
2004-07-01,0.003528476616946108,0.0050363896564853405,0.00875313111618059,0.0014762811771937834,0.011337012730338714,0.007350288141301675,0.007560564744491849,0.007720180883923788,0.0030108424288082247,0.004462493533370804,0.002498675783672688,0.019711553146001037,0.007056778672872355,0.005902880352663509,0.010249677334496887,0.00878200454509237,-0.02489677558169756,0.011446138913841608,0.6724000000000103,477.0,0.06605323599999996,0.0015720716632827703,0.002741005554961262,-0.09999999999999964,-1.6999999999999993,0.05204012041180661,-0.001257598153589612,-0.07013455445146821,-0.03729111185741907,-0.0941738467906239,-0.017341475036486642,0.00046275400140771694,0.000730827237571674,0.007816263223243247,0.0021522355678520455,-0.0001395576026279599,0.0003358146334804246,-0.0009263548601321503,0.0004093644446836464,3.928424113119888e-05,0.001516138241141718,-0.0010634834068685706,-0.0020968246967161264,0.0002314439800183976,40.1,0.0,40.8,7.601901959875166,5.214935757608986,5.860786223465865,6.806829360392176,6.333279628139691,7.655390644826152,5.288267030694535,5.8944028342648505,6.893656354602635,6.336825731146441,-0.020522826831538055,0.006416560037942887,0.08855550271192847,0.014514624115934183,0.009696039612583363,0.0,-0.008441501308094068,0.0017498537859523822,0.0010525525368407784,0.0011314853414239323,0.03682856821547098,0.03712953712953715,0.002724178194463356,-0.009162585289987035,-0.0020575630514096943,-0.0003261810000000087,-0.024042862566822976,0.056836893000000055,-0.058702870383621875,0.22999999999999998,0.1200000000000001,0.06000000000000005,0.05999999999999983,-0.020000000000000018,-0.2400000000000002,-0.23000000000000043,-0.1899999999999995,-0.16000000000000014,0.25,0.07,0.4,0.84,2.43,3.24,4.56,5.36,-0.0013486178712938113,-1.742750050048869e-06,0.0013881968941760192,-0.00682749868159771,0.12561275574339348,0.03342251919361239,-0.00265434619923699,-0.004129844052939369,-0.010474286529340127,-0.0006582975429836324,-0.006467897563094738,-3.0510524986482324e-06,-0.0013560880809411202,-0.0031765654792188514,-0.0033560192508792497,-0.0032915806710773765,-0.0019210285154924733,-0.0027077513705737744,-0.00707161666453171,-6.904504501470399e-06,-1.3599784844942064e-06,0.0020830625366654587,-0.0018654775498627707,1.1000000000000085,0.01582065128110699,-0.0013531900334342595,-0.004619048106881962,15.6685
2004-08-01,0.003980155136092733,0.00259192206423009,0.0036931512865940874,0.008645911724688204,0.0013426905390527821,0.0008537223719899956,0.0018716023296523332,0.0023546172306865287,0.004275643450320388,0.007767562425157415,0.0030041971927152744,-0.00354891310331773,-0.0005085602907737297,0.007185585401098926,0.0065121192691126595,0.004621368318243668,-0.028146411566496887,0.008516780316826456,0.34319999999999595,-273.0,-0.025601753999999977,-0.0008670442464779882,0.00012180747984658069,-0.09999999999999964,0.0,-0.05841076215641383,0.07239869817883005,-0.024983950432933,-0.02537999510535638,-0.024692612590372143,-0.00658137658929725,0.0006520437251928968,0.0019158841733037946,0.0018971737809501121,0.0037196037162807727,0.0010462075932480275,0.003128843763834155,-0.0024125464053827983,0.0004001054876923149,0.0004712905593482475,0.0014960464427424824,6.65008578852877e-05,0.0009872887387185614,0.0009252406285522596,40.1,-0.09999999999999964,40.8,7.6128310304073565,5.308267697401205,5.902633333401366,6.821107472256465,6.289715570908998,7.628517626575055,5.19295685089021,5.950642552587727,6.86484777797086,6.280395838960195,0.03337069691081318,-0.016769471377084955,-0.1165920315520097,0.0004250804910661543,0.008372164181368547,0.0,0.011434326284351037,0.0021188081475322917,0.0036902071488125188,-0.008885428325430489,-0.04538401682690418,-0.04133286068769926,-0.0042755894723773835,0.00826034644890683,0.0019662080790832093,-6.636499999998491e-05,-0.015409524018366483,0.04352316899999997,-0.049707650941353876,0.16999999999999993,0.1399999999999999,0.1499999999999999,0.06000000000000005,-0.08000000000000007,-0.21999999999999975,-0.21999999999999975,-0.16999999999999993,-0.16000000000000014,0.22,0.05,0.29,0.59,2.04,2.85,4.22,5.03,0.004044037292966429,0.003301856569074779,0.00553157395622339,0.003715938983445355,0.03147587979026989,-0.038528909505110676,-0.0005295202035817681,-0.004150394577635552,0.001842933268980218,-1.0352380540368245e-05,0.0006441127068548269,-0.0008798702127403857,-5.018254904953778e-06,0.0005272865322432096,-3.110566488828681e-07,-2.9925931865903976e-07,-0.0004135511170151318,-0.0018686689766953535,0.0009095687735358737,-0.0005623072744320723,0.0023228743330188095,0.0005201554942830811,0.0043299652702564195,-0.7999999999999972,0.0101850772053389,0.003023209017651851,0.0007563786763249425,16.5927
2004-09-01,0.0012275286297231958,0.0016257762966134237,0.0064399472310929795,0.004092226451861691,0.01737914849135791,0.0011229395721379376,-0.0001552562398572377,0.0011135193521134568,-0.0006460831668206879,-0.005926688482853493,0.0012642421340371968,0.0030052736097871957,0.0027724113600733347,0.0040931277991740345,0.002479569527372938,0.00011074022741563994,0.03339454474915815,-0.031100424833953255,-0.02030000000000598,280.0,0.03884449000000001,-0.001010241492934938,-0.0006163549252669043,0.0,0.5999999999999979,0.03617965657750233,-0.11875893111784919,0.022238581515740208,0.0024844733276614406,0.03710778831507611,-0.010324575488777299,0.0011135563364010892,0.0006378132334656783,0.003028011397641528,0.003705819520387621,-0.0009764263573934784,-0.0006696428821673095,-0.0014875421114144416,0.001208437401452045,0.0019221345527622447,0.0022576382614865054,0.0016411691197149025,0.0016022681680158968,0.0004160791535028352,40.1,0.09999999999999964,40.7,7.552237287560802,5.056245805348308,5.84354441703136,6.810142450115136,6.206575926724928,7.621195162809845,5.298317366548036,5.948034989180646,6.836259277277067,6.267200548541362,-0.0002036538313276992,0.025344477488449257,0.07973522078669326,0.008199327880175744,3.2862441923242613e-06,-0.010000000000000009,-0.00398173305743299,0.001210929749706935,0.0022434612541530896,0.006713625889202213,0.03676733327663362,0.03251273344651939,-0.0014046318507547895,0.0021120455689906947,0.0034083796506303443,0.0005679019999999813,0.02603246797633041,-0.02807125499999996,-0.007555676282638757,0.18000000000000016,0.16000000000000014,0.16999999999999993,0.15000000000000013,0.10000000000000009,-0.11000000000000032,-0.15000000000000036,-0.1900000000000004,-0.1900000000000004,0.2,0.04,0.26,0.51,1.75,2.52,3.85,4.66,-0.0013504293063393291,-0.0006624606607026351,-0.0076758880300147325,-0.05126694562132883,-0.07712032269907221,0.01172164527396724,0.0026375486046843477,0.0033050424175202764,0.009220799463187213,0.000309355920976806,0.004527608394792715,0.007877478292413365,-4.995846953015359e-06,0.002629775412238189,0.0022256223181837953,0.002183108048773974,0.0014614059249469236,0.005452614471264994,0.003113128298611656,7.689328182092225e-05,0.0005660753334408852,-1.0828129966000688e-06,0.0012033604145229582,-1.7000000000000028,0.008869591225131757,0.004976577710396057,0.01003790921873371,13.8804
2004-10-01,0.0005319577119280439,0.0007473393683596896,0.0023454440325085812,0.0021141869768257493,0.006666599234993242,0.008860161368399844,0.008583904293346656,0.008815661679736131,0.009925949705514192,0.0214030143466184,0.005773693462477247,0.007596510638803622,0.009192000544993917,0.012031339903530558,0.007994878286395668,0.009202301790253387,0.01157874434710493,0.042856489285890476,0.6658000000000044,122.0,0.007121802999999982,0.0025609076080925774,0.0017548953536561385,0.09999999999999964,0.10000000000000142,-0.009471837662566429,0.011793104574463698,0.0440333275118272,0.07564289187180595,0.020355457107784858,-0.009683502111165865,0.002661446160765024,0.002092812410804612,-0.003976148379639888,0.006805640899878895,6.977636677341081e-05,0.0012273362768002727,-0.0018625447738678247,0.0027747821102401815,0.0016054824789701883,0.0008164714688554398,0.001916821185092843,-0.0006159532070331153,0.0009701786351516972,39.9,-0.09999999999999964,40.6,7.6362696033793735,5.176149732573829,5.971261839790462,6.866933284461882,6.297109319933935,7.64826303090192,5.209486152841421,5.908082938168931,6.927557906278317,6.26530121273771,0.030706957441664073,-0.017434755158392434,-0.046495140382276645,-0.00016241690996565694,0.0064571061672804575,-0.010000000000000009,-0.006183331641457457,-0.0010946063837327102,-0.0008967806178965532,-0.004353666997038985,-0.03252223616632266,-0.028309409888357284,-0.0015223082357964657,-7.521849546687776e-05,0.0024277655750619687,0.000680625000000018,-0.00040270799293207205,0.009044644000000046,-0.03485625561453709,0.1499999999999999,0.15999999999999992,0.1100000000000001,0.1299999999999999,0.10999999999999988,-0.009999999999999787,-0.03000000000000025,0.009999999999999787,-0.05999999999999961,0.21,0.0,0.24,0.47,1.59,2.34,3.71,4.45,0.014655351231107616,0.018897490708034148,0.009588056008044354,0.09324192674026488,0.12296230961664323,0.05712426464317044,0.0020886432803086663,0.004993760397175251,0.01200685364657339,-1.2358817744306805e-05,0.008320292107005578,-0.0017650318035329349,-0.00045011047569243345,0.001555917662920514,0.00441706132059938,0.002707746874585304,0.0023108389155916953,0.002213132020464137,0.010467437533709045,-0.00043644261007536045,-0.0034765832795105034,0.0015553399846632843,-0.00799605215614907,-2.5,-0.014826574947715443,-0.0008844938948016079,-0.010371262738049225,15.1847
2004-11-01,-0.0026496811516700802,-0.0030944762933184933,0.0017936083676275416,0.0018278138517420217,0.0033487357440993293,0.002450217996091908,-0.00027360170333246003,-0.0011007288296713824,-0.0013697856794188112,-0.01382332121003138,0.0030537116486097915,-0.0034126503474345427,0.005952961684039693,0.0034337422509294058,0.0032697478205596653,-2.9191922294558026e-05,0.015121969962195614,-0.0043973521887394895,-0.06749999999999545,-471.0,-0.05142464200000002,0.0024936236333790163,0.003564760546364454,-0.09999999999999964,0.1999999999999993,-0.03501288741342101,0.01551086676349378,-0.026997140359259042,-0.035913305226213055,-0.020355457107784858,-0.015843409484725512,0.0005586086261573087,-0.00027272727441740585,0.009441157741163053,0.001976285228211694,-0.0017458714585103507,-0.0011156979847495307,-0.0028003378703189696,0.0007241654310234935,0.0006649326511798392,0.00028383388812436294,0.0013243719447242341,0.0002464268124846569,0.0016609766668143067,39.9,-0.09999999999999964,40.5,7.485491608030754,5.099866427824199,5.736572297479192,6.734591659972948,6.1463292576688975,7.639642287858013,5.313205979041787,5.8377304471659395,6.854354502255021,6.371611847231857,0.02021333222702104,0.0389637672786467,0.07442820009823592,0.012373670358011069,0.011101484232414194,0.010000000000000009,0.008844095590343493,-0.00017479448913171325,-0.000568377298160172,0.006374862105302803,0.015163433313332586,0.012953712953713059,0.006458345945025812,0.00028207939909208335,-0.005111400002955513,0.00047989999999997757,0.045262849255496285,-0.06827987399999991,0.021854702099361134,0.16999999999999993,0.2300000000000002,0.30999999999999983,0.27,0.27,0.17999999999999972,0.09000000000000075,0.04999999999999982,-0.009999999999999787,0.27,0.14,0.34,0.57,1.6,2.26,3.59,4.27,-0.010065605826627078,-0.012498802362729045,-0.003525729236731223,0.02569985759733573,-0.2371909167356283,-0.06779774696456986,-0.0005489818009465353,-6.218886135833657e-06,-0.00570014118305906,-0.0012825170713082201,-0.004558142889353078,-1.2098371861668511e-05,0.0017730276350507168,-2.7325995575644413e-05,-0.0005995686210393814,-2.940929086836519e-05,-0.00043920712709422105,-0.00196030276524084,-0.005990453396621298,0.0017340249934747476,0.0011537344798933091,-0.0025953816800772245,0.004297681983746138,1.0999999999999943,-0.007250067172199337,-0.005959925367807983,-0.0012926039745497775,14.05
2004-12-01,0.033232027873566494,0.03702461875234775,0.006536550553424725,0.015468315678328182,0.012241895466527097,0.007775476148231597,0.00740004012054829,0.008026421046231746,0.00712350743114154,0.01007883394146436,0.006058460613204808,0.010498099753135648,0.00823151130715516,0.00565705487109458,0.008697564333650654,0.007574338938247216,0.008877775663428622,0.023681861307940366,0.5076999999999998,602.0,0.07576563700000005,-0.0006954267533441083,-0.0007561814625045571,0.0,-0.3000000000000007,0.04810398346030009,-0.03082510173653663,-0.011211260626220465,0.012638398871723133,-0.0292122113122959,-0.01070346609935946,0.0009353479195333136,0.000363619839468754,0.004500288862775648,0.003659913995274877,-0.0013988951011771888,-0.00044662796633510027,-0.002995695930648523,0.0010491092578401862,0.0009770396478252508,0.002427035160987856,-0.0004567101723864653,0.0019692314055994586,4.6098882110712225e-05,40.1,0.09999999999999964,40.6,7.621684998724611,5.272999558563747,5.942799375126701,6.844815479208263,6.267200548541362,7.641084249174914,5.247024072160486,5.971261839790462,6.852242569051878,6.317164686747284,-0.014136102385782223,0.00535063937920377,-0.0116532417031312,0.006660061789817817,0.002407578338857519,-0.020000000000000018,-0.0073882999286460915,-0.0013238395981716167,0.0028386614612383454,-0.0011033755613913954,0.028166067783079285,0.03303480660308855,0.0005160413845679557,-0.0011017593352775634,-0.00031365896357016254,-0.003942985999999982,0.02556565141095568,-0.033993507000000145,0.011974359905916554,0.2300000000000002,0.17999999999999972,0.1200000000000001,0.16000000000000014,0.16999999999999993,0.07000000000000028,0.040000000000000036,-0.04999999999999982,-0.04999999999999982,0.22,0.03,0.27,0.51,1.44,2.07,3.31,3.99,-0.010547593781711662,-0.01478879070070338,-0.010181760443622956,-0.10251690467020058,-0.019890454562089488,0.022572689331608053,-0.0047058910374122576,-0.009146259924188271,-0.017848972259905338,0.0012624795890721074,-0.009533331478270846,-0.00260604982290058,-0.0017825091914476232,-0.005213776148527138,-0.007149079986966456,-0.005408342009260991,-0.003313702150065545,2.350668331807526e-05,-0.011501306011249213,-0.0011519961772306075,-0.0005788642844697378,-0.0020757661838444186,-0.0006178226030413292,4.299999999999997,-0.01219557891596601,-0.019151271348480492,0.015227850148921362,13.014
2005-01-01,-0.02767726013242644,-0.03397625834826634,-0.0020981857133781645,0.003610332137123251,-0.009622067364061238,0.0035210568192729497,0.006553862656049958,0.005843913582189053,0.0024460585638088617,-0.008064552103387967,0.0060521096866654744,0.016049141365535924,-0.00040945977402984113,0.007165518566256246,0.00046194297974366805,0.0063109410685111555,0.0011435418641418948,-0.0119409544189093,0.3953999999999951,-270.0,-0.024791503000000048,-0.00020264245834056283,0.0008560117510967302,-0.10000000000000053,0.10000000000000142,-0.04924185576209705,0.013140793561058572,-0.02630819777921367,-0.05734312015743015,-0.003029387351606516,0.05430183107076125,0.0011001764406000092,-0.002092621999199906,0.010237409093220684,-0.003095977705127595,-0.0021020187111968625,-0.0012292564547298213,-0.0035690842808424605,0.001734041834746236,0.0009760859730558735,-0.0010799232710763107,0.001303388663755456,0.0012288033003571286,0.0019342365798298289,39.8,0.09999999999999964,40.7,7.670428522190693,5.093750200806762,5.811140992976701,6.993932975223189,6.322565239927284,7.668093709082406,5.2832037287379885,5.811140992976701,6.957497370876951,6.322565239927284,0.010351132072289104,0.006677795356200278,0.025211281760810778,0.0024948394827646325,0.008626307678822442,0.010000000000000009,-0.007798027451656253,-0.0018567270480716047,0.0015205954121810805,-0.008917371486543146,0.04813248575046103,0.04608607251779051,0.007286760223769839,-0.001536697592409375,-0.004809664940902181,0.003483187999999998,-0.014954366275299336,0.04671395100000009,-0.02943490847791086,0.11999999999999966,0.18000000000000016,0.14000000000000012,0.17999999999999972,0.18999999999999995,0.10999999999999988,-0.010000000000000675,-0.10999999999999943,-0.13000000000000078,0.28,0.05,0.33,0.58,1.43,1.94,3.08,3.74,0.00790992686027625,0.010292325302181382,0.006754948884839962,0.01425978086975821,0.1897857826142606,-0.003642148101406839,-0.0005217845148388633,0.010820535911021167,-0.008385934259798944,-1.2132875847115088e-05,-0.0012811556385239342,0.0008639283499345396,-3.138143427783291e-06,-0.0010405828202229017,-0.0010985986522076274,-0.0010793309196754919,0.000778691924049113,-0.001988092921495266,-0.0014316848519975167,0.002068331301702031,-0.0011527378798081855,0.0005161089921976725,0.0006073161941322347,-1.5999999999999943,-0.026325696346606975,0.011883245606346904,0.02260727848283217,13.512
2005-02-01,0.0007050720050756354,-0.0004889592185506331,0.004418752771057299,0.00032025044886019316,0.013087253565659651,0.007195688711779447,0.006891640038924507,0.008336639508909727,0.006327687115764036,0.022242784084573586,0.0008150751931363942,0.010693893045626623,0.007565450814794872,0.009511309915308352,0.006920547779306396,0.008480755225597214,-0.02692095161917063,0.02013239663796007,0.5504999999999995,161.0,0.008172409000000047,0.0022605131879078755,0.000997755133909095,0.10000000000000053,-0.3999999999999986,0.04235402718978243,0.02024622247167862,0.015660664592934914,0.05262241902249265,-0.012210163906932081,-0.0966943639032305,0.0019111257378092716,0.003500401346615334,0.007563913933559263,0.008141538514241375,0.0011216264758076022,0.002457003693052684,-0.001129730867660328,0.0015959104808676017,0.002533373663220928,0.0023707593992128295,0.0026082865807843802,0.00036834674122587785,0.0004139929680331278,39.9,0.0,40.7,7.699389406256737,5.298317366548036,6.100318952020064,6.903747257584598,6.336825731146441,7.656337166430183,5.2832037287379885,5.908082938168931,6.902742737158593,6.317164686747284,0.013509132648737321,0.008176869374297624,0.007248509556420757,0.008770894080585734,0.007000577161491606,0.0,0.009410660980005758,0.00027862157600289095,-0.00292397869143457,-0.0015534036286535269,-0.15249860609944443,-0.15231990231990222,-0.006331025799116929,0.0018127162558370102,0.011333623768893908,0.0010171850000000038,0.015304535527348229,-0.0033790740000001485,-0.002026907959338242,0.2200000000000002,0.1499999999999999,0.20999999999999996,0.16000000000000014,0.16999999999999993,0.06000000000000005,-0.04999999999999982,-0.16000000000000014,-0.1999999999999993,0.21,0.04,0.27,0.53,1.27,1.67,2.7,3.32,0.001955734024480904,0.003828437237372029,0.0013096658825668683,0.01015682222194414,-0.054054026193242954,0.014182789697165354,0.004688457209685026,-0.006661817497872313,0.02328723275964517,0.001245022398020268,0.008273578416376104,-0.0025947821991367803,0.0013199161373176338,0.005714701950597423,0.005485770914988031,0.004851903434994753,0.0014661057901141916,6.133751910741836e-05,0.011433462314156095,-0.0016568440672077855,0.004597709248629567,0.006231350089923371,0.0006028646311868613,-1.4000000000000057,0.02828521037512388,0.0015948903711056062,-0.02307510158823245,11.5626
2005-03-01,0.003329128264871528,0.0037854934794818718,0.0015985603776709212,-0.006844296177876075,0.001665149415588374,-0.0014134321911019043,-0.0028588432891059057,-0.0027501596683467966,-0.004883676726443298,-0.019235667801990708,-1.6422728326581648e-05,9.05228529131108e-05,0.0004187543470370869,-0.005818773338303274,0.0005633777934681561,-0.004796498808777194,0.04798472123547182,-0.002064971437530261,-0.5114999999999981,79.0,0.02581604300000001,0.00018196829084260457,0.0019143256426978894,-0.20000000000000018,0.3999999999999986,-0.10176970265707919,-0.0072758720290515555,-0.027657985629233828,-0.09161040780349428,0.019465334788103306,0.06293338435634332,0.0009091353697527893,0.001360482727644552,0.008418790573050394,0.0039068000019337745,-0.0002802886991926101,-0.0005578800702572551,0.00018837713157182634,0.000819506090847355,0.0008171047710501256,0.0017126466335852797,0.00019122665362125701,-0.0008596868813164349,-0.00018397571572492666,39.8,-0.09999999999999964,40.4,7.530479995245536,5.3471075307174685,5.739792912179234,6.75110146893676,6.1903154058531475,7.631431664576906,5.209486152841421,5.8289456176102075,6.900730664045173,6.302618975744905,0.00642406845118515,-0.051525036803543145,-0.0562836234578139,-0.004521666591990936,0.006201293323416124,0.010000000000000009,-0.003067508345417913,0.00018452757781517448,-0.00218363557251422,0.003747382364027274,0.06325520988062205,0.06037536616935746,0.004252718884298012,0.005617614501582935,-0.005193001536047959,-7.890400000001851e-05,-0.003950676042554946,0.028626625000000017,-0.022278808197774946,0.1299999999999999,0.20000000000000018,0.20000000000000018,0.22999999999999998,0.27,0.3999999999999999,0.33000000000000007,0.20000000000000018,0.23999999999999932,0.28,0.11,0.37,0.67,1.54,1.87,2.77,3.43,0.0012746356971042871,0.0005845729176581216,0.0012832782137213172,0.053547462525901146,0.10029427974832572,0.00048289563172598804,-0.0005350214919834784,0.006654890347251197,-0.006607447023831092,-0.0006475851777851815,-0.001917887353472203,-0.0008669242029242241,0.0017464090648688924,-0.0005376085785941953,-0.0011057874510971288,-1.4178829474076338e-05,0.00021353163290882549,0.0006417416456896419,-0.0013067708574707737,0.0006571331420426318,-0.0034515773180072706,-0.0015693119197952576,-0.002439396045396336,-1.5,-0.0024073832490287828,0.0026703394405203085,-0.00891789014116906,12.8804
2005-04-01,0.0033861904133907217,0.0029191204624083866,0.00646878195942957,0.014994054536343171,0.00895906100460131,0.0020738685585675043,0.005336876368647658,0.003364641834324722,-0.00012400560153835727,-0.009707503030816689,0.00303271397766558,0.011851762553535927,-0.0021192117616468664,0.003974647586231228,-0.004822067387358686,0.004304193530183298,-0.022613366349892416,0.010377494959787015,0.19499999999999318,115.0,0.01941793599999997,0.0035988562876188013,0.004256714289629926,0.0,0.10000000000000142,0.07932991613487417,-0.016894488898761217,-0.050602241625255395,-0.07910681616863169,-0.031204734358205144,-0.026863642269548293,0.00270747796349724,0.00316728014650991,0.012316765014754871,0.011767284670828104,-0.001332445233778401,-0.0005581914741643601,-0.0026405145481636083,0.0026161198377199213,0.0028740116100784974,0.001956240765553119,0.0031598306818061417,0.0013506049078664262,0.0006437669785963607,40.0,-0.09999999999999964,40.4,7.630946580890459,5.2574953720277815,5.799092654460526,6.9440872082295275,6.218600119691729,7.673223121121708,5.308267697401205,5.916202062607435,6.932447891572509,6.313548046277095,0.01945989072876486,0.04320447525868154,0.034427755804097515,-0.0013259450189426758,0.00448115014290984,-0.020000000000000018,-0.009014042964017754,0.0006635701602011324,-0.0009886900663076403,0.0018063167031776572,0.028122619591911757,0.025914705414831762,-0.0015124539024640171,-0.005358550956859887,-0.0012206148815048223,-0.00022710099999997957,-0.0258308029739851,0.06434042299999998,-0.04197386175753115,0.16000000000000014,0.10999999999999988,0.03999999999999959,0.04999999999999982,0.020000000000000018,-0.16999999999999993,-0.16000000000000014,-0.07000000000000028,-0.009999999999999787,0.23,-0.01,0.26,0.53,1.21,1.55,2.54,3.26,-0.0032796277352851178,-0.003838553886520657,-0.004021197639848317,-0.019548103915629333,-0.1477945827019287,-0.031308820741870136,-0.0005292702243808733,-0.009149701045904735,0.001740795132623596,-0.000951551462255118,0.0018869249432427182,0.0008646753652916672,-0.00264565578882614,-0.0015598536250518436,0.002167647142933049,-0.0005481180555966247,-0.0001927171607878364,0.000182261426704855,0.0012666135184993266,-0.0007793558569364478,0.0017134639556823927,-0.002070389142825313,-3.699955102298702e-07,-4.8999999999999915,-0.007724899732199475,-9.864129184045112e-05,-0.010683509314673323,14.0571
2005-05-01,0.004418769059157057,0.0049649220786118775,-0.0013629857746124685,-0.001913375122768457,-0.006142128219552845,0.0009350444775639843,0.0033728296566160054,0.004751918908081798,0.004821203163745125,0.00039441673109585906,0.006237770174428725,0.008326671150379994,-0.0022062228019672503,0.000556903448707402,-0.006161282330342743,0.0028048633365509446,-0.009669630355904957,-0.017037203854538774,0.06690000000000396,-362.0,-0.04582615000000001,0.002246913117879501,0.0025100503521873208,-0.10000000000000053,-1.0,0.024256977645559452,-0.025665125520034415,0.0018653241745063553,0.06868100496329532,-0.04512999692679465,0.01168884425031358,0.0012874156911735213,0.0016249890729334027,0.003235085495805201,0.0038461585874784987,0.0004209640137933235,0.0015621516231920651,-0.0015120018000569502,0.001220311151282516,0.0014726401669307165,0.002145697119269485,0.0011364122786261532,0.0004906771442900748,0.0012403814614323494,39.9,0.0,40.4,7.613324979540639,5.209486152841421,5.950642552587727,6.833031732786201,6.272877006546167,7.642524134232902,5.327876168789581,5.860786223465865,6.88653164253051,6.3080984415095305,-0.003426086099906911,0.05868124151612619,0.1808167067897326,0.0232872201188421,0.0012558324949711874,0.010000000000000009,0.014739146458425445,0.0005513491677380244,0.00317232563882186,-0.001422443925211958,-0.01729754702793329,-0.015203591014949946,-0.0032343399809393603,-0.00603190199799819,-0.003481117553054247,-0.0005369430000000119,0.011824051087475418,-0.0008539819999999754,0.004415465294054233,0.20999999999999996,0.1299999999999999,0.06000000000000005,0.03000000000000025,0.010000000000000231,-0.1499999999999999,-0.20000000000000018,-0.17999999999999972,-0.040000000000000036,0.15,-0.16,0.08,0.33,0.85,1.14,2.15,3.01,-0.005195230869073697,-0.007590141937102501,-0.008610820590376989,-0.06034639521892249,-0.03876710741514655,-0.03351468261600399,-0.0036187765489552604,0.004991690897241163,-0.015919738613240142,0.00030107722586070196,-0.0075809529244716956,0.0026000294858210538,-0.0004415647555573443,-0.0036065231351587457,-0.005443966629048447,-0.003744606393696337,-0.0022343795274961664,0.0026686946765472896,-0.010495271373462955,-0.00038991798260301636,-0.0005777922721903472,-0.0025803792417855576,0.004243347038205059,-0.7999999999999972,-0.0013475569268130982,-0.0018736714624196793,0.022073931359411603,13.179
2005-06-01,0.0026080197864448706,0.0029689827095147336,0.008758161590810332,0.009425967339701913,0.027933196191783694,0.004365742512094428,0.004917333710721117,0.0066541733210057075,0.009072369030733718,0.005906327667642763,0.010063624008914474,-0.002138340902012814,0.0036533162454928103,0.0032382669698725053,-0.0032125167236838337,0.001979905301315199,0.03783032016129528,0.013470909234072792,-0.006000000000000227,265.0,0.04359741100000003,-0.00015410436916418746,0.0007412035366503034,-0.09999999999999964,-0.7000000000000028,-0.03510428804557986,0.05663534265298065,-0.10938566788576232,-0.1058458347646587,-0.11202913996491759,-0.0038299548922999804,0.0018832256542893333,0.0005861532733142383,0.00697365365281577,0.005332616725175043,-0.002036303059423261,-0.0016738273170933127,-0.0026515167049794286,0.002140916036605489,0.001741115914494884,0.0018780996349363477,0.0022493066473465717,0.0022050725583149244,-0.0008267500011616136,39.9,0.0,40.4,7.63433723562832,5.267858159063328,5.82600010738045,6.9440872082295275,6.210600077024653,7.686162303492906,5.3706380281276624,5.872117789475416,6.96979066990159,6.298949246855942,0.0057486237914279315,0.01630688755434484,-0.039672062223573334,0.027826447065471882,-0.000405895679413959,-0.010000000000000009,0.004689974589605406,0.0023606911949070053,0.004501759111922965,0.0043632331531293644,-0.0021902131019708726,-0.006512165994924768,-0.003631790965848758,0.008303746511252541,0.006092011207703862,0.0005315580000000153,0.02013905318857301,-0.015612670999999967,0.011293024872073065,0.040000000000000036,0.1499999999999999,0.13000000000000034,0.04999999999999982,0.029999999999999805,-0.08000000000000007,-0.13999999999999968,-0.1900000000000004,-0.14999999999999947,0.26,-0.07,0.09,0.32,0.73,0.96,1.92,2.82,0.001947420284395207,0.0044285838183730775,0.007951859341417844,0.012776656931562158,0.18379572435269154,0.0419203846600924,0.0010327911409468982,-0.004178861074966456,0.011807864469332685,-0.0003214260216628517,0.0025248537968609597,-0.002599278574683339,-0.0008756541233321258,0.002059732416860527,0.0005433306300464125,0.0005343307634477767,6.088397800230183e-05,-0.005776261528430915,0.0049041222359171854,-0.00045336620573976916,-0.000573861268958531,0.004642768420877186,-0.004246656858939879,9.099999999999994,-0.0012763675095754934,0.005968133185302094,-0.026688499264731824,11.2418
2005-07-01,0.0014984721214030827,0.0029964609726356173,0.007156174131843329,-0.0006576335043284587,0.007466287395613946,-0.003181642785388128,-0.003034993233723249,-0.004185328897067464,-0.004152389547144253,-0.019567579730903617,0.0006995753630434365,-0.005228356150412949,-0.0033662544789052617,-0.005901195764230316,0.0042134742252715185,-0.0034934756302300585,0.013582064787627246,-0.011397037372636198,-0.44020000000000437,194.0,0.034796779,0.0012990928267555546,0.0021991973338124637,0.0,-0.29999999999999716,-0.03482272643316797,0.0029604589183831465,0.01812987441230618,0.03622893829645868,0.0036297680505787966,-0.004152893763695431,0.002669292806082524,0.000901103913193424,-0.0012481057160913522,0.002723684102422297,-7.029135770686423e-05,-0.00022338880915029335,0.0001896273827615147,0.0030199356421860557,0.002509605378845592,0.0017520503465675574,0.0027408478457715546,0.002322313578089208,0.004309956236120627,39.8,0.0,40.4,7.627544390488503,5.278114659230517,5.8971538676367405,6.893656354602635,6.230481447578482,7.697575346802343,5.3230099791384085,5.916202062607435,6.951772164398911,6.366470447731438,0.0034641178055796473,-0.07689914418500976,-0.08569007280883234,0.0065275704392337985,-0.004501739838632446,-0.020000000000000018,-0.018344613168803647,-0.0001320307143153343,-0.001279895401902209,-0.002709081043767547,0.03013216913637029,0.032704348896908986,0.007926011419224999,0.0034981896846799643,-0.0011046086817945167,4.128299999997531e-05,0.01649043963527763,-0.013473056000000039,0.003969127262658301,0.21999999999999975,0.1900000000000004,0.25,0.29000000000000004,0.28000000000000025,0.20999999999999996,0.17999999999999972,0.09999999999999964,0.08999999999999986,0.23,-0.04,0.16,0.38,0.72,0.92,1.8,2.69,0.007122076074413286,0.008193782804585048,0.00459583670952135,0.07389937774517907,-0.07891066699605798,0.008350063635806038,0.005659640530090826,0.000823153227994311,0.019276334112808158,0.0009164719141967481,0.010708363177201363,-0.00260604982290058,0.0026124798087563406,0.0056385350088925534,0.008119124438503711,0.006393202383062402,0.003601633798144377,0.0002579806289748632,0.012828876156005364,0.0012083344671909302,0.0005647859058468541,0.0010166216917744109,0.0012073640803142993,0.5,-0.003663093204293588,-0.009096259285978903,0.01818499670977225,10.489
2005-08-01,0.0017609373377478477,-6.346817299807128e-05,-0.004443409475758386,0.0024580095600921226,-0.009477040213697663,0.0032856021445777372,0.005625855114391953,0.006686208317840503,0.004729308372917629,0.028733502804012545,-0.00289989483109121,0.012780865190757495,0.000293757430785746,0.013729589653896923,-0.013448592871004195,0.005294352465087471,-0.009428957690563955,-0.013813262307740715,0.25030000000000996,-114.0,-0.01074815200000001,0.0023194344831249936,0.002868595090912862,-0.09999999999999964,0.7999999999999972,0.0007785130794131234,-0.02739897418811399,0.047836940157715446,0.08349396217775062,0.019376278963139093,-0.0270265610106577,0.001473258399157018,0.0009902773585643843,0.006756782462879585,0.005560467300355754,-0.0016180664123321975,-0.00044692738173957025,-0.003609083602180263,0.0015689074353861798,0.0011946742080297668,0.0017664604560128083,0.0010185427884987774,0.0029257609557671316,0.0002744739266997698,39.9,0.09999999999999964,40.5,7.647308832356238,5.308267697401205,5.948034989180646,6.831953565565855,6.368187186350492,7.704811922932594,5.332718793265369,5.857933154483459,7.00669522683704,6.324358962381311,0.03566662510208651,0.05192068463058419,0.06727392852400982,0.016523596819457254,0.0036667066612494637,0.0,0.014482891876191673,0.00011309516695057198,-0.0011622537107243147,-0.0030695138906988717,-0.05819227959874462,-0.05614308004441959,-0.008065566594266826,-0.0020757104014057504,-0.0012710295308195896,-0.00014067699999997796,0.0016595071885090462,0.012110606000000024,-0.011463593959748497,0.2400000000000002,0.19999999999999973,0.21999999999999975,0.2400000000000002,0.22999999999999998,0.14000000000000012,0.08000000000000007,0.03000000000000025,0.009999999999999787,0.19,-0.06,0.16,0.37,0.62,0.76,1.59,2.46,0.0012300444337709493,0.0017878524140533258,-0.002018393217047887,-0.012476174427735742,0.05902997428604895,0.006113482890016897,-3.7909411778613844e-05,0.007548586107008148,0.004063756244786276,-0.003710674597633634,0.0017588056582606981,0.0008601214828241055,-0.0013133452570848192,0.00046356991994844776,0.0004692267940509254,0.0004869517747527752,-0.00019985756720597436,-3.84104802009233e-06,0.0014742034222789968,-0.0008880430294375685,0.0005609375725690313,-0.004623954756753701,0.001802319923438045,-7.400000000000006,0.017055917005887267,0.0018410742692651638,-0.010348824179251537,11.9852
2005-09-01,-0.0032066460125346197,-0.0027511332856100523,-0.003941502375917949,-0.004835840792269508,0.001888651630935101,-0.019560495358284413,-0.004073422102467639,-0.007631667116070773,0.0009348615787159176,0.02013696622835326,-0.005339015052427953,-0.030644616224431154,-0.03979574509487893,0.012337376834287817,-0.06926683904530595,-0.011053054002430507,0.021213836145367537,-0.037259988343221195,-1.027000000000001,210.0,0.012273854000000028,0.0011677060576236187,-0.0002317130980937776,0.09999999999999964,-0.5,0.07241114703415175,-0.004349724126466725,-0.01253443751060157,-0.055791359628415194,0.022488649772978597,0.1924312733071929,0.00042371779542449417,-4.4991339175126654e-05,0.010401151503477202,0.0028361150754552256,-0.001973360285175474,-0.0019016729261345233,-0.0020954384274620708,0.0005164875400875957,-0.0006935080224010903,0.0009780805949581861,-0.0017112219815818008,0.0010949572235769978,-0.0008236478913516976,40.1,0.0,40.7,7.67368812926773,5.278114659230517,5.926926025970411,6.915723448631314,6.349138991379798,7.724446645633537,5.3612921657094255,5.87493073085203,6.980075940561763,6.428105272684596,0.0303521100948565,-0.004119016869690739,-0.09434575818309021,0.01024144831761653,0.0060770399217577875,-0.010000000000000009,-0.005827010578189906,0.0001264154882374413,-0.008534646860992368,0.006877190543925771,0.047661299111165345,0.04978230627157343,-0.001320606656535439,-0.007729219955884048,-0.002842925213573544,-0.0006095040000000107,0.0013468345307261487,0.012613460000000076,-0.019039821411137137,0.1200000000000001,0.10000000000000009,-0.020000000000000018,0.009999999999999787,-0.020000000000000018,-0.11000000000000032,-0.05999999999999961,0.040000000000000036,0.07000000000000028,0.17,-0.2,0.05,0.23,0.39,0.58,1.51,2.41,0.007516190877420392,0.010282969569156641,0.01988262528324114,0.05865644673684134,-0.09229324867530053,-0.006593778062459421,0.007536434331387731,-0.0075457732703476665,0.03129337380209307,0.003078725023655693,0.015648188046830214,0.0060933958204367755,0.0021583888852392263,0.007981666672776555,0.012041843534031038,0.007259908615997013,0.005578274832137353,0.004210884095731338,0.015544306504247096,0.002247290167431082,-0.003399756979363122,0.0015385931657823093,-0.005420059608702843,-12.199999999999989,0.003402203402886883,0.002270856900123519,0.0019410399020065583,11.959
2005-10-01,0.00581691349245439,0.00750912726414299,0.0026913242793478176,-0.00011836370644324745,0.00040985215375499706,0.012150318345580224,0.011823843626593167,0.01305663084978459,-0.0003148412384792465,0.009556712066754791,-0.0035987735817313293,0.05191623438942372,0.012605392979444296,0.010463591304107567,0.01871148132558087,0.014304816202405313,-0.013022071580779837,-0.014638836408230382,0.9585000000000008,-168.0,-0.01481021199999999,0.0003133803429502535,0.001031763670274799,0.0,0.0,-0.016052880290946092,0.0008714597501411347,-0.017896679691937756,-0.025831694613524192,-0.011884096524181764,-0.08318283847568786,0.0006983707443630749,0.0029650949438355667,0.008730629928265898,0.006050438625774035,0.0011985759534081097,0.003018617083359487,-0.0019087617934978596,0.0002492433696374974,0.0005009151438901682,0.0015350535922014075,-0.00016997574617860778,0.004246806115771662,-0.000732701411173764,40.3,0.09999999999999964,41.0,7.632885505395133,5.14166355650266,5.82600010738045,6.943122422819428,6.251903883165888,7.682482446534506,5.298317366548036,5.8888779583328805,6.962243464266207,6.315358001522335,-0.014662364043186216,0.02853070313492445,0.07047042615361221,0.013807358296626049,0.006761549566542513,0.0,-0.002104913161345756,-2.6145487158402148e-05,0.003602417512956535,-0.007510529954449119,-0.04170543462736109,-0.04390534377753441,0.008269880954114406,0.001330863004390892,0.0006834164321256608,-0.0006533810000000084,-0.028092571497019492,0.07061461699999994,-0.03805397797141019,0.1599999999999997,0.2599999999999998,0.29000000000000004,0.3200000000000003,0.3299999999999996,0.3200000000000003,0.2599999999999998,0.21999999999999975,0.2699999999999996,0.27,-0.07,0.21,0.4,0.55,0.68,1.57,2.52,-0.005219917628569881,-0.007004810502948544,0.0061529718368236175,-0.03849410943244802,-0.05922653312058479,0.04939068023067428,-0.012166644172496355,0.002512911760587322,-0.07419721062418105,0.0015192560731298599,-0.03473781657500474,-0.0034812915925117593,0.002988845344295221,-0.013614761686311816,-0.021153892081513526,-0.013100561640706943,-0.008006662327802339,-0.0016269272458062645,-0.03735186337682883,0.0010226229836947098,0.005085872861410934,0.0015338688561006286,0.00721264015358436,-2.700000000000003,-0.003088570965239512,-0.000547095014864496,0.0012074332109586194,14.5823
2005-11-01,0.00655181885345435,0.006933512189585045,0.0029434702231876386,0.01364342485327441,0.009337346665310164,0.010936328822064745,0.0037942444789207386,0.003177969285341753,-0.0008554572125492044,-0.01346859392210309,0.0033300358897427884,0.014241954920061417,0.020346033602327118,0.0023089813730683417,0.027420639132919256,0.008771483561693216,-0.04788664912241458,0.0577377547174418,0.535499999999999,64.0,7.448199999993133e-05,0.0004265728271146685,-0.00034380295517877357,0.0,-0.3999999999999986,0.03753598362101851,-0.006116227017435527,-0.0024106078366878947,0.04209221548530451,-0.03725359154101504,-0.10450908946760862,0.0026330736489068585,0.00295632914084365,0.011924447870852894,0.008542497223114509,-0.0003523732373746924,-0.0003349522724338527,-0.0003821899530578321,0.0025689245539695094,0.002078042770421007,0.0020198861104923083,0.001992130114585322,0.0026602192229816524,0.0013733750556408353,40.5,0.0,40.9,7.671826797878781,5.288267030694535,5.966146739123692,6.910750787961936,6.320768294250582,7.704361167910313,5.3612921657094255,5.883322388488279,6.976348070447749,6.354370040797351,-0.013134678038582592,0.050317835337452266,0.18983725391214712,0.03025277260227277,0.007265969364778968,0.010000000000000009,0.0012338115574630493,-0.0025898495521570197,0.007523097248581578,0.008860026742019578,0.026370172780247003,0.028384279475982432,-0.005481551862009937,-0.00032823714082574895,-0.001210732995132524,-0.00041426999999999436,0.03738914840433871,-0.046958657000000015,0.036214996982550485,0.2200000000000002,0.1800000000000006,0.16999999999999993,0.16000000000000014,0.15000000000000036,0.1200000000000001,0.08000000000000007,0.07000000000000028,0.08999999999999986,0.23,-0.12,0.15,0.33,0.45,0.54,1.42,2.39,-0.02192670879474168,-0.027786614269336596,-0.04432700943047685,-0.07331797491402359,-0.01744841344408865,-0.021480093410120915,-0.006543174213322622,0.0025192447694442066,-0.025434833165157933,0.0005846866891490166,-0.011116441969807767,-0.0008691873645867432,-0.002611826160229924,-0.007507907725357477,-0.007892975201497343,-0.006247846240244215,-0.003688713215953321,6.346117206845747e-05,-0.012046535941062864,-0.0015170535487447623,-0.005083638500936072,-0.0035825279636858554,-0.0066060832222869514,7.3999999999999915,-0.006941918356000443,-0.0015856597618970625,-0.014796005230625298,11.6061
2005-12-01,0.003476099918291453,0.004310274410554982,0.0038947962563389282,0.005736775154536744,0.0002303052994800936,0.0048159975298771585,0.0024199605114416656,0.0025871847287604055,0.006732403256164865,-0.011532837286163833,0.012674370469292207,-0.00756007375157175,0.00794965466643216,0.002030270068085649,0.0067702352689762435,0.0009604338729811701,0.0515327485228223,-0.007481595019931397,-0.07560000000000855,34.0,0.026808460000000034,-0.0002332594688940759,0.0017738768056307919,-0.09999999999999964,0.0,-0.08691477263269842,-0.014566578462705593,-0.023195343068483254,-0.039292400310557696,-0.010271550321830247,-0.0026828707009993735,0.0011770760276874626,0.0008047570515241631,0.006165458818046865,0.0011954574047727817,0.0004228329872724146,0.0011160715444216152,-0.0007648183929216401,0.0012509594537277735,0.0008069629811355838,0.0021373284590175956,0.0003914277376519948,0.000362209481775011,0.0009145366223393125,40.2,0.0,40.8,7.597897950521784,5.117993812416755,5.676753802268282,7.00669522683704,6.066108090103747,7.659171367666058,5.337538079701318,5.783825182329737,6.97166860472579,6.255750041753367,0.01074105744469378,0.0034642484762059667,-0.03096794584358875,0.02262828676543549,0.010252805291802503,0.0,-0.001018266399004375,0.0015649236770247654,0.0040959335430255095,0.0040545049995319715,0.017773241229195325,0.01573033707865168,0.005255924264883305,0.0024057907346595186,0.0010961587932056815,-0.00013405499999999404,0.019765070655174632,-0.01520979499999986,0.012808781321847373,0.16000000000000014,0.13999999999999968,0.010000000000000231,0.02999999999999936,0.019999999999999574,-0.0600000000000005,-0.07000000000000028,-0.04999999999999982,-0.0699999999999994,0.21,-0.27,0.02,0.19,0.23,0.31,1.21,2.16,0.016933372521052092,0.021166066463747413,0.011775389923789348,-0.025112034045777776,0.08667935320370823,0.027965368473852337,0.005035257365645585,-0.00672552958734407,0.03809515811164754,-0.003971178807267606,0.01651575088929924,0.0008691873645867432,-0.003854298582663951,0.005506645255962894,0.00683062936079093,0.004686015505292573,0.0020908945587692074,-0.00012109996039288973,0.01769219459527438,-0.0029487279068645122,0.0022544742732240053,0.004599011585652679,0.001798741078938626,9.900000000000006,-0.014698153938869751,0.0053302406946933445,0.026284064939478213,10.9238
2006-01-01,0.012116904987502508,0.009166634628037684,0.005177735086814295,0.0052405420678312,0.02817127675616682,0.0015777724050218822,-0.0002972665521303597,-0.002678337314893753,-0.008314890011560827,0.012233114140030033,-0.014996817702775722,0.017586835361645292,0.0040192513938484,0.009725736559305531,0.01889764210465028,0.007741487545754211,-0.12332303478398465,0.011117520455193208,0.4672000000000054,115.0,0.03418425000000003,0.001225669942012786,0.0027841725982700183,-0.20000000000000018,-0.6000000000000014,-0.02385254823259686,-0.024759311124140204,-0.0676998185267248,0.024851716155763093,-0.14753544070853852,-0.06749273303500125,0.0019587196978729793,0.004058610035681198,0.009515789731047164,0.008986448740346376,0.0011970567918879738,0.0018944676084498013,0.0,0.0015415831742320307,0.0008830700694808513,0.003396412774920421,-0.0008156474245435419,0.002531799531920953,-0.0014636603262498937,40.5,0.0,41.0,7.728855823852543,5.4116460518550396,5.91350300563827,7.044032897274685,6.278521424165844,7.701652362642226,5.351858133476067,5.857933154483459,6.993932975223189,6.329720905522696,0.019642394264394625,-0.05550342287749466,-0.1327619940118563,0.006167073434296455,0.006926399164154162,-0.010000000000000009,0.005085504806965346,0.0022295650799364353,0.0002665442553286823,-0.010656943959195253,0.02122229254729069,0.024092671770905794,-0.0006911504832372017,-0.004209361635807873,0.015475444124883886,0.0001364239999999961,0.013114167795042597,-0.008079571000000119,-0.006546852118940905,0.1299999999999999,0.11000000000000032,0.3500000000000001,0.1299999999999999,0.10000000000000053,-0.040000000000000036,-0.04999999999999982,-0.08000000000000007,-0.08000000000000007,0.19,-0.05,0.02,0.16,0.06,0.13,1.0,1.95,-3.1799928983389236e-05,-0.0006522115234899317,0.014263418074566658,0.04428654772850393,0.07820659734309299,-0.035290234256756925,0.006039273514243604,0.00757258520073556,0.021436965967994936,-0.00030565890033873444,0.0104872349069689,0.0,0.0038282492143730806,0.00701380429293863,0.00949122266274749,0.006772349947017808,0.004836057785718495,7.954943311183627e-05,0.012461213780127878,0.0031631961595639524,-0.000565124956172891,-0.0030661796646560546,-3.5942475440364774e-07,-0.29999999999999716,0.005269998674814147,-0.012848036373393157,-0.00488059516904471,11.7115
2006-02-01,0.005181969024683042,0.007030989862487402,0.002090478086955727,0.0023672550538282877,-0.0073732457506530125,0.0004248692215602645,-0.002266990994069573,-0.0018247987461075255,-0.004850951036232232,-0.017820032170358324,-0.0005986421311749979,0.0038362092867023634,0.0038912148024907722,0.0014322757807567754,-0.006699690986863516,-0.002620602146033768,0.009137215552827982,0.00903603878180359,-0.34950000000000614,-72.0,-0.020419575000000023,0.0028385786289994996,0.002142307183104819,0.09999999999999964,0.9000000000000021,0.019593103264170963,-0.04951969183264637,0.11474366864190433,0.08283600557914905,0.14310084364067333,-0.01705071145972248,0.002264371793282649,0.0030220902072723987,0.00875573871118629,0.00825422308465562,-7.037545307042592e-05,0.0004452359824220764,-0.0009568463078135636,0.0021135954453672667,0.0012656530348884587,0.002695046894176656,0.0004307447381943774,0.0033657923348116014,0.0014179533536431421,40.4,0.0,41.0,7.6586995582682995,5.241747015059643,5.796057750765372,6.940222469119639,6.342121418721152,7.669028288589683,5.3230099791384085,5.869296913133774,6.937314081223682,6.313548046277095,-0.02617628595122312,0.04752127564089115,0.022545561061740216,0.02011845659071554,0.0030121709257375784,0.010000000000000009,-0.00457431254015539,-0.0026563951363431926,0.0031339646618757655,-0.0004987036322425809,-0.09130003797142372,-0.09088683863679148,-0.0035523602858740233,0.00267167437068494,-0.016755348176282325,-0.0006154369999999965,-0.0016279382787409702,0.017738017999999967,-0.015520911778081459,0.20000000000000018,0.14999999999999947,0.1899999999999995,0.20999999999999996,0.22999999999999954,0.22000000000000064,0.15000000000000036,0.05999999999999961,0.02999999999999936,0.14,-0.06,0.03,0.19,0.08,0.08,0.86,1.78,-0.016901572592068703,-0.022949909738138707,-0.018577674733900373,-0.09114644559420526,-0.1584576911348501,0.009041981636581653,-0.005537643205254739,-0.011820849612361961,-0.019699015423665145,0.00362829524338526,-0.01108988678349565,-0.0008699435085404161,-0.00298478279645753,-0.0065114179472800515,-0.008955599771764966,-0.006250020345171414,-0.004237678179788595,-0.0014257109108815058,-0.013759669332987556,-0.0015068715119284093,-1.2653094536574372e-06,0.0010180702490911742,-3.589941774961858e-07,-4.5,-0.013798399621263613,-0.007766111672333764,-0.0007784989950208043,11.8673
2006-03-01,0.00427371399375609,0.004546398093545179,0.0020983038282791355,0.0016848898837427129,0.0026999992471310463,0.0022649582332325835,0.004248033972844567,0.005338229148750706,0.005589937787596533,0.008594618810779053,0.004624277350503192,0.008920620615864294,-0.00024184798852200373,0.0023049345000760724,-0.005630273207595238,-0.0001412526421162852,0.07502163453248567,-0.03368822079045941,-0.14849999999999852,407.0,0.06708535299999996,0.0011411360848736507,0.0019777302945733766,-0.09999999999999964,-0.6999999999999993,0.031324180590655004,-0.04355961450212931,-0.07036852268158889,-0.11611079446402073,-0.03084110552257524,0.03713506857886628,0.0022739575539159063,0.001596240307007335,0.01017438515823077,0.0032566953814843203,0.0003518277487639665,0.001556766688251443,-0.0017246339428513835,0.0024088211517785396,0.0014937094640377069,0.0026705966130453618,0.0017276397247059094,0.0020380034626938937,0.0011420480444606085,40.4,-0.09999999999999964,41.1,7.585281078639126,5.1298987149230735,5.69035945432406,6.92461239604856,6.18826412308259,7.658227526161352,5.351858133476067,5.777652323222656,6.975413927455952,6.2422232654551655,0.015911094152309957,0.033341940985016194,0.09777901698483227,0.028216946544029398,0.009740791962807194,0.0,0.004273957598981859,-0.001489386767975276,0.0006492165365106217,0.005569599100242684,0.011004203204914464,0.006220780459879727,0.0005717039108539268,-0.000930603971677435,0.0040688251851319635,-0.00012604599999999078,0.013297788924127474,-0.008698586999999813,-0.004686816001834071,0.09999999999999964,0.16000000000000014,0.08000000000000007,0.10000000000000053,0.08999999999999986,0.14999999999999947,0.14999999999999947,0.1800000000000006,0.14000000000000057,0.2,-0.08,0.03,0.18,0.13,0.13,0.94,1.82,0.015051904421346407,0.021195551583722327,0.0043192782162977394,0.04698829474593946,0.0814514365018777,-0.04772890514881567,0.0010017525850427589,0.020269737623018536,0.0005537936969846058,-0.0006244802280646056,0.0030737091821260165,-7.57460703049162e-07,0.0008431485612021561,0.0019950131305197516,0.0015757683198129868,0.0015564205476579218,0.0013379145507030898,-0.0007321337389951665,0.005734402018839013,0.00022460672897040013,-1.2624676570816007e-06,-0.0010191077743031407,-3.5856437285985976e-07,2.200000000000003,0.02970936891845888,0.02212166820198469,-0.007521239878403918,11.1908
2006-04-01,0.0005225742562355862,0.0010744470470882561,0.0017776700164136017,-0.009494221571543449,0.004930677733030464,0.0029562535896410225,0.0038462517172890287,0.006213985737938188,0.0027453310212131043,-0.0020885909229564348,0.0043251139266526906,0.015341511323374135,0.0018403797830153223,0.0014529016737290235,-0.0022240139132554404,0.0034841669848626466,-0.014624463589427705,-0.0005556268040542989,0.1402000000000072,58.0,0.003635162000000025,0.0004507878920456676,0.00013912946714889074,0.0,-0.40000000000000213,0.0022539453569248025,0.06909291650729443,-0.008463867708401018,-0.040273899137940106,0.01666705248521172,0.006112185543834414,0.0012415015680886654,0.002610563195826643,0.015968731787707746,0.004800528194046194,0.0008438819066203251,0.0022197567383130945,-0.0015355089389377241,0.000968949646388495,-0.00022965628210869227,0.0020455001846446663,-0.002308536083678092,0.002631265720989262,0.0007302268591562466,40.6,-0.09999999999999964,41.2,7.507141079727608,5.19295685089021,5.831882477283517,6.771935555839602,6.056784013228625,7.599901959208498,5.214935757608986,5.645446897643238,6.92461239604856,6.2422232654551655,-0.0028493753379077447,-0.05688554933308687,-0.09113438052787615,0.015287332515796948,0.0060483193016747094,0.010000000000000009,-0.004778426869569863,0.003365204013341838,0.0005308638458938475,-0.007551242279611792,0.08930952017638383,0.0894439882944903,0.0057496792158424626,0.0023893443737295073,-0.0008831753571900691,-0.00010198499999999888,0.006494855086375928,0.0052348919999998245,-0.014848268526832076,0.20000000000000018,0.15000000000000036,0.08999999999999986,0.09999999999999964,0.13000000000000078,0.1800000000000006,0.27000000000000046,0.3099999999999996,0.2699999999999996,0.15,-0.19,-0.07,0.11,0.11,0.2,1.05,1.89,0.004353995213018713,0.004795721260563823,0.009864061568335636,0.056442532073864626,0.08211327301178883,0.14175085523676945,0.003491632486491092,-0.006785839988490139,0.022805402371838923,-0.0006166997788152884,0.008567605638416076,0.0017414019384869306,-6.436378987118019e-06,0.003966256385980138,0.00523533820827371,0.0036142217892649597,0.002697949101232666,0.003098539805860945,0.008421391880240492,0.0006191068087790796,0.001119188661065973,0.0015237446211719963,0.0011950992694336193,-1.5,-0.004132554307638259,-0.00631060693084784,0.02086661967416603,11.1636
2006-05-01,-0.00076233183683172,-0.0014678260465963433,0.0016773632870936694,0.008184545527059939,-0.0020136481128680828,0.0002512791947975046,-0.0012928502541154074,-0.0006302182731392492,-0.0015903417700968703,-0.0061583765365993415,-0.00010758636281504863,0.0013752491842380365,0.0022251843450620257,-0.0029871257360580827,0.0005336994515481308,-0.0024574171339395434,0.00431883892849072,0.044780114876838084,-0.3311000000000064,-327.0,-0.03335452800000005,0.0012452394389335097,0.002278965724931581,-0.10000000000000053,0.40000000000000213,-0.04607340761532175,0.021704846515168796,-0.02147848890667703,-0.05325215887288337,0.0015015017835970923,0.09168041175374597,0.00027160249307200957,-0.0014593055412177591,0.00326104968597285,-0.0016840472922279304,-0.0016180664123321975,-0.0003326495567623766,-0.003849119455900052,0.0006161158492652419,-0.0003062904423050128,0.0020241880142464197,-0.0020325276666532943,0.0004776689844820936,0.0003193066511322229,40.3,0.09999999999999964,41.1,7.571473648851271,5.262690188904886,5.662960480135946,6.860663671448287,6.2285110035911835,7.552237287560802,5.117993812416755,5.662960480135946,6.859614903654202,6.208590026096629,0.027728358082780957,0.005547774216340784,0.011380440747922549,0.009768208894300301,0.011019519190606175,0.0,0.005492027085613138,-0.00451111651525693,-0.0019774226173367992,0.005304469802890566,-0.028035757047562893,-0.02662341087724851,0.0012609295563486,-0.0015093945705260126,-0.002042036273679493,5.716799999999633e-05,-0.009382133337926923,0.03345004100000004,-0.026268914122767217,0.15000000000000036,0.10999999999999943,0.1200000000000001,0.10000000000000053,0.09999999999999964,0.09999999999999964,0.1200000000000001,0.11000000000000032,0.07000000000000028,0.11,-0.22,-0.12,0.06,0.06,0.17,1.01,1.81,-0.008127584596658188,-0.010263053099962782,-0.0006927763287336575,-0.010039643803047227,-0.08473305784898422,-0.003235231374173253,-0.0020099385370686562,-0.0016841446383413228,-0.015623709807178976,-1.2923871576475676e-05,-0.006140510835410673,-0.0017414019384869306,0.00041420604594932797,-0.0025002030207090797,-0.0031531228563537184,-0.002081041527027594,-0.0019516853867367345,-0.0013015945406085194,-0.007455783548703465,-0.00015137216198635173,0.0016695587629986797,0.006056501848161755,-3.2116802382020637e-06,-8.300000000000011,-0.024927405356651278,-0.0017513529985109244,-0.0121436202559142,13.4881
2006-06-01,0.0012310897807044086,0.0008914370204564648,0.0005463585340521604,-0.002756493010446448,0.0032886342355755716,0.003361871248444892,0.0037919580221243976,0.005747534585371028,0.004917525250337285,0.006813960288130971,0.00431677037422773,0.007786765862059397,0.0028209674472714497,0.0003395753388106826,0.0015350974951706675,0.002933244946866864,0.018939664734554107,0.024207475417409086,0.0905000000000058,151.0,0.019650426,0.0018847778401074322,0.001830524498636521,0.0,-0.5,0.06097126229595862,-0.05300185323708373,-0.07950008462044789,0.013326696463699328,-0.15202740419036864,-0.085441678663571,0.0005943318527705799,4.4252682826595446e-05,0.010203343844398027,-0.001816766655949209,0.0007038288578833374,0.0012191744375193991,-0.00019284543498265805,0.0007036678978007416,0.0008038124105080868,0.0006681114110129727,0.0007716705742115693,-0.0014336920018482857,-0.00018244845881554284,40.6,0.0,41.2,7.496652438168283,5.111987788356544,5.662960480135946,6.804614520062624,6.100318952020064,7.532088143541722,5.147494476813453,5.655991810819852,6.834108738813838,6.173786103901937,-0.008723600609306104,0.02471758804012758,-0.009820915033355249,0.016511358704862644,0.009086106116159343,0.010000000000000009,-0.012732578511945647,0.004577382173547306,0.003126661741335468,-0.004439032107432794,-0.026568903785653575,-0.02680755016494263,-0.0024694306061494586,0.0018702143745290556,-0.00857604652687538,-0.0013236930000000147,-0.028973629189040118,0.07021207900000004,-0.04170407181094937,0.04999999999999982,0.20000000000000018,0.07000000000000028,0.14999999999999947,0.16000000000000014,0.07000000000000028,0.0,-0.0600000000000005,0.03000000000000025,0.26,-0.2,-0.02,0.17,0.08,0.12,0.9,1.79,0.004968954323187447,0.0065963639821227105,-0.00369790335051956,-0.040686465628473556,-0.01749572523920051,-0.20571934487251564,-0.0005043015696912789,-0.00083855346446704,-0.003297592183122866,-0.0006078924591932378,-0.0018279609145217535,-0.0008729786355834435,-8.665113606198815e-06,-0.0014886792685864236,-0.0010462828401287538,-0.0005222053046498587,-0.00021999817051021608,-0.0024504275016186128,-0.000616703617585479,0.0003199588579310131,0.0005401594021345879,0.0009335947265536326,-0.001194385569845302,5.800000000000011,0.03987000241472316,0.008697719453103048,-0.010227494033681062,15.8913
2006-07-01,-0.0008178099617115464,-0.001459924465635254,0.005628294238094966,-0.004350356327577742,0.0031441609977509444,-0.0006534862003055864,-0.0023782791437465534,-0.0035980613663442185,-0.008961746798761716,-0.0367621306131829,-0.00015802731941327863,0.008366913811340027,0.0015224407327476541,-0.005976194676151181,0.002333975991304804,-0.0034018269188766936,0.018550436341296717,-0.013370637843570954,-0.41320000000000334,-220.0,-0.04664452599999991,0.00015195008138668697,-0.0010465943323332283,0.10000000000000053,0.5,0.00589754750266458,0.023799314616113953,0.07340250475232946,0.0040650462481695016,0.13003182649825806,0.04261416830441078,0.0014220269942573083,-0.0003540763071434583,0.0065847824852447445,0.0016871070123318788,-0.0017605018454993626,-0.0022177875579547646,-0.0009647854100975906,0.0017745609984043398,0.0009560778593158403,0.0014716957957787713,0.0001438049484452364,0.00023909145362033257,0.0023237281215973127,40.6,0.09999999999999964,41.3,7.459914766241105,5.0106352940962555,5.673323267171493,6.775366090936392,6.040254711277414,7.47477218239787,5.147494476813453,5.6240175061873385,6.8001700683022,6.030685260261263,-0.019944228347759108,-0.054462582140175186,-0.02409789398964257,0.010349264500970179,0.0037920589314133224,0.010000000000000009,0.0063591632390993524,0.0004912568169874731,0.0006477065527032977,-0.0008622889041873805,0.004385627687848004,0.00214850759844043,-0.003850518352862764,-0.002470878549560851,0.010285785562670569,0.00019477000000001077,0.005625837923097343,0.006963652000000042,-0.00731156521984655,0.25,0.1200000000000001,0.16000000000000014,0.08999999999999986,0.05999999999999961,-0.03000000000000025,-0.020000000000000462,-0.040000000000000036,-0.020000000000000462,0.13,-0.29,-0.18,-0.02,-0.2,-0.15,0.61,1.52,-0.007450345174572881,-0.007790017369919688,-0.0030400447345586556,0.043660886456042824,0.04719211475199803,0.1043317338437939,0.0029553636384971327,-0.010867903026877457,0.019446872162635742,-0.0003056376888350698,0.008447581679334348,0.0026158994595126828,-8.614323634859034e-06,0.0039215394615732535,0.005176241680790561,0.0030577791333081805,0.0009489423656416918,0.0037281656557590637,0.006873413696205866,-0.001633260283046667,-0.004451871570823052,-0.007526731008054899,-0.000596125203943032,-0.20000000000000284,0.0016337849194556497,0.0017726756523899212,0.005740186422815263,14.522
2006-08-01,-0.0009572583342691843,-0.001409492859776762,-0.0033247323993936817,0.005591965731383652,0.0046825346744334695,0.0043310928990676345,0.005403745153835793,0.009080538992551013,0.009400393665799811,0.027884369590903013,0.003586510948394128,0.008548652505528942,0.0029582343142431355,0.009655300596920213,0.005884100530852088,0.007106868881167294,-0.0005382131453925965,0.01430790605122656,0.4065000000000083,316.0,0.051818072999999965,0.002236938110479869,0.0029290911336552483,0.0,0.0,-0.04433483378868086,0.05490857639649516,0.0017459629053373504,0.0010136848308466284,0.0015325673497779135,-0.014375099445704365,0.0012151826099131569,-0.0008414340302920209,0.004312761257053488,0.0010368067284396432,-0.002046072608541394,-0.0017777782459997837,-0.002512806966345593,0.001622458687233319,0.00038217534669904296,0.001401230577869228,0.000150319429069512,0.0008363702022879949,0.0017279014848377017,40.6,-0.1999999999999993,41.2,7.408530566894626,5.075173815233827,5.5134287461649825,6.7357800142423265,5.991464547107982,7.451241684987676,5.111987788356544,5.605802066295998,6.769641976852503,6.023447592961033,0.009817695656712644,0.004662279528458768,-0.025563056751668256,0.0019185720160983522,0.007334253588389572,-0.010000000000000009,0.002183565901441753,-0.0015373781758469818,0.00011771976822849695,-0.0011121355109926512,-0.045794422753205666,-0.044887992249842856,0.008966282849423024,-0.005497456028228598,0.00083884117469335,0.0003616109999999839,0.02112829292352636,-0.022158549000000027,0.008897616711991851,0.009999999999999787,-0.08000000000000007,0.009999999999999787,-0.08999999999999986,-0.13999999999999968,-0.21999999999999975,-0.20999999999999996,-0.16999999999999993,-0.16999999999999993,0.04,-0.29,-0.28,-0.17,-0.43,-0.37,0.43,1.34,0.0092904546085526,0.009549084356027748,0.004209780873141611,0.02423566252840814,-0.06592020662030684,-0.04669298407713107,-0.0010102649554042387,0.01590142854422716,-0.013093913939350443,0.0008805688520308053,-0.004865738648243578,-0.0026174209957163797,-8.563978907361047e-06,-0.0014961673410072152,-0.0026138050638815358,-0.0015539221957743266,-0.00027000886300143634,-0.0001299009708688459,-0.002886653680159057,0.0006160716088983165,0.003879195776165467,0.0014891902518709976,0.0029753071636542394,-2.700000000000003,0.0022548959411228253,0.0022613649847524897,0.0011609150886044972,12.5604
2006-09-01,0.005885291093365552,0.006296661576772777,0.006181205695591885,-0.000181281080932294,-0.00480788862540571,-0.0018134288280249322,-0.0017717681093465387,-0.0023260279340604484,-0.004552543437434053,-0.016909803065266793,-0.0006354359891931338,0.0014710339735701794,-0.0018894662644477478,0.0014989397917490876,0.002823745337718897,0.0007931076315745855,-0.04280303293186272,0.023470261713539387,-0.09940000000000282,27.0,0.02761358699999994,-0.0003559915390720647,0.0013128802328026268,-0.20000000000000018,0.0,0.0019190180519785827,-0.08984871827945451,-0.027411088425371766,-0.0010136848308466284,-0.04783350093756855,0.006186077305015303,0.0010017806207187618,-0.0015074934130900886,0.005721566784634646,-0.0002591009212569162,-0.0024041872703293166,-0.0022266764933736027,-0.0027131799589596994,0.0014973405306264453,0.0008402719919953228,0.0015186290894977361,0.00020256870252133297,0.0019090806418624595,0.0032204686169787777,40.3,-0.20000000000000018,41.1,7.450079569807499,4.955827057601261,5.5909869805108565,6.836259277277067,5.937536205082426,7.411556287811163,5.099866427824199,5.5134287461649825,6.729824070489475,6.0063531596017325,-0.043336873366628836,0.1089549847439244,0.2470052982806088,0.038153918810047927,0.003780972389046511,0.030000000000000027,-0.005846260439803963,-0.0006100919090208379,0.008848059599477764,0.0030847225049814853,0.04789420755437579,0.04920544053260423,-0.02003580822106077,0.0055861773497589695,-0.0001515707864196969,0.00019747800000000093,0.02348767609243385,-0.026372770000000045,0.01773794014969443,0.0,-0.040000000000000036,-0.15000000000000036,-0.08000000000000007,-0.11000000000000032,-0.15000000000000036,-0.16000000000000014,-0.16999999999999993,-0.16000000000000014,0.0,-0.44,-0.36,-0.28,-0.58,-0.53,0.26,1.18,-0.018599457864538316,-0.023927148025605582,-0.016893786840284974,-0.058640992552276394,-0.11584816741074988,-0.013710109197348608,-0.009344723028451796,-0.0033668561500608263,-0.045305356118102935,-0.0006022198835813342,-0.020468584671125,-3.0510524986482324e-06,0.0004070271742042664,-0.010265746845695922,-0.011869689298516839,-0.009162913137363837,-0.005764607507067865,-0.004997733684509953,-0.023655957945892148,0.0002837267646693675,-0.002773612468415454,-8.884170407785774e-06,-0.0029753071636542394,3.4000000000000057,-0.005070633461997431,-0.0006349272666472672,-0.009129743966089343,11.397
2006-10-01,0.005329403506713959,0.00659461286548968,0.004311412689214755,0.0007249272301095289,-0.0013910902785916335,-0.001025473060283666,-0.0005844928024147933,0.00014700768707065492,-0.0012446318379524257,-0.013509482064914202,0.0025881632053073034,0.0020993757275000746,-0.0016196906368932673,-0.011131324968936873,-0.0008051918036464656,-0.004528779576026487,0.032591769959829264,-0.03156624224968052,-0.5268000000000086,-146.0,-0.009362227,0.0024958607372518316,0.003439852562399537,-0.09999999999999964,-0.8000000000000007,0.0030627895305457287,0.024062758683766283,-0.07877352985562691,-0.0020304575503820033,-0.1440280574298658,-0.0022162427941037066,0.00017539115927434068,-0.003600563976947413,0.00804992114354608,-0.00467533319171487,-0.0035461030067498456,-0.0030138996972794985,-0.004473410163409852,0.0009183098497800302,0.00152596069743538,-0.00028989708856386187,0.002192954709324013,-0.000596196285471251,-0.0006342016067613088,40.6,0.0,41.1,7.307202314764738,4.969813299576001,5.429345628954441,6.5998704992128365,5.950642552587727,7.358830898342354,5.0238805208462765,5.472270673671475,6.694562058521095,5.918893854273146,-0.005558678975914333,-0.07863623269045839,-0.1311322195908886,0.01341956402065847,0.0037774314885155036,0.010000000000000009,0.010161182847468808,0.0031458142913791676,0.011542382073891133,-0.0016047935788172651,-0.01900845751131497,-0.014223611531265279,0.009556644858644603,0.03760181365560733,-0.005544606312187561,-0.0005024579999999834,0.0340487625980872,-0.042152948999999884,0.02727612440624494,0.0,-0.009999999999999787,0.11000000000000032,0.03000000000000025,0.040000000000000036,0.020000000000000462,0.010000000000000675,0.0,-0.009999999999999787,-0.01,-0.33,-0.33,-0.24,-0.56,-0.52,0.26,1.17,0.0023829870054754565,0.004633101671530859,0.0004942358600716901,-0.05705326434558078,0.05294607747033453,0.041139785441655086,0.00047110267335970235,-0.0066666728395166075,0.005971706475964567,-0.00030277093913788633,0.002832125934454588,-0.0008798702127403857,-0.002083586241748314,0.0004585816345441529,-0.0011059471797274512,-2.605774239583525e-05,0.00026467826805820494,0.004515905257466812,0.0012314046749315466,-0.0009510693655734315,0.0038544709505008434,0.0009783354661165866,0.004742154707774393,8.199999999999989,-0.02137288734352083,-0.006652190592120633,0.02219207033481929,10.7972
2006-11-01,0.005030740909420572,0.005373597836090482,0.00035944502076468154,0.0005795636476175758,0.002240403986746742,-0.00026838974387644043,0.0013583505215715164,0.0029403220910522165,0.0017917794715778257,0.006073820876640212,0.00046251396245011733,0.004740107730058618,-0.00239715570875898,-0.0011027177101308183,-0.0014866725390110247,0.001353523839977555,0.00385315094399008,2.4822386957445985e-05,-0.07349999999999568,54.0,-0.0065422979999999464,0.0023977912403641,0.0015128179802363917,0.09999999999999964,-0.10000000000000142,-0.04096535341950425,0.05053218693952566,0.04596876593790178,0.04374454896285673,0.0479947246471788,0.033505276655635186,0.0015990248627364423,-0.0021398011017748075,0.0025121696364669432,-0.002084962965350101,-0.002418552893249881,-0.0030230107553972374,-0.0013654542256116287,0.0023313392178394565,0.0022845838669081076,0.0019083650086155757,0.0023117482871821693,0.000953743515308858,0.000679486334494328,40.5,-0.10000000000000053,41.0,7.358830898342354,5.017279836814924,5.429345628954441,6.725033642166843,5.8805329864007,7.336285660021297,4.990432586778736,5.455321115357702,6.68586094706836,5.8664680569332965,0.016875636904597258,0.03557502188946415,-0.010022862948652289,0.020651217682388534,0.003983514465145888,-0.010000000000000009,-0.0039501053593662405,-0.0020229612612396863,0.004545462371675413,0.00934761258880723,0.030899736354148555,0.028635870496202864,-0.001324619946434069,-0.03777776183474657,0.0044935504476155685,-0.00022281300000001614,0.018357940284173146,-0.013778192000000189,0.007327172291688999,0.0,0.0,0.020000000000000462,0.03000000000000025,0.0,-0.11000000000000032,-0.13000000000000078,-0.17999999999999972,-0.21999999999999975,-0.01,-0.31,-0.3,-0.24,-0.67,-0.65,0.08,0.95,0.01756559480335884,0.01944974709756142,0.015271406989039171,0.19664855300042916,0.08963586701483894,-0.005257332575913765,0.0049429184806495385,-1.1148303088681644e-05,0.02563873224243718,-0.00030039113366164827,0.009758619935769097,-0.0008868197011748791,0.0016547655171539333,0.005902380978121791,0.007805346723712248,0.005630670487212441,0.0027007542415695696,-0.0018562902665859582,0.012283998971211574,0.0002980263154030993,-0.0022150621420964356,0.0014575391915077063,-0.0035601214732192688,-1.5,-0.009304469429842754,-0.002984725516922637,-0.016442532465774207,10.4842
2006-12-01,0.0058443720257805865,0.0050282407600921175,0.0057812605031006825,0.015868534239659837,0.01234877295850012,0.010202449035083383,0.010019772428417006,0.008446226885237884,0.004978378730058353,0.022920592925957273,-0.000688966355799181,0.015897833282360274,0.010404475420660475,0.013107747144265325,0.0233921322169639,0.014452562683398007,-0.06944399735625417,0.014785761232576355,0.9500000000000028,-25.0,0.007298498000000042,0.0021367389445678953,0.0029913848532068243,-0.09999999999999964,-0.09999999999999787,0.03329071866639488,-0.07752177698093643,-0.0358359892538358,-0.0376655028864743,-0.03417598793958199,-0.0069204428445743815,0.0013342132856042355,-0.00017852361022185903,0.006720350368735417,0.0024754100321970895,-0.0018534365157538701,-0.0005608210567054073,-0.004107585237445477,0.001629580286284238,0.0017859522540124573,0.004280552135780269,9.105809512810481e-05,-0.00011916820606217016,0.00022639288317449768,40.8,0.10000000000000053,41.1,7.407924322559599,5.170483995038151,5.455321115357702,6.687108607866515,6.07993319509559,7.401231264413015,5.147494476813453,5.5053315359323625,6.7226297948554485,5.963579343618446,0.0413317599102907,0.019531423513925006,0.05691728126785378,0.01642051786225629,0.0009531189797744588,-0.030000000000000027,-0.003433424702074639,0.0010202388857187827,0.000659961860941749,0.0034406421557795497,0.018558282436528906,0.014142283419392054,0.003354726276411313,0.0019512528671228324,0.0024806265228898283,-0.00042599999999998195,0.019807710547122603,-0.016416574999999822,0.006620171577489842,-0.009999999999999787,0.0,-0.09000000000000075,-0.07000000000000028,-0.0699999999999994,-0.04999999999999982,-0.040000000000000036,-0.009999999999999787,0.019999999999999574,0.0,-0.39,-0.36,-0.3,-0.71,-0.68,0.08,0.98,-0.001306712752360717,0.0005390649630365729,0.0005834951524184007,-0.08514457632751782,0.035541516840480014,-0.0113936440659419,0.0049355991027209,0.006688969445693971,0.02495441256349462,-0.0011771566825888868,0.011686513730927217,0.001752827114045452,-8.38773306099938e-06,0.005403847869289713,0.007829797118774628,0.005112222588321558,0.0032038056895258293,-0.00032569615782485073,0.01427794717948938,0.00010820491378193964,0.0021770850892735005,-0.001983212636437859,0.002944114676616927,-0.3999999999999915,0.007025503025420932,0.006307897494243875,0.008098801621194696,10.499
2007-01-01,0.001788696573022719,-0.001438960085895502,0.0019751565128647286,-0.00611752905941465,-0.0003134684206234084,-0.0035813836548843625,-0.006068192774693948,-0.0067630827546327765,-0.0057851870781604475,-0.025906670762893214,0.0005815685555763395,-0.017371356285079464,-0.0003825282739997604,0.001753732516275086,-0.0025488839060505697,-0.003518671067245016,0.022642397950136228,0.018369234067558082,-0.4725999999999999,143.0,-0.013893108000000098,0.00269390373328271,0.0003972630001758404,0.1999999999999993,0.1999999999999993,-0.013573991624454607,0.10208206484623972,0.03444549076791592,0.024938948347251966,0.042978861685536884,-0.021053409197831385,0.0016307160562814005,0.0015610020340801611,0.003576152454635384,0.005191445793249372,-0.0004995896332005145,-0.0025838356227669834,0.0031311180179773856,0.0016443150871037204,0.001593263111592691,0.0006608321642129766,0.0023581162895833785,-0.0003575898482601758,0.00031686395485053254,40.4,-0.10000000000000053,41.0,7.25063551189868,5.181783550292085,5.25227342804663,6.568077911411976,5.793013608384144,7.3938782901077555,5.214935757608986,5.58724865840025,6.665683717782408,5.966146739123692,-0.02774705432146085,-0.027749827975307895,-0.0899323068461726,0.01681078585946949,0.0027668476777495954,0.030000000000000027,0.006793550791459602,-0.0007107840322539971,0.0036934747727048745,-0.01653327698973417,0.0014763296974655837,0.003971936802563025,-0.002178984245449378,-0.003696053554969936,-0.007822134236498357,-0.0008923779999999992,0.005449604767564509,0.004731002999999845,-0.008533241401386338,0.009999999999999787,0.0,0.13000000000000078,0.07000000000000028,0.11999999999999922,0.21999999999999975,0.20000000000000018,0.08000000000000007,0.1200000000000001,-0.01,-0.27,-0.3,-0.19,-0.5,-0.49,0.15,1.09,-0.008093711133693837,-0.010253566254387003,-0.009129104852174663,-0.08642116007230882,-0.17196294848932814,-0.009113439108380028,-0.0037728651289015147,-0.0028437753741563654,-0.026062589792926083,0.005775234383877503,-0.009002723153287207,-0.001072586810746401,0.0004604935437582114,-0.004932075371880451,-0.005904775344204083,-0.004381684961347609,-0.0002117699478496604,0.001020646201931541,-0.010282302362502271,0.0029656284510757303,-0.0027422398300069872,0.0019357034039213517,-0.003538085559617876,5.200000000000003,-0.007950406158508727,-0.012257582712267734,-0.003311052050052332,10.627
2007-02-01,0.004345154911627347,0.004020466998818861,-0.00024965375531582623,0.005982241810761124,0.0010719852817739906,0.009597462221436537,0.009015467811700262,0.010231070154356203,0.011184611267140099,0.012037909636936739,0.010919296875557372,0.007662952409816626,0.010324172631968054,0.007792018874593687,0.004630723215502286,0.003388640264837761,0.12243555605389655,-0.013393414506206014,0.0660000000000025,-64.0,0.009023334000000105,-0.0010518511261263797,0.00019857233404962926,-0.09999999999999964,0.3999999999999986,0.005063301956546695,-0.04465228794799181,0.025190248828558914,-0.05362944081018117,0.09043816026350182,0.017187923132254923,0.0005890245269952743,-0.0046903353580649565,0.007422331894826328,-0.012898361348437248,-0.0007855740450413151,-0.0001124922662754102,-0.001955799567305405,0.0016155793975158872,0.0016664145652960372,0.002503807770569466,0.0018475246810893964,0.0003575898482601758,0.0016280019875711815,40.2,0.0,40.9,7.299797366758161,4.919980925828125,5.093750200806762,6.679599185844383,5.950642552587727,7.37650812632622,4.969813299576001,5.402677381872279,6.703188113240863,6.0330862217988015,0.02337686358587021,-0.009042007311899525,0.027865621947768204,0.009846938332676913,0.004634634220437306,-0.010000000000000009,-0.010087636925511845,-0.003107467169014555,-0.0016016935609641791,0.000833811162788578,-0.07546082976826751,-0.0707029535335798,0.0018734405627789386,0.001322596530554776,0.005806296159989621,-0.00043173800000001483,0.014388737452099676,-0.011087571999999879,-0.0016285145120837896,0.009999999999999787,-0.009999999999999787,0.04999999999999982,0.009999999999999787,-0.009999999999999787,-0.040000000000000036,-0.040000000000000036,-0.010000000000000675,-0.05999999999999961,-0.03,-0.23,-0.3,-0.21,-0.55,-0.54,0.13,1.02,0.012367196411245729,0.014962596345370116,0.010935645818483053,0.14170399901973862,0.21058411873416372,0.01898739731373933,0.002212943077307017,0.0026396906549299715,0.010400034120743307,-0.001806930175025201,0.00486335538535787,0.0018880127119373924,0.0002469323298850412,0.0024313889465945593,0.0031297384541657536,0.0025436908106772904,-0.0002330682327444933,0.0016261191265760644,0.004662511028855398,-0.0022364353863446595,-0.0010916979862254372,-0.003906477645419848,0.0017607349702011277,-5.6000000000000085,0.009186934111085066,-0.001023397240013324,-0.002454144585223972,10.9205
2007-03-01,0.003757738733664695,0.004412423254899878,0.001117013175689685,0.0012533389598416989,0.008621922102209467,0.001771722158313338,0.0005232344040519976,-0.001355444909976633,-0.007836815280767517,0.004855138366805178,-0.01186684984890185,0.018009147755388533,0.0033761493562085576,0.01126811672097805,0.013540734360406148,0.008136665030542112,-0.08726913214956422,0.018865863294438512,0.43670000000000186,263.0,0.05882611399999993,0.00044439507452764815,0.0017990476058979965,-0.09999999999999964,1.1000000000000014,-0.10951312998231888,-0.013934270974546692,0.019705071079332726,0.04869115916959821,-0.0032077012267697214,-0.04224309158778716,0.0016416190337267267,0.0025489113856007606,0.006602711127547067,0.010435784768594303,-0.0019308476696391352,-0.0020270277210876486,-0.0017634960972738867,0.0014656591801252006,0.002494426630708091,0.0005912012536750666,0.003755818330915872,-0.0011924637711633324,0.0008130081748625173,40.6,0.20000000000000018,41.3,7.3098814858247865,4.875197323201151,5.455321115357702,6.62273632394984,5.934894195619588,7.3752557780097545,5.099866427824199,5.497168225293202,6.655440350367647,6.018593214496234,0.016803433659843492,0.03802557181210986,0.10921907217011295,0.015556399752904682,0.001171850100684324,-0.020000000000000018,0.008927267459418076,0.0024810813969491363,-0.0004580983273623218,0.004748819514693636,0.00025344492391798923,-0.006407816266971289,-0.0016447799785561656,-0.02555092673552828,0.0018587473841469304,-0.00018137499999998363,-0.026546662782473085,0.06153581799999985,-0.04541633744734508,0.0,-0.010000000000000675,-0.08999999999999986,-0.07000000000000028,-0.1299999999999999,-0.22999999999999954,-0.16000000000000014,-0.08999999999999986,-0.010000000000000675,-0.04,-0.32,-0.37,-0.34,-0.78,-0.7,0.04,1.01,-0.002556976355601037,-0.0013445981056285916,0.0011477781988356028,-0.07659864932498106,-0.06075019396350312,0.037680718232808275,0.0013157983596601142,-0.00680655140570785,0.014884272685790734,-0.003552895476215845,0.004563160268674871,0.0006279752768083569,-0.0009318185546245417,0.0020623232341598907,0.0028199600033200767,0.0016372477402271102,0.000549396281167347,-0.002584750829062621,0.005451427270680931,-0.0005417073532658634,0.0032526162057231467,0.002903448147796528,0.0005794624573334239,-2.8999999999999915,0.021334523400671657,0.006842543358413167,0.00036712173679731563,14.9213
2007-04-01,0.0015889643887092575,0.0030551218229977195,0.0009615328285166314,-0.0017257727033150871,-0.0026481412362269197,0.0066885058019989785,0.006117830175514705,0.006946357391670155,0.005111139029143175,0.01723987256510462,0.0011960592742576992,0.00966591104645076,0.007411615065049837,0.01023363498066221,0.00398686489927691,0.0061647834628209,0.019507373807033268,-0.018702475299153143,0.28119999999999834,-273.0,-0.05266060699999997,-0.004032923504903252,-0.005029026789255653,0.09999999999999964,-0.9000000000000021,0.06258603109327954,0.018536211907915323,0.011463970347608488,0.062370330726458256,-0.03182643161167675,0.03446700263787861,0.0004353757361315047,-0.0018775150799150708,0.005798886996142727,-0.0025987540613137128,-0.0017911521894173887,-0.0012407649214605243,-0.002749412572494947,0.0008835606333548185,-3.7747956895373136e-05,0.0026476679744682485,-0.001355897391983163,-0.0022696061823967995,0.001173179450505657,40.6,-0.09999999999999964,41.3,7.306531398939505,5.111987788356544,5.327876168789581,6.595780513961311,5.955837369464831,7.293017679772782,5.0689042022202315,5.402677381872279,6.588926477533519,5.8916442118257715,0.007591690909295679,0.01682309314005792,-0.004206798195530936,0.01834666197532897,0.0054692160293257075,0.0,0.005815872533891486,0.005322650687762831,0.007077049199024188,0.001457942226926967,0.08890214430859711,0.09128333217696971,-2.8139212965072602e-05,0.02556351205389973,-0.0019035689705582115,2.2442999999983115e-05,0.039502242762899265,-0.054685415999999876,0.02412385973751663,-0.009999999999999787,0.010000000000000675,-0.07000000000000028,-0.02999999999999936,0.009999999999999787,0.10999999999999943,0.13000000000000078,0.16999999999999993,0.1200000000000001,-0.02,-0.38,-0.39,-0.32,-0.66,-0.56,0.22,1.14,-0.0012819771401195723,-0.0024621617517208705,0.001118526510242468,-0.007909039311305044,0.03307954734907703,0.04583137657921377,-0.0021904780112009803,-0.00023134776068456375,-0.010508487575962455,0.002511290867461824,-0.0051462166256550645,-0.0008419084437845115,-0.0003331551858831716,-0.0023920500520890897,-0.003600525882641037,-0.0024967586716124757,-0.001301707138297914,0.00025737739901288137,-0.006019648434524072,-5.903078295510511e-06,0.001058825558547305,0.0004624074303225534,0.002902660531704182,-1.3000000000000114,-0.010211469479447288,0.00447055716881728,-2.479730061288876e-06,12.246
2007-05-01,0.0005195717435917402,0.0008469911148800691,0.001470187476553697,0.00666953497944256,0.012880017324306436,0.0005374037034995283,-0.0021208915691373065,-0.0013941070066101346,-0.003891700874016024,-0.006008428706868685,-0.003190005171653354,0.0013429252819072701,0.004006859786154671,0.003220345834141547,-0.0007241793314634037,-0.0007127454894417795,0.009756070567979336,0.008076933031695432,-0.2623000000000104,-32.0,0.0037688660000000374,0.0015404535911986983,0.002175040052776467,-0.09999999999999964,-0.29999999999999716,0.0032520353863771945,0.0022930530570377528,-0.022164027851855117,0.022989518224698635,-0.06332311852400263,-0.05125220890920801,0.0010948575422542461,-0.0011640402460528776,0.0054628360436552725,-0.0016928189471236976,-0.0011480233735579048,-0.0015813851708532667,-0.00039339103575741774,0.0015313872426894193,0.0010941126518240196,0.0012959801189467157,0.0011106807289280596,0.0010757187435466165,0.000811395644948476,40.5,0.0,41.1,7.254884810077338,5.062595033026967,5.493061443340548,6.5337888379333435,5.786897381366708,7.30854279753919,4.976733742420574,5.420534999272286,6.641182169740591,5.87493073085203,0.016011633269208403,-0.019833816198278953,-0.0720378560629733,0.010720949241397548,0.006713375348605055,0.0,-0.006278158287780222,-0.008145106465544671,-0.0022204518346526925,0.0007204094234642966,-0.0063202769593928565,-0.006599126312854198,0.005831900545075541,-0.0024436634413316227,0.0004148783265254252,0.00014580100000000096,0.031937849209096036,-0.040229558000000054,0.016957315644270388,0.0,0.0,-0.13999999999999968,-0.08000000000000007,-0.019999999999999574,0.08000000000000007,0.05999999999999961,0.0,0.0,-0.02,-0.52,-0.47,-0.34,-0.58,-0.5,0.22,1.14,-0.0030602232013690056,-0.004129380739009925,-0.0012682403965911249,0.0019511901532878184,-0.06278405163984857,-0.08645895465818931,0.0011283071749250695,0.0025138337386803045,0.003908763862830789,-0.0007338605519304764,0.002780130399449021,-0.0012446438567694784,3.116468827091268e-05,0.001094269691965799,0.0018925758189087816,0.0012449134779011217,0.0005505528114078118,0.0014590849896611857,0.003386302395845142,-0.0005734954410980819,-0.001637147260635352,0.0014125917386080822,-0.004088253590361912,1.2000000000000028,0.0033878533918212383,0.00020015749623603085,-0.006205360471307486,12.965
2007-06-01,-0.0003948760156955444,-0.00031330310638111314,4.738943453475031e-05,-0.0011383288098905098,-0.007522820315466916,0.0002735122133366019,0.0013275598704183267,0.0027890389807847527,0.0014491334289354896,0.012704386483402885,-0.0022307760860424963,-0.00037632039597568223,-0.0011221117963629013,0.004981186690615758,0.0019802150700307664,0.003349294086347321,-0.033153773298830735,0.0021745303881059996,0.0671999999999997,202.0,0.007937138999999926,0.0024271300812124252,0.0010960181392132284,0.1999999999999993,-0.10000000000000142,0.03469939348840079,-0.022701924688244723,0.022164027851855117,0.03396215589981466,0.009670405031681817,0.03535762611608817,0.0005723289961157008,4.479584295324912e-05,0.004379017945111308,0.0018229171714665426,-0.001293103628460912,-0.001810364830266309,-0.00039354585317141755,0.0006741048920453352,-0.0002262699410024993,0.0016637960226510984,-0.001026690820589593,-0.00035844435535281605,0.0006306306515302396,40.6,0.09999999999999964,41.4,7.277938572945661,5.0689042022202315,5.44673737166631,6.56244409369372,5.855071922202427,7.249215057114389,5.030437921392435,5.389071729816501,6.558197802812269,5.799092654460526,-0.001481626384414625,0.00013982836091486206,0.04689895661086396,0.011494305824244933,0.00480756317465314,0.0,-0.011341741082108392,0.0026479941684431907,0.0022488871797889942,-0.0014603184155319582,-0.04150116889410338,-0.04455403087478549,0.0009455033293805926,-0.0006176243204230047,-0.000812870142582689,0.0002616730000000178,0.0020163096477512354,0.011511376000000073,-0.00855580553514379,0.0,0.019999999999999574,-0.1200000000000001,-0.020000000000000462,0.04999999999999982,0.3600000000000003,0.34999999999999964,0.3200000000000003,0.3100000000000005,0.0,-0.64,-0.49,-0.29,-0.22,-0.15,0.54,1.45,-0.003623555266859313,-0.005221943981151611,-0.004167628888385622,0.0014428215472550576,0.06942590882971444,-0.01694337078380226,-0.001810404477464722,-0.0035797084116149236,-0.010614214531193156,-0.0004375076371188058,-0.005408177922790358,0.000902368977148349,0.0006757902124414628,-0.002125268363915467,-0.0031089389669221035,-0.0018953104718448799,-0.0007823902187942267,0.0009919372138211813,-0.006860534215469727,0.0009694006843332659,-0.001083621682803848,-0.004325394841856678,0.0017335824349298257,-3.0,-0.0021239529063556972,0.0017353134404594073,0.008575499702560663,14.8819
2007-07-01,0.0006915287356257238,0.00035563383638148593,0.0030400733157920357,-0.0059762921721358,0.00395788894583049,-0.0015692841025076731,-0.0033964661773708826,-0.001793841626429149,-0.003431814700502578,-0.010997232215256503,-0.0009238906717135009,0.00019421510742656523,0.0008306774372002224,-0.00046661427607919137,0.004518596348513704,-0.0006144495934572447,-0.006637212494375433,0.00038641981381193347,-0.23319999999999652,-261.0,-0.053064675000000006,8.4940949756529e-05,-0.0010823104958301855,0.10000000000000053,0.6999999999999993,-0.019395027114955,0.031821914940644014,0.03574115624160079,-0.058813872055577754,0.12176072705183216,-0.0062057642075465935,-0.0002173015502151543,-0.0021075768434499764,0.007206156390118679,-0.003518606614495212,-0.0015827341433514164,-0.0017001987660361095,-0.0013786314345036743,0.00014686000380592645,0.0005655788850482679,0.001141207790086085,0.00034880566710704386,0.0002389771788173789,-0.0016224258820489723,40.6,-0.09999999999999964,41.3,7.21081845347222,4.997212273764115,5.4680601411351315,6.45833828334479,5.802118375377063,7.215975002651466,5.017279836814924,5.332718793265369,6.501289670540389,5.820082930352362,0.002559880176740137,0.018648115081312255,0.003283025296685338,0.015707805695832633,0.0014223646907858267,0.010000000000000009,0.011867191902730667,-0.00033495283534001885,0.0024707849497929146,0.0002380245125346292,-0.01849703177548001,-0.018353442895777117,-0.0017331407350349437,0.0004887759143734627,0.002747208762004405,0.0005580949999999807,0.004296688543782068,0.010125559999999867,-0.003964162301705709,0.009999999999999787,0.0,0.20999999999999996,0.07000000000000028,0.0,-0.15000000000000036,-0.09999999999999964,-0.05999999999999961,-0.04999999999999982,-0.01,-0.44,-0.43,-0.3,-0.38,-0.26,0.47,1.39,0.005998455768646771,0.008069208048446797,0.004065952999904532,-0.01609901166937533,0.03324184286095999,0.028024978105510634,-0.0005350597127780077,0.0038917568151095594,0.0014072013199264433,0.0033634522862540095,0.00046931548798756495,-0.0009296412504378182,-0.0013399694511200266,-0.0005127668500106708,-0.00037976692820063107,-0.0008085574240528359,-0.0005927997221926162,-0.0032549476479255546,0.0014266088630829898,-0.0008183372556480606,-0.0021439098169575566,-0.00048017632759966844,-0.003476249155360822,5.1000000000000085,0.014375627509894073,0.0023374998478828957,0.0004924020768131143,17.2476
2007-08-01,-6.429628425941303e-05,-0.001135083516619062,0.004207703819537834,0.012473825738407385,0.004707339063948268,0.00195876229517733,-0.0006562445548476958,-0.0002937435418326473,-0.001968533915785109,-0.002904951688949886,-0.0016401102147920454,0.0017030487072169365,0.005346275499149122,0.003206944737209838,-0.00915133866330109,-0.0029403061478205927,0.05434860109113604,0.007668762376329852,-0.397199999999998,-52.0,0.00010466700000000273,-0.0019947489143898878,-0.0015295609439167634,-0.10000000000000053,-0.1999999999999993,0.04379120315731111,-0.021565414773455416,-0.013200106504558384,0.012042757863182096,-0.035478691499243986,0.021319402017594413,-0.00018112070295295268,-0.005040287885719863,-0.00029922202497356665,-0.00654881187890588,-0.004401637874703823,-0.004206224583791496,-0.004741217889822735,0.0007512402292721987,-0.00011309018954541727,-8.386799182957816e-05,1.9374525727755554e-05,-0.0033508887266311405,0.002477646153382196,40.5,0.0,41.3,7.1929342212158,4.584967478670572,5.476463551931511,6.543911845564792,5.697093486505405,7.186144304522325,5.0106352940962555,5.267858159063328,6.432940092739179,5.872117789475416,-0.006325495501751988,0.011012321962043714,-0.05509892157918195,0.016938134418987616,0.0038503402904783712,-0.010000000000000009,0.000647254181942003,0.006113086532625545,0.01001913411868216,-0.0012088805254792945,0.06860846296139211,0.058035474479217086,0.006363665678947861,0.000868986727924792,-0.0006429655606030593,0.0006871989999999994,-0.04443263293346522,0.09731773399999999,-0.04779059386410589,-0.2400000000000002,0.04999999999999982,-0.6200000000000001,-0.4500000000000002,-0.4900000000000002,-0.4500000000000002,-0.33000000000000007,0.05999999999999961,0.0,0.28,-0.82,-0.64,-0.55,-0.59,-0.35,0.77,1.63,-0.013803596325409728,-0.017876035995434414,-0.018126905303279095,-0.014613280820704233,-0.11908971814007341,-0.059448050825452015,-0.001470779266562694,-0.0035655818962467833,-0.008445421516298346,-0.0015917198310022584,-0.003751871496811887,0.002655544603119786,7.791985369109966e-05,-0.001781858321552754,-0.002393539717949089,-0.0014537393618194727,-0.0008437556310711969,-0.0013343990055467714,-0.004978678019663896,0.0006577638844600386,0.0016018505566659513,-0.00047812184473272623,0.0034642066976693364,-7.0,-0.006003578715333191,0.006146368254590584,0.0018067260098106885,25.12
2007-09-01,0.001356448973682589,0.0008217936743832865,0.0008464713234239696,0.00048439663342669803,0.0040605946201033305,0.0024406173860418434,0.0037193963169173117,0.004001524810414381,-0.0010287196425000644,-0.013237389845149217,0.0029368859057550267,0.014836150226304134,0.0008341158107967317,0.00022121766978422386,0.008011231140645947,0.002857794722491036,0.02794920886229857,-0.005900247204301934,0.08220000000000027,106.0,0.005542961000000068,0.004344098050895084,0.0038502955837689257,0.10000000000000053,-0.6999999999999993,-0.022046918892980827,0.061170145805742315,0.009385734429088188,0.004593485339190018,0.014342875359404594,-0.020840665871851627,0.0006229175922118912,-0.0032083897469341593,0.00014962220421388395,-0.00434582892435742,-0.0027518302541675865,-0.002966345586417063,-0.002379065356850063,0.0013542598711744347,0.0011303267847520004,0.00015095732129566386,0.0005165155973418933,-0.002760940473002904,0.0023817559849312886,40.7,0.0,41.3,7.075808863978387,4.969813299576001,5.159055299214529,6.3835066348840055,5.60947179518496,7.13966033596492,4.912654885736052,5.308267697401205,6.439350371100098,5.6937321388027,0.018710507144964694,-0.04018012267063931,0.026395132357258433,0.008437672954444864,0.005277230994309434,0.0,-0.0037110394388015777,-0.007885846523167928,-0.0017707327869747047,-0.0034995392058432273,-0.09580484332786732,-0.09877294067434916,0.011832934321526878,0.002896319112151602,-0.0014413977610487905,-0.00010900899999999325,0.028798564417291672,-0.034301282999999794,0.024067121314116147,-0.07999999999999918,-0.10999999999999943,-0.31000000000000005,-0.33000000000000007,-0.33000000000000007,-0.22999999999999954,-0.15000000000000036,-0.04999999999999982,-0.0600000000000005,0.25,-1.05,-0.89,-0.8,-0.74,-0.42,0.8,1.65,0.01679531198549622,0.023052054697007662,0.0175580169102032,0.04825353571494251,0.12350948708927323,0.03411285930372987,0.003920367045320283,0.0056714303716729475,0.016547613026152597,-0.0014369411358750028,0.008047005171381016,-0.00023192550764683517,0.0012181387510361574,0.00438903609491792,0.005866828537024027,0.004278800371257496,0.0031634959732969037,0.00326396906748716,0.009559302179740214,0.0009821428911420682,-4.555979894238504e-06,0.0023749553374026178,-0.0023121328375239614,0.0,-0.026893218852828582,-0.01149319849495356,0.0026060753196750497,22.1821
2007-10-01,-0.0012515618991635336,-0.0014152604703792093,0.0007870455071863347,0.005298601927520963,0.006469244303930921,-0.00292945647182119,-0.006371543621734865,-0.00757491562563839,-0.009058830276201135,-0.0022957997161592303,-0.011206892839587645,-0.003354743104355684,0.0013694344838395267,0.003948863902947686,-0.005576933011137264,-0.0017055238782868187,-0.052125097615181026,-0.0037537994786616125,-0.25090000000000146,-16.0,-0.008217573000000034,-0.0015068643444653418,-0.002039769350922427,0.0,0.6999999999999993,-0.004704046306563292,0.08766561319222621,-0.02363160453327673,-0.08409919787113473,0.026543322557231797,0.046295183260985695,0.0005212141511812263,-0.0017214047285865064,0.0014949920559876873,-0.0015849957089173472,-0.0018872038699768723,-0.0028605774984509225,-0.00019851116690539072,0.0009477530348238616,-0.00015063643924051462,0.001173335255884922,-0.0004519365558017796,-0.0015639100931892358,0.0008076095198479294,40.5,-0.10000000000000053,41.2,7.142036574706803,5.0689042022202315,5.313205979041787,6.437751649736401,5.6240175061873385,7.083387847625295,4.983606621708336,5.220355825078324,6.326149473155099,5.71042701737487,0.029312953359083238,0.018492432660147884,-0.026421075049851694,0.01239338778546184,0.003938192696736564,-0.010000000000000009,0.0031219760487770642,-0.00042325754403904625,-0.0010414175477162502,0.004587303995990055,0.03608769496738651,0.08294072107940709,-0.013917810634810124,0.006252451817131188,0.0006209784746591396,0.00042821900000000745,0.028018350283972815,-0.03331951500000008,0.028014437848757012,-0.1800000000000006,-0.28000000000000025,0.009999999999999787,-0.040000000000000036,-0.040000000000000036,0.0,0.010000000000000675,-0.08000000000000007,-0.10999999999999943,0.15,-0.86,-0.75,-0.66,-0.56,-0.23,0.9,1.72,0.0004997013996685951,-0.0018685397679121252,-5.752777291068156e-05,0.030754749399065417,-0.02356415730115735,0.03906776710100868,-0.0011501058443394996,0.0024505346933239025,-0.00756599069104702,0.0018348174958298102,-0.003019984065820047,-0.0002586965185686907,0.0002440312509941478,-0.0010650586160503295,-0.0016269901808891873,-0.0013506049797795683,-0.0008160666726251264,0.0012925225164641674,-0.00296411695478227,-0.0004998377974532175,-0.0015998573245838976,-0.0019049774267512198,-0.001727944880955068,-2.5,0.015151647310121419,-0.0003187258158448003,-0.007345725594166019,18.8595
2007-11-01,-0.000653059318159066,-0.000568362579716819,0.00208795280602736,-0.00243066179988638,0.009470347874124485,0.005612654308118081,0.002890085720003377,0.0031769773813197233,-0.00032250682180468004,0.003882490075045375,-0.0016537478933447147,0.007113453428371663,0.008935253784049912,0.014961012368371662,0.006819361041599414,0.0052048835251472525,0.004018051504158571,-0.0077515477168867974,0.32150000000000034,10.0,0.001115775000000041,0.004247314360434018,0.004436992180465893,0.0,0.3000000000000007,0.038540415307776854,-0.11016821722592862,0.02829164262109085,-0.0110276806770635,0.056901575518259584,0.02333564678029809,0.000839162911947966,-0.001860634513779047,0.009811287265738322,-0.005567352662234626,-0.000508702456375687,-0.0003438198417917704,-0.0007944389692902121,0.0013511480357575323,0.0023323187038784,3.35036435252789e-05,0.00415656319506752,-0.0018075560744801322,0.0016580407553661303,40.7,0.10000000000000053,41.3,7.087573705557973,4.867534450455582,5.3612921657094255,6.393590753950631,5.545177444479562,7.1098794630722715,4.875197323201151,5.236441962829949,6.437751649736401,5.634789603169249,0.04706119107813578,-0.0161461215091645,0.028024216034076233,0.008181732191443913,0.007075360966489086,-0.010000000000000009,-0.008210805462210757,0.0013786690933130785,-0.004402806841303786,0.004440993664750259,0.025957692133232513,-0.007462252179885498,-0.00444151973989193,-0.007431795635474359,-0.0027451418113146886,-0.000315990000000016,-0.05080595078666139,0.10946454299999986,-0.048808249681755456,-0.2699999999999996,-0.16000000000000014,-0.6299999999999999,-0.5499999999999998,-0.5999999999999996,-0.5300000000000002,-0.3799999999999999,-0.21999999999999975,-0.08000000000000007,0.26,-1.22,-1.03,-0.99,-0.82,-0.34,0.95,1.91,0.008052967999396365,0.010995610772425835,0.015341415184065177,0.014406886811633157,0.017679766501633942,-0.06888275149656131,0.004749669681774371,-0.0009380897848387804,0.025103707378384854,-0.0011572925981893079,0.011681173563696134,0.001694073269415064,-0.0001785816048416322,0.0053648526733951485,0.006689086723952187,0.005146725099504756,0.002260437754967981,-0.0013692919818772964,0.01246635716984823,-0.0005558562746417195,0.0037162063098277187,0.003305328530022855,0.00517358026943926,-4.800000000000011,-0.013249253004730122,-0.005069813315877525,0.0006698654828660722,26.6571
2007-12-01,0.004272489952146685,0.003422253045696877,-0.000632963344425086,-0.008178672245351848,-0.012114472111530716,0.0005838827979625094,0.000390971213003688,0.0010530604847858172,-0.002895338006054793,0.00016753622525822465,-0.0038633677595134586,0.009706060999308264,0.0008206517026945193,0.0007826955744354436,0.006254579925601078,0.0017086675860848999,-0.031202983753186864,-0.006002990485178827,0.0764999999999958,-101.0,-0.0472064940000001,0.0005393936176893988,-0.002198943754516236,0.2999999999999998,-0.6999999999999993,0.02722525041868895,0.0584962066816086,0.055489886339286976,0.17100099997540408,-0.0370687362853408,0.035665867370884285,0.0007589804005281309,-0.0017730904147441606,0.006928604410941119,-0.004396197048956552,-0.0007999127794455774,-0.0019505484929034367,0.0011914219042381546,0.001237666469400267,-0.00022547067097988815,6.700391975478226e-05,-0.0003344632218116317,-0.0013276207369123938,0.0018787748760580314,40.5,-0.10000000000000053,41.1,6.9440872082295275,4.663439094112067,4.9344739331306915,6.3473892096560105,5.3981627015177525,7.046647277848756,4.912654885736052,5.1298987149230735,6.369900982828227,5.560681631015528,-0.005781412002820119,0.07401010923127771,0.10124018626941123,0.027056649423069956,0.00780271888702444,0.020000000000000018,0.006690547053325169,0.0006566851376135219,0.0011590271124610751,-0.0029029541089187205,0.009100172232324066,-0.34606226898569137,0.0034246956416579266,-0.00478535333525798,0.0007143936120206362,-0.0004773969999999905,0.01075925977866099,-0.0029671959999999498,0.0252046733161313,-0.25,0.009999999999999787,-0.27,-0.22999999999999998,-0.2400000000000002,-0.17999999999999972,-0.05000000000000071,0.04999999999999982,0.25,0.52,-1.24,-1.01,-0.98,-0.75,-0.14,1.25,2.41,-0.022213659416666864,-0.02736260475612262,-0.021766172332928768,-0.04182717802712155,-0.12421808321479233,0.010859365289063838,-0.004934340679924709,0.0026027131836654505,-0.02355567844074713,-0.0007089984902854951,-0.011832494251726722,-0.0014442756226964448,-0.00015302865987187886,-0.005362128981702519,-0.007208471846962716,-0.005218186020440108,-0.0029785456990047976,-0.0015926732237820929,-0.012381623425772759,-3.0893830634148856e-05,-0.0010739401143120553,0.00044712323661277864,-0.004597709248629567,-0.5999999999999943,0.01694555900056649,0.0033241426252406114,-0.005202432801777235,23.0965
2008-01-01,0.001171231241995585,0.00041427998309728764,-0.00016416702859345378,0.00501531811766931,0.0025028897679657547,-0.0012434837339663218,-0.0001066133540152947,-0.0001855906844339117,-0.0022220213014207957,-0.024208585774127656,0.004803414776905157,0.004459284698162591,-0.002578434046328404,-0.00011452727864735834,-0.010466166127617527,-0.002098626968717987,0.03471334280934002,0.01789506979918709,-0.1933999999999969,79.0,0.007185394000000067,0.0009416165978652913,0.0007175783066220021,0.0,0.8999999999999986,-0.06223555811860404,0.012547216052087862,0.01547342913496319,-0.021469266004439547,0.04720640456979641,-0.027514655140176814,7.225616254658007e-06,-0.0012749295962439788,0.010521798078062972,-0.0018709079358121272,-0.0015288853038182282,-0.0016091957495518727,-0.0013901303003205356,0.00024906707333194333,-0.0007519362712358202,-0.0005026388645656965,-0.0012037065310970263,-0.00048320851387195773,0.0005361451294554342,40.5,0.0,41.1,6.988413181999592,4.867534450455582,5.075173815233827,6.311734809152915,5.493061443340548,6.9975959829819265,4.875197323201151,5.198497031265826,6.345636360828596,5.356586274672012,0.00800300638589313,-0.020892309037442658,-0.024555268779559825,0.017378172856751917,0.007974313102851127,-0.010000000000000009,0.001960353742621379,0.0004092479698734053,0.0010447993947444445,-0.011384600039006543,0.010770171834256992,-0.6920785375761678,-0.0006266722975754035,0.0007896188923037784,-0.0007688813884101364,-0.00019711399999999824,-0.07033037731565628,0.15037134500000016,-0.056176137392602854,-0.30000000000000027,-1.0599999999999996,-0.25,-0.48,-0.5499999999999998,-0.5100000000000002,-0.35999999999999943,-0.16000000000000014,-0.11000000000000032,-0.24,-1.19,-1.19,-1.23,-0.96,-0.2,1.39,2.6,0.013344019144294172,0.016595853121896376,0.0117866775350004,0.005927375735214291,0.04423162532732672,0.04516771939058195,0.0005479519642248576,-0.004412334050188704,4.963929143286805e-05,0.0010915581919501705,0.0016025661510372657,-0.00011582819739341943,-8.804041591403688e-05,-5.1659935150105696e-05,0.000987430350292584,0.0005048693082123634,0.00021010469082050065,0.0036573221003726175,0.000401138036859372,-0.0004896337392894523,-1.0046237809646641e-05,-0.0023636412120282557,0.0034344624486348785,2.9000000000000057,-3.1573619558855626e-05,-0.005049649838086978,-0.014793172217000716,28.1161
2008-02-01,0.0010390072752812785,0.0009293916533703594,-0.003465515747414827,-0.009603096304960701,-0.009110332611477645,-0.0036650788434346993,-0.0028298604092471535,-0.0012011702689189718,-0.0015589098143911073,-0.0056129509526634536,-0.0002780390680854339,-0.00022458310033623974,-0.004642242898222015,-0.0021774983617408594,-0.019737219591964283,-0.006706648392296621,0.02303422024014523,0.0006712771957788632,-0.5237999999999943,-345.0,-0.030929969,-0.0026647963877231007,-0.0015177725845010315,-0.09999999999999964,-0.6000000000000014,0.03803031754525499,-0.015075662405447332,-0.03771004376546472,-0.031748698314580714,-0.04343708235350441,0.023341687001028788,-0.0005131485388503165,-0.0023263780591236127,0.0021781755507968015,-0.0030812536937592228,-0.002115167996208811,-0.0023033523946072165,-0.0017901546302319105,-0.00017176375655125753,-0.001580908975325812,-0.001694077007606154,-0.002269738664962162,-0.0008461771432664023,0.0012944985626450745,40.4,-0.09999999999999964,41.1,7.005789019253503,4.836281906951478,5.0238805208462765,6.363028103540465,5.501258210544727,6.921658184151129,4.700480365792417,4.976733742420574,6.249975242259483,5.484796933490655,0.005214938305860173,-0.01834689530515554,-0.057113061337616955,0.013483745371782874,0.004769501315269764,0.010000000000000009,-0.0011681546906814333,0.006947774022135533,0.009018815082278309,0.006589437809037868,-0.056480834019378534,20.40357142857143,-0.010790353763401761,0.00012401820613838765,0.002849922878539246,0.000266590000000011,-0.017479035736156057,0.049729820000000036,0.001806171731193018,-0.96,-0.6700000000000004,-0.6299999999999999,-0.71,-0.6600000000000001,-0.20000000000000018,0.0,0.20000000000000018,0.28000000000000025,0.05,-0.86,-0.94,-0.93,-0.2,0.76,2.55,3.84,-0.0058192041794544735,-0.008862060174556596,-0.004028951957843141,0.008119509206106379,0.012280383233086667,0.07488368962229419,-0.0010268667297195222,-0.005218018931827828,-0.0006947455897243771,-0.0035273465669138915,-0.001790663828816541,-0.002132148258544575,-0.0005438790676732808,-0.0008102992819720711,-0.0010818434636679086,-0.0008540425083278791,-0.0005266670535615248,-0.002287478472286608,-0.0012554251252350213,1.9843698380483943e-05,0.0005148137988983947,0.002322577089076905,0.0005575588209025817,-7.6000000000000085,-0.016844516340302818,-0.0036597296515950006,0.020383903403488723,27.1565
2008-03-01,0.001189591882308605,0.0002955344762476386,0.0024916858794759023,-0.013341918986307988,0.0024497109935612826,-0.003196437830379928,-0.007094699952236994,-0.006996315152959731,-0.014268466343118291,-0.027497690841220113,-0.010178895330513527,0.0073432367073094085,0.0012194799036135962,-0.003465756517369911,-0.0009569357464229711,-0.004282825523499234,-0.021528149152693743,-0.021484460014566054,-0.3049000000000035,-54.0,-0.030618452000000018,0.0016582080200677751,-0.000479055038898224,0.1999999999999993,-0.3999999999999986,0.06210907411574951,0.06809232547010513,0.018230199015063064,0.045542020446916354,-0.004524894598289642,0.04690009676713025,-0.0005061790101628105,-0.0035684912970914695,0.009958947865736256,-0.006326153408135582,-0.00270517437863127,-0.003117965456880256,-0.0019928264865409773,6.87090429956072e-05,-0.0007913927039631119,-0.0015792483373644473,-0.0007684931133109529,-0.00012094092050851657,0.0011591619666191377,40.6,0.09999999999999964,41.3,6.912742820493176,4.74493212836325,4.912654885736052,6.26530121273771,5.429345628954441,6.874198495453294,4.7535901911063645,4.890349128221754,6.255750041753367,5.2832037287379885,-0.014310641941250424,-0.0007192943564628962,0.021184043831114607,0.017595475260714366,0.0005127026672369084,0.0,0.004036875308191412,-0.002772182441848514,0.005077569217229794,0.005535754102496959,0.024803977365808194,-17.26457055214724,0.00914168612208055,0.0006580628181271919,0.0006630142111756498,0.00021954999999998503,-0.02839464513284362,0.07418318499999987,-0.011942277313943261,-0.3700000000000001,-0.3299999999999996,-0.8600000000000001,-0.56,-0.5099999999999998,-0.2999999999999998,-0.23000000000000043,-0.020000000000000462,0.0699999999999994,0.09,-1.35,-1.13,-1.07,-0.13,0.9,2.9,4.28,0.005132433939168735,0.008155804512284703,0.01191092669342897,0.0018525278624430541,0.0762325617097197,-0.0169610418895898,0.001156733255291087,0.0002247950567353385,0.0006930985425066538,0.0013722446603710026,0.000177197362787318,0.0014617206034310826,0.0020489713668991882,0.0016167973773191235,0.0009960743608639078,0.0011449962970475625,0.0008651433741366787,0.0013238450483461506,0.0004901917779820408,0.0009215595802984922,0.0005091143968911638,-0.001416723909475337,-0.0005829270587645041,-1.2999999999999972,0.01572904656213936,0.0020024354190137927,-0.005819138304024918,29.009
2008-04-01,-0.002829381231398642,-0.0059018702452764416,0.0016186167882086266,0.010138667006017954,-0.00046423200626577454,-0.006878154493333177,-0.009456199701673107,-0.00864832347746436,-0.006193494513420994,-0.02387662639179755,-0.0008540777711640857,-0.018886014628062497,-0.004041899257248183,-0.004980498105092046,-0.014097115837878427,-0.010281355388895186,0.0032592545528773442,0.014363391193886521,-0.7450000000000045,-190.0,-0.01179435799999995,-0.0009035450128322964,0.0003148334488631832,-0.09999999999999964,0.3999999999999986,-0.12431334472993161,0.014478828556790724,0.0757410933533107,0.11778303565638293,0.036367644170874236,-0.010789978800968214,-0.0015852739364667912,-0.006390973269068567,-0.0011495905850038568,-0.010724327313594628,-0.004402384393932479,-0.005683481053132766,-0.00219670582593956,-0.0006873029644172135,-0.003739310508022342,-0.0036890154780326867,-0.005305120957434184,-0.0012102143556234068,0.00031185262988486784,40.4,-0.09999999999999964,41.2,6.920671504248683,4.532599493153256,5.123963979403259,6.234410725718371,5.488937726156687,6.915723448631314,4.709530201312334,5.093750200806762,6.236369590203704,5.407171771460119,0.037887028770423825,-0.01623371859302658,-0.04037758022297844,0.007904829871472785,0.004278397015029967,-0.010000000000000009,-0.0040523686972804285,-0.0031294434917263914,0.003222851676866867,-0.007577539084247853,0.027028672387919173,-1.3273919725075933,-0.0018779193085274315,-0.0014763471431251673,-0.0014986585176535172,0.0006892910000000085,0.03984288306310191,-0.07396373,0.0619976722824358,-0.33000000000000007,0.020000000000000018,0.030000000000000027,0.07000000000000006,0.19999999999999996,0.3599999999999999,0.17000000000000037,0.040000000000000036,0.08000000000000007,0.44,-0.99,-0.73,-0.54,0.56,1.4,3.27,4.69,-0.005742086772415611,-0.00819292886029288,-0.011096293927937317,-0.010099301199512745,-0.03742944085710587,-0.05707960830396086,-0.001259934927237083,0.00703947708108732,-0.008344643378643823,-0.0006783627486823818,-0.0011913809671826314,-0.002167669770588354,-0.0016774252970295223,-0.002520366272841912,-0.00034329433834301426,-0.0013058449251222015,-0.0010099092572932733,-0.0038336073829041695,0.0004098395398530741,-0.0010161266356618626,-0.004188487798752583,0.00044823200757049264,-0.003409094210772956,-6.899999999999999,-0.004107989389899203,0.0006029586556977051,-0.005035005845082097,22.5268
2008-05-01,0.04152739093576052,-0.003948336448784673,0.001861685538252722,-0.00693712517688283,0.009254575755131,-0.006190503071188402,-0.004874809990790041,-0.0030040248654170654,-0.0059874271883133545,-0.010354188220640381,-0.0046884993684832565,0.0032563722417364716,-0.007682191485008261,-0.011209074637143601,-0.006080574340677103,-0.006311523532577468,-0.01746778233915336,-0.0043015037335134565,-0.4187999999999903,159.0,-0.028765743000000066,0.0034667255369473793,-0.001534036734197386,0.40000000000000036,-0.29999999999999716,0.2737466757802167,-0.03881675435158538,0.034025598069191254,-0.07504506956328427,0.12905711222960203,0.02010256322120796,-0.0013773907152199172,-0.0036968618813251197,0.012147344794544601,-0.00725980861302844,-0.0025770363634300963,-0.002095948601478881,-0.0034044290416268552,-0.0009458135560880265,-0.003335610703995684,-0.0021962807226802994,-0.0041522731167766835,-0.0010904465853034395,0.0014688538906018067,40.2,-0.10000000000000009,41.0,6.880384082186005,4.8283137373023015,4.919980925828125,6.206575926724928,5.3706380281276624,6.902742737158593,4.955827057601261,4.997212273764115,6.154858094016418,5.455321115357702,0.009781798374126183,-0.016211289117684657,-0.02981743137366699,0.007811043735161505,0.0018641633618710074,-0.010000000000000009,-0.0005060076777283484,-0.0038802990845336893,-0.004253018961323463,0.008772749785656231,0.014326513293994925,-0.5783914576460527,-0.012052464580823319,-0.0062527352387729,-0.0012571774360630172,-0.005577254000000004,0.02361584897001201,-0.03868829100000015,0.04810199604360843,-0.2999999999999998,-0.11000000000000032,0.43999999999999995,0.27,0.32000000000000006,0.31000000000000005,0.19999999999999973,0.020000000000000462,-0.040000000000000036,0.63,-0.25,-0.16,0.08,1.17,1.9,3.59,4.95,0.011265996596967476,0.014443040475212499,0.015198368811998542,0.019755506134853995,0.043557891104144986,-0.05230383424054352,0.00358834510261552,-0.002892807744778736,0.020592619222221664,0.00012739099014424937,0.0064037625979480595,0.00047654440411282195,0.0016277757367744172,0.004872048085497127,0.0046380079376735495,0.0038239729859386173,0.0024328353181681805,0.0016902865667098865,0.005031143378488423,0.0016586850138997633,0.0036505907556567685,-1.728116313826078e-05,0.003397511761915162,-2.8000000000000043,0.00019692437413176833,0.0035901343134536745,0.010214524863194185,18.7919
2008-06-01,-0.02432054567191777,-0.005085980951816893,-0.0018499659871116236,-0.0013377731630122014,0.0011136346967681732,-0.002607918024758682,-0.004432497400498114,-0.00235289455505594,-0.002251483303059132,0.007231149742138676,-0.005070029342049587,-0.006696094583243273,-0.0007071896289430057,-0.0011101144371226113,-0.015717114139499166,-0.007160847676063398,0.019915622372347563,-0.005680927517543566,-0.4709000000000003,-364.0,-0.052935854999999976,6.480545405018745e-05,-0.0011726586747293766,0.1999999999999993,0.5,-0.17454225416116742,0.19728709532336008,0.04673255027475154,0.09239744762067215,0.009563349902392382,0.04387077736961409,-0.0011468557090026366,-0.005431389997207603,0.009612740122453722,-0.00842139304326217,-0.004433286409790682,-0.004322184171552834,-0.00462451814419218,-0.0003527594862191563,-0.0018621625462049707,-0.0022180654364252206,-0.001546861387915044,-0.0015771917130518176,0.001511111398658116,40.4,0.0,41.1,6.952728644624869,5.4638318050256105,4.890349128221754,6.156978985585555,5.3230099791384085,7.07326971745971,5.723585101952381,5.030437921392435,6.1675164908883415,5.497168225293202,0.02158527414478506,0.008286807876558555,-0.009147618676635716,0.00811812832094816,0.006177109353107113,-0.010000000000000009,0.006569392022423237,0.0007723712384208881,-0.007998923924525059,0.0011618366408390202,-0.06508877001400881,-0.052212592538417146,0.003942785788888514,-0.0008671927282062342,-0.0014158423635546313,0.002396190999999992,-0.04516758070712523,0.10427157900000017,-0.017067200341378985,0.020000000000000018,0.0900000000000003,0.13000000000000012,0.30999999999999983,0.3599999999999999,0.3400000000000003,0.21999999999999975,0.10999999999999943,0.14000000000000057,0.7,-0.14,0.13,0.42,1.49,2.1,3.68,5.07,0.0014606050605729948,0.002319773789419166,-0.003161962358331216,-0.028055197833842804,-0.04196523463915014,0.009305035377841442,0.004523666729042475,-0.0017031877289479525,0.021380705338105876,0.0011722170372348018,0.010603218525138125,0.0009032791660548156,0.0002749788110971707,0.004924722326504316,0.006233679487791299,0.0047349324912069335,0.002947388542785312,0.0018122654465884125,0.011940536916228872,-1.3796932716303445e-06,0.0005052593815157991,-0.0004753285327030454,0.0005517176304148386,-3.3999999999999986,-0.011677406491131137,-0.008741729509617713,0.0001446892244914011,23.1914
2008-07-01,-0.016256338456758,-0.003880999161474108,-0.004828345014150415,-0.01739528633226861,-0.0037711640144149072,-0.004550110664112594,-0.008266980806873825,-0.009202396729389939,-0.006395277873083138,-0.02302771541577897,-0.0014769205069322666,-0.018471644833003786,-0.0006796745794614978,-0.015642907875483836,-0.012073334795215551,-0.010951532361278105,-0.023534028112459637,0.0014189056124074284,-0.7493000000000052,-81.0,-0.02715523000000003,0.0010104216778969999,-0.001407633725865054,0.20000000000000018,-0.10000000000000142,0.03603029289417492,-0.06259522929733041,0.06672459543450948,0.08113525831267676,0.05433435096332939,0.03776448753251316,-0.0014317851425378336,-0.005741910600917777,0.006171127578808999,-0.007374972548982228,-0.005494927318455467,-0.00634177110759282,-0.004038777703190277,-0.0006370030085687262,-0.0023611862596251143,-0.0035829855191664706,-0.0025048491385337712,-0.002066241999180818,0.002262394222173114,40.3,-0.10000000000000009,41.0,6.827629234502852,5.081404364984463,5.017279836814924,6.068425588244111,5.187385805840755,6.825460036255307,4.61512051684126,4.941642422609304,6.186208623900494,5.267858159063328,-0.0006704626936553382,-0.03937146907937361,-0.021706853909725154,0.002702273481526518,0.005848162746614705,0.010000000000000009,0.0036728937439951537,0.0036715893377508024,-0.0010395157355080897,0.0014931560381823417,0.02809088970105078,-0.1986485646029289,0.004249380481009091,0.0014508867399154468,0.0008107408149777839,0.0018252840000000103,-0.06461158997665173,0.14658111100000015,-0.025412355719787172,0.009999999999999787,0.020000000000000018,-0.2300000000000002,-0.19999999999999996,-0.14000000000000012,-0.1900000000000004,-0.08999999999999986,-0.009999999999999787,0.08999999999999986,0.71,-0.38,-0.08,0.27,1.29,2.0,3.66,5.15,-0.0035050072494851037,-0.00498366649787485,0.0050360510087967825,0.0070594165650010865,-0.06955373198517822,0.0444141093241619,-0.003307653403661348,0.006065199421338541,-0.02382074347060481,-0.0014566368771049554,-0.008413022961390126,0.0007724879221839842,0.00026337601361081653,-0.004410719056608059,-0.004808599257005497,-0.0034301709066895114,-0.002586203320439573,0.0009206087365019044,-0.009998972611368728,-0.00065418170025211,-0.0005335952063791893,-0.0009271015630054613,-0.0016995096583145575,4.800000000000004,0.015757668967347982,0.007142583039598804,-0.011346904254348367,25.6322
2008-08-01,-0.006313326962839483,0.004823215666860392,-0.000117768984496891,-0.007371274678428463,-0.0073703503092446,-0.015920769597173035,-0.014826376356113613,-0.01632680309687995,-0.01804578896971787,-0.0455560199768561,-0.01011550145219875,-0.018900217434164368,-0.017202951424650337,-0.011666246226695876,-0.012734601795481915,-0.012892021446948121,-0.034087316135041235,-0.007004815226964389,-0.8847999999999985,-75.0,-0.030214611000000002,0.0011128725550886287,-0.002263230367406166,0.2999999999999998,0.6999999999999993,0.1317779290856489,-0.026830441477269318,0.09373247766270687,0.06926869551297266,0.11457276002613526,0.08428572271805201,-0.002060422787826255,-0.005163118721569049,0.010846998299459898,-0.006445307446290016,-0.005375554231701329,-0.006856629297917749,-0.002836881335198882,-0.0014907948351332578,-0.003820152103486407,-0.0035617246388568446,-0.004022169976925838,-0.0017048226243083775,-4.431150992267874e-05,40.3,-0.09999999999999964,40.9,6.738152494595957,4.912654885736052,4.836281906951478,5.983936280687191,5.220355825078324,6.754604099487962,4.442651256490317,4.955827057601261,6.09807428216624,5.225746673713202,-0.03885091710391286,-0.029022765798552896,-0.04659146844926987,0.002155788919759871,0.0022465649182912273,0.030000000000000027,-0.021365843938263573,-0.004217136385172182,0.003367478978507421,-0.007352604174683641,-0.008714610737912132,0.06793610853162113,-0.007879706589759117,0.002447295233775293,-0.0036588308742997455,0.0007674279999999867,0.01901743149552093,-0.039442554000000296,0.06936324540777017,-0.009999999999999787,0.03999999999999959,0.09000000000000008,-0.010000000000000009,-0.09999999999999964,-0.1599999999999997,-0.11999999999999966,-0.03000000000000025,-0.009999999999999787,0.76,-0.28,-0.08,0.18,1.14,1.89,3.64,5.15,-0.019731038959053926,-0.025329922378627856,-0.03931695946853253,-0.14631187237912524,-0.13115156828960117,-0.06585636600458056,-0.008605650001800136,0.0018628945679051157,-0.03147296605324712,0.0009192561564628221,-0.0165239649213893,-0.0017693382212833342,-0.002926919329533817,-0.009231856535228289,-0.012413720137552708,-0.009221656570748138,-0.0054518321725467445,-0.002527518985919741,-0.0170218564615503,-0.0018809452699075635,0.0010157332852309686,0.004086186111615486,-0.002249719734015443,1.7999999999999972,0.005165050305194541,-0.002339197382902114,-0.0020724397542801754,20.9769
2008-09-01,0.0006951693123795621,-0.00015412014552040887,-0.006664721863145928,-0.02490385622480673,-0.015033848190634913,-0.044849206649193896,-0.023910543832814213,-0.025991263991167024,-0.00702382362351095,-0.008625842462195443,-0.006567198673957719,-0.08292305313770054,-0.06843036512670153,-0.02189085104877808,-0.08069940485061444,-0.034902823483293766,0.015704877185498844,-0.10240339151230238,-2.4779000000000053,-452.0,-0.04990515399999995,-0.00045923334711694963,-0.0008750202949787678,0.0,0.9000000000000021,-0.13388245459056414,0.09570564514035151,0.05848956125814553,0.02854618190636149,0.0827597650447105,0.0691468242237665,-0.0032850581431791426,-0.006989072650524619,0.005517255374754448,-0.00988848289230404,-0.006232889175441514,-0.006903967430011093,-0.005085963562123652,-0.002607766053680294,-0.0043728493155796855,-0.0020849718733213507,-0.004394945317756083,-0.003907686008060907,-0.0013302591532440289,39.9,-0.20000000000000018,40.5,6.709304340258298,4.736198448394496,4.941642422609304,5.986452005284438,5.123963979403259,6.680854678790215,4.477336814478207,4.882801922586371,6.0112671744041615,5.1298987149230735,-0.03884262519124704,0.005305694743650946,-0.007961881596633802,0.0040066681250880976,-0.006828808598442038,0.020000000000000018,0.04774851984264217,0.0066235157946490375,0.007646833421423693,0.0699979166917819,0.8138308570888206,0.5089413367160065,0.010227479399792294,0.009863667895828598,0.0013190699272689344,-0.0002004069999999858,-0.051660127954593626,0.12300170200000027,-0.002272035000581152,-0.18999999999999995,0.15000000000000036,-0.5900000000000001,-0.30999999999999983,-0.27000000000000024,-0.26000000000000023,-0.20000000000000018,0.010000000000000675,0.15999999999999925,1.1,-0.68,-0.2,0.1,1.07,1.88,3.84,5.5,0.011501649052735097,0.014472299864388027,0.012035998813360038,0.05803471182026332,0.019410769651135418,-0.03848121424448614,0.0023443109079686053,-0.007101394580616649,0.01690354628011903,0.00011248423942422647,0.008211626068769462,-0.0008310878786934595,-0.0018033081352957225,0.002616878240059961,0.0031147513652118874,0.002493156408364783,0.0016406344957058394,-0.000598688054632035,0.009045818581858711,-0.0005700102602190782,-0.002070592710778918,-0.0032073492053683594,0.0016839745770091952,7.299999999999997,-0.011380411474599228,-0.005285212139114037,0.0235040451556614,30.7233
2008-10-01,0.006745257609425792,0.006103800306963336,-0.0015425143664575813,-0.009362175033537312,-0.03829675182850778,0.010006671958914914,-0.006695459661055558,-0.005013725719451578,0.002683928925581114,-0.025077845387424524,0.01046053397165192,-0.027978983721084205,0.02900008012609412,-0.0332955040470555,0.04447553608140087,-0.006437450741473505,0.00842128343577464,0.14845324143343586,-0.3807999999999936,155.0,-0.004152858000000037,0.00197772858424905,-0.0018904510283768161,0.40000000000000036,1.2999999999999972,0.10711459433946047,0.006568168112096373,0.09566111856911341,0.06711493666275103,0.11761857549648624,0.023956429142282687,-0.003405935474177113,-0.009857926820021845,-0.002616901155971796,-0.010991474585978267,-0.009688971413535086,-0.011653883320626335,-0.006342732261499506,-0.0022332257740700356,-0.004353444357640512,-0.006694384573439294,-0.004029715466140615,-0.004168716189088428,0.000532316030845692,40.0,0.0,40.5,6.655440350367647,4.343805421853684,4.820281565605037,6.025865973825314,5.087596335232384,6.601230118728877,4.31748811353631,4.836281906951478,5.926926025970411,5.075173815233827,-0.05937153637941428,-0.11473998060671065,-0.08432813229062042,-0.00840662117012414,-0.009541612464627036,0.050000000000000044,-0.030022592754099797,0.004452587731508473,0.02156239860429565,0.15179972671814568,0.3087063219833799,0.2508547882116976,0.02415560474627032,0.0318971174261975,-0.000353256038689409,-6.092300000001827e-05,-0.22804481527030163,0.5914028769999997,-0.16844352026579568,-0.8400000000000001,0.2799999999999998,-0.45999999999999985,-0.41000000000000014,-0.49,-0.1499999999999999,0.1200000000000001,0.6299999999999999,1.5700000000000012,2.22,-0.3,0.23,0.45,1.76,2.84,5.31,7.91,-0.02821671482203225,-0.03836822251686822,-0.0439009269325874,-0.10974731213810607,-0.18877315736029843,-0.05491640160062605,-0.009490342699231213,-0.005884355117518503,-0.051103101541104756,-0.00048291429892621807,-0.023346347497407827,-0.0008032167341562868,0.00041915299355554936,-0.010806407055412137,-0.013530243792231111,-0.010091550184585074,-0.00745739925603317,0.001871367050603645,-0.026732567093583626,-0.0023723555480152925,-6.574643571344296e-06,-0.0022689016439674248,0.001675491068569901,-12.699999999999996,-0.015134837748419727,-0.008678678487193281,0.04308703931562974,62.9648
2008-11-01,0.007088781336170413,0.005313608006852988,-0.003068362618562581,-0.027664146422141656,-0.03929438069171454,-0.013174441535618975,-0.01135777059350307,-0.0033344505739743013,-0.008477263853988504,-0.03930105219434754,-0.00011333739625918327,0.01366284211246871,-0.015418650735140815,-0.049180609330309544,-0.04367204653957657,-0.025168461262005337,0.025397088762059816,-0.017449366977825953,-1.7014000000000067,-146.0,-0.02861470799999999,-0.0015314285014884632,-0.004859789005449144,0.2999999999999998,-1.0,0.05074109147839678,0.0649476027550584,-0.01693456367435786,-0.0035149421074445186,-0.027118799015892314,0.08960314083885201,-0.0055032510874948315,-0.013054449703048476,-0.005531752454833949,-0.022352164256449925,-0.008632267804278726,-0.009958790103448578,-0.006383219450038169,-0.004142051154468973,-0.007946548261299924,-0.006288785605759628,-0.008609922242026613,-0.0048032606665113775,0.000487707562482953,39.6,-0.2999999999999998,40.1,6.480044561926653,4.07753744390572,4.672828834461906,5.860786223465865,4.90527477843843,6.439350371100098,4.2626798770413155,4.584967478670572,5.6937321388027,5.075173815233827,-0.09969297445889147,-0.055494819578987276,-0.057709994076930116,-0.01056608820998406,-0.010705671215548662,0.08999999999999986,0.01926854032364833,-0.006449220161437452,0.024378668248862922,0.01586791545741395,-0.4581349324040538,-1.512551576775715,-0.04253215864333093,-0.041560121109220916,-0.0016494687245565132,0.0003696030000000239,-0.09268769254769094,0.2703104770000002,-0.013281448824572273,-0.58,-1.65,-0.48000000000000004,-0.47,-0.34999999999999987,-0.43999999999999995,-0.28000000000000025,-0.16000000000000014,0.33000000000000007,1.15,-0.2,0.34,0.68,1.9,3.14,5.73,8.82,-0.006376193664983987,-0.004587506952734799,-0.008166537019906883,0.025128485879154283,0.01567061220950361,-0.006301315047559264,-0.009228477693260295,0.007442574114610245,-0.05736948974071954,0.0006498138535908637,-0.02322141467232619,-3.618972332564141e-05,-8.17030017898901e-05,-0.010415942508426923,-0.014209249913879951,-0.009891767430678655,-0.005245505576133347,-0.0027423967214934564,-0.0265060798827923,0.001161797041898005,0.002032195633270728,0.006293148752814837,-1.1248231919225304e-05,-2.3000000000000043,0.006075621491090644,0.0026945310164485647,-0.08518359474805948,62.7229
2008-12-01,-0.00646779416843124,-0.0112290424725483,-0.002910550406759249,-0.005446870837385376,-0.02162299540528778,-0.028661751630825627,-0.021271167469826047,-0.01336375823330016,-0.0207402369276366,-0.04778724321633199,-0.013622082335665198,0.009588454124385137,-0.03759309384007903,-0.05998294551511041,-0.05422371747019028,-0.034098449458031865,0.019285047393760912,0.004550211748214572,-2.2682999999999964,-85.0,-0.027852231999999977,0.00010346143161044097,-0.005085776731519331,0.5,1.0,-0.024280403707054532,0.07046418121779396,0.14761100761545798,0.12764556044726127,0.16229357738414496,0.08161012929066835,-0.005162847921415192,-0.014800612099024946,-0.007656472288148919,-0.016575782800497763,-0.01421751656896042,-0.015746419582505666,-0.011635286052641192,-0.0034430343144666864,-0.0067555951324074215,-0.00702648246292803,-0.007087182857105745,-0.004082395723555621,-0.00017732068492293251,39.3,-0.30000000000000027,39.8,6.327936783729195,4.143134726391533,4.3694478524670215,5.645446897643238,4.90527477843843,6.317164686747284,4.110873864173311,4.430816798843313,5.680172609017068,4.7535901911063645,-0.06945137850775218,-0.0433550076964373,-0.11286827143506528,-0.01050588862460522,-0.021835117219708877,0.020000000000000018,0.028606909147705473,0.015396525431766506,0.030156718829378093,-0.09394714125213355,-0.3616260997874088,-2.1340714258255487,-0.0037101828977057494,-0.0025289279095304096,0.001253951866396541,0.0015098739999999944,-0.0062251706203309,0.002712277000000096,0.07627195750219906,-0.23,-0.44999999999999996,-0.16,-0.47,-0.5800000000000001,-0.77,-1.1099999999999999,-1.0700000000000003,-0.7800000000000011,0.93,-0.13,0.1,0.33,1.36,2.26,4.89,8.27,0.01207291173078584,0.013367016715566393,0.010520736706834732,0.08384549794632701,-0.048172491517878946,0.06390853307877808,0.009596489038736777,-0.006884861781183638,0.056788609291186454,0.0009703616695668771,0.02292691202216357,0.0011376808397978166,0.00022466319537084445,0.0114756489366874,0.015061491514953396,0.010155805663119466,0.006268490251815528,-9.039567187851816e-05,0.02560165231270428,0.0006651858608206496,-0.0005279702467753111,-0.000503003411153724,-0.0005665744517830973,4.800000000000004,-0.007746340114669792,-0.0004910359776033602,0.004582198823638528,51.1192
2009-01-01,-0.009375742856535751,-0.01768031441090656,0.0045410469982059,-0.021429287867297475,0.014463197918626491,-0.025201643484703773,-0.030169260294395706,-0.03241255799592846,-0.023912980145379237,-0.12036822722189644,-0.0003353334055518076,-0.05731375913465531,-0.019339534220982557,-0.05986161964462955,0.005990908275679274,-0.03293176787250296,-0.007137430266236144,0.006491731689438396,-2.1182000000000016,-408.0,-0.05168327100000003,-0.002881519809033506,-0.008524818631183706,0.5,-0.09999999999999787,0.07940443241340134,0.04581806965590829,0.046619976650180917,0.06450623755861074,0.033531112701266075,0.014084739881738528,-0.005816002174068302,-0.021488019016695503,-0.011242389348934623,-0.020199661782198675,-0.022747035636113466,-0.029315806348963136,-0.011772261243178761,-0.0030607271690463733,-0.00542177103089081,-0.005407736247015293,-0.00566007387261358,-0.0062173788940231844,0.0010191648162560796,39.2,0.0,39.7,6.194405391104672,3.58351893845611,4.07753744390572,5.537334267018537,4.948759890378168,6.300785794663244,4.07753744390572,4.48863636973214,5.641907070938114,4.74493212836325,0.006522945157248827,-0.1403445140065891,-0.11020597599585713,-0.02147110759329962,-0.012219286469969504,0.010000000000000009,-0.06778432215751007,-0.011661626598989727,0.007699650491851173,-0.11742988260237208,-0.25165522051636646,3.6385667573588254,0.001810303767599386,-0.002471442767248533,0.0007492752831437244,0.0012493199999999982,-0.013745526606019354,0.0008740679999998946,0.07036163157653696,-0.010000000000000009,0.010000000000000009,0.1,0.03999999999999998,-0.04999999999999999,0.08000000000000007,0.10000000000000009,0.0,-0.28999999999999915,0.95,-0.02,0.15,0.29,1.45,2.37,4.9,7.99,0.025142329563353272,0.035633732049079825,0.04263186495133908,0.03767431298090518,0.35408132110055357,0.07281158082255157,0.01079517938634833,0.0050249636096149075,0.06197122646256492,-0.0005880032247382871,0.025418340063907863,0.002718088268180985,0.0011532604941963953,0.012510172541126074,0.015274348902287294,0.011567565027808868,0.005716520022025939,0.003013643162598001,0.027667447497754516,-0.0007726459942301034,-0.004572274258030085,-0.010712733339371283,-0.0022262416701765986,1.1000000000000014,-0.016859421571183475,-0.015671629976473866,0.04401980440821518,45.5042
2009-02-01,-0.011586868899074787,-0.01575637940329422,-0.004111088434809673,0.006187474504690371,-0.004023767334075501,-0.005994994523213393,-0.006547785906830583,-0.0038606879637539393,0.0007692841364042025,0.02286539125240683,-0.004339319128067842,-0.005282258566943199,-0.005481048591250648,-0.00666390801856398,0.013825591474090793,-0.0009210910312589249,-0.039460306455827876,0.018427527523058096,0.018900000000002137,126.0,-0.0050192359999999825,0.002124710918895545,-0.0036082803990709067,0.5000000000000009,0.3999999999999986,-0.021222477030665488,0.07215553293768728,0.13544496779198134,0.17340378387190025,0.10539756573100512,0.11855973472455617,-0.005624968081299642,-0.01591357320424258,-0.018830798939489135,-0.018597323815589206,-0.014514508448664643,-0.017127454932296615,-0.010202001343804667,-0.0038435260289162443,-0.0061249277681660885,-0.00844109934789472,-0.0056582329271268605,-0.006005272645202453,-0.0001328756507330553,39.3,-0.10000000000000009,39.6,6.366470447731438,4.143134726391533,4.553876891600541,5.739792912179234,4.727387818712341,6.324358962381311,4.30406509320417,4.48863636973214,5.69035945432406,4.59511985013459,-0.0008788165836381978,-0.015011001423880899,-0.030462779732419065,-0.024416233938147514,-0.014477394718834802,-0.030000000000000027,0.001965291782043188,-0.0065972790453425745,0.0,-0.11888397296281283,-0.25142065431046134,-1.3740675221821386,0.0010335636554410499,0.010770380789640654,-0.00010900486702869472,0.0013181710000000069,-0.0722718515691172,0.19533726100000015,0.02075262311827597,0.07,-0.43000000000000005,0.16999999999999998,0.15000000000000002,0.18,0.27,0.3500000000000001,0.21999999999999975,-0.0600000000000005,0.45,0.08,0.23,0.4,1.65,2.65,5.05,7.86,-0.0076327554111799145,-0.010806050742471207,-0.009318982803756981,-0.03708436261277459,-0.08120423299156476,-0.10321903033371616,0.0011084678991784003,0.017440715822464092,0.0074539959778761045,-0.00013519200164147094,0.0043300023546253286,0.0021996345313723964,-0.0010156527080278366,0.0016323329488994176,0.0023049224072195784,0.0011904744280446522,0.0016781442611639719,0.0007704999724129635,0.006258726469238418,0.00034446196370918614,0.0030407991649537003,0.0040131838369052986,0.0038767389276390674,-4.900000000000006,0.023245818992263523,0.00960993035462998,-0.01284314588150881,46.3349
2009-03-01,-0.0024178520593807207,-0.006313931559722263,-0.004140049467579843,-0.020849622358856124,-0.017522764574357197,-0.015766318467034246,-0.013996474441063,-0.012677848386516644,-0.005730928430434545,-0.0023087347981558537,-0.0064921084664613105,-0.02038759883304664,-0.01817469743915101,-0.032488096022079915,-0.01890418697376628,-0.018428675159216645,0.009476296945235774,-0.010072081847133596,-1.1221000000000032,-330.0,-0.03331166100000002,-0.002624154730499484,-0.0066089131171302995,0.3999999999999986,0.6999999999999993,0.004338401598598551,0.04617350327826131,0.07604403052624598,0.06654688575869105,0.08344829561174372,0.023404099129042066,-0.006169886544254766,-0.017937700686667668,-0.025376890433865817,-0.02433974280535267,-0.013990792714348999,-0.01597310734667623,-0.010738934819318757,-0.004158486385305693,-0.006481780323397857,-0.007549618855000162,-0.005930234843404492,-0.00528436056059256,-0.0007089684806000918,38.9,-0.19999999999999973,39.3,6.22455842927536,4.189654742026425,4.564348191467836,5.575949103146316,4.3694478524670215,6.240275845170769,4.110873864173311,4.454347296253507,5.568344503761097,4.6443908991413725,-0.03212864112142633,-0.01701508404219254,-0.024505086834578194,-0.023514524521274893,-0.01475549492043804,0.020000000000000018,0.017342657278449636,0.00439635438126551,0.009035324444685244,0.14524991866702397,0.3090041969033406,1.0014505552640225,-0.0062551078690118445,-0.006196617579444563,-0.0007226125825905427,0.00036836399999998215,-0.06159298168708016,0.1677999609999996,0.045962041823475186,-0.04000000000000001,-0.050000000000000044,-0.09,-0.030000000000000027,0.020000000000000018,-0.050000000000000044,-0.050000000000000266,0.23000000000000043,0.33999999999999986,0.44,0.03,0.24,0.46,1.64,2.64,5.32,8.24,-0.0076597328561529565,-0.011416934557120229,-0.006591720816738089,0.037265717333027304,0.26693252373598364,0.09929616338422331,-0.004623812772718061,-0.01215730608976262,-0.029368126430919794,-0.0004837696336963404,-0.010667180380356633,-0.0014025190811537414,-0.00044497196220483204,-0.005281587659020204,-0.007195918674047341,-0.0049038315999681,-0.0028912029619423407,-0.002958723423742704,-0.0107246970600956,-0.0004049212388537171,0.0015068383819119013,0.00844241916691546,-0.0022234148597837233,1.0,0.0014831133910035987,0.008168194313993737,0.0006597918767310418,45.2124
2009-04-01,0.0022545007908618686,-0.0008555768981430845,-0.0014878990973778983,-0.007818099380612509,0.004855560675032677,-0.00787886522662884,-0.008521095751151009,-0.008746903478453305,-0.002916144361882367,0.0015926558472356689,-0.003945805942890956,-0.02091366810746642,-0.007213180722962953,-0.014491195174132443,0.009965930582075622,-0.006784246892452828,0.014506045987870309,0.0001337454180259101,-0.3622000000000014,-239.0,-0.023070182999999994,0.0024364810104167134,-0.000362521017748918,0.3000000000000007,0.8000000000000007,-0.037340807402223675,0.003874096855083664,0.0813748396732219,0.003422707277501935,0.14056183576536085,-0.048960827195701384,-0.005062075965568624,-0.017471129843256605,-0.024220050705507035,-0.022017763688042535,-0.014687944555513255,-0.019860699458776665,-0.006281835885440401,-0.002970850733664321,-0.006243016915240318,-0.00827205662268149,-0.004291925762897719,-0.0069624941050676625,0.005172768348291612,38.9,0.10000000000000009,39.4,6.169610732491456,3.912023005428146,4.454347296253507,5.438079308923196,4.718498871295094,6.255750041753367,4.060443010546419,4.418840607796598,5.598421958998375,4.700480365792417,0.00655393901299739,0.007787915055757821,-0.040026429907735306,-0.016541234368872892,-0.013229648232307767,-0.020000000000000018,0.013061257891838096,-0.007472686809251172,-0.0004561697030371903,0.00894249313258122,0.020649647881802125,0.5479512988663515,0.0007964045151753751,0.00379813500082804,-0.0010195499620655468,-0.0007532959999999866,0.11352253773308796,-0.45148267200000003,0.2352064112411183,-0.03,-0.14,-0.04999999999999999,-0.07,-0.08999999999999997,0.040000000000000036,0.11000000000000032,-0.11000000000000032,-0.02999999999999936,0.33,0.01,0.2,0.4,1.71,2.78,5.24,8.24,0.014139560298771059,0.019985057641807025,0.015924489536251585,0.03466637014814289,-0.16609853650669582,-0.025683729393144894,0.0019943462934701728,-0.005542199542355242,0.015363735244965149,0.0013895324872521542,0.005265660257036231,0.0008868604676584013,-0.0005179600588256505,0.002248792842760139,0.0030859409750298994,0.002037038238506206,0.002527608744403942,0.00333666199474969,0.005511928636732222,0.0014520497507710672,-0.004544568862027365,-0.010660427065628308,-0.0005553769531676522,7.799999999999997,0.003933952519508566,0.0012617936289078813,-0.01272647085006362,37.7324
2009-05-01,0.01303145776667236,-0.000758153531180028,0.0009122007474049454,0.0004308992277710644,0.008725912026987359,-0.009918439644335919,-0.012938581981118524,-0.016115487278413276,-0.013182747321179633,-0.04323862306297954,-0.0059841254486281414,-0.027310908120790955,-0.006076849009548191,-0.0211166445786235,0.011910567258077265,-0.010428992185594232,-0.01842309210534232,-0.01394293552595638,-0.5932999999999922,254.0,0.010137142000000016,0.0015391782017903921,-0.002904909057249938,0.40000000000000036,0.6999999999999993,-0.027948356147243558,0.07448765564032556,0.09509658826173784,0.1463100646850286,0.05723244568848429,-0.025409715525368526,-0.002696596708020138,-0.012730204673822243,-0.026373807088539536,-0.008813505720585368,-0.01406351657005267,-0.01889028109038371,-0.006321546937256173,-0.0010277037928450028,-0.002411576731452314,-0.004450738474258031,-0.0010948114609643511,-0.003563251415851454,-0.0026493590804754774,38.9,0.09999999999999964,39.3,6.29156913955832,4.02535169073515,4.3694478524670215,5.60947179518496,4.882801922586371,6.320768294250582,4.1588830833596715,4.553876891600541,5.652489180268651,4.718498871295094,0.009791666985282887,0.012051830613801329,0.07672857277776046,-0.011783224306098461,-0.011112026547696274,-0.020000000000000018,-0.016844799231486185,0.0063396419907721935,0.005435139462083072,-0.04989103578561416,-0.10134762861969815,-0.7821800338913616,-0.0015487153790179065,0.005954368133121335,0.006683721323318181,-0.0012506469999999936,0.062011455300946317,-0.250577909,0.1908745039680655,0.03,-0.10999999999999999,0.01999999999999999,-0.04999999999999999,-0.050000000000000044,0.2699999999999998,0.3599999999999999,0.15000000000000036,-0.33000000000000007,0.19,0.0,0.12,0.32,1.95,3.11,5.36,7.88,-0.003545030527346782,-0.004022005891279434,0.00532667979826229,0.016657115812634515,0.13540157394596442,0.08581147681826984,0.00046383658045012766,0.00034755519542972735,0.008756402511046701,-0.00025390633004640506,0.0015665284677544022,0.0009655423010972441,-0.0002629676870276043,0.0005587099981774202,0.0009941340986303615,0.0005066582104111816,-0.00038663441590891523,-0.00181251077359601,-0.00043928150109184827,-0.0001668810420598632,0.0015122239265172865,0.005311306353505962,-0.0033066968127757335,3.6000000000000085,0.002521927706972349,0.00210799544150575,0.01708655513771884,31.8886
2009-06-01,-0.017208540474429768,-0.007748192418288724,0.0002758968163414366,-0.0015821230926231777,0.016694274284390076,-0.0031718320973022074,-0.003368192507323009,-0.005327432913531993,-0.004479178920977489,-0.010387735562024325,-0.003041242114088405,-0.00824918562606669,-0.0030523288770165635,-0.01020436180268458,0.005329257489200323,-0.002300570806956337,-0.02618797395096628,0.008041149317913998,-0.0736000000000061,-46.0,-0.005614162000000006,-0.00020034705346816395,-0.0017055777942207584,0.09999999999999964,1.5,-0.041515395680592704,-0.09548964857724052,0.10980803032448705,0.13451483804061581,0.09042445678304034,-0.022723555723842992,-0.003558465006220146,-0.012568604107077164,-0.011721631433469604,-0.014864022632149698,-0.01153141487451137,-0.014788466596185046,-0.006361763257068276,-0.002076346377652527,-0.0022157326015399548,-0.004343662377570112,-0.0009511862974367347,-0.0031922391917227344,-0.0018144407872160428,39.1,0.0,39.6,6.371611847231857,4.382026634673881,4.6443908991413725,5.6240175061873385,4.820281565605037,6.398594934535208,4.143134726391533,4.605170185988092,5.768320995793772,4.770684624465665,0.03648822714013811,-0.014999201168501841,0.02466577805087411,-0.014505451479713827,-0.01310961782706066,-0.040000000000000036,0.02155842893930693,-0.005717093950270424,-0.007084153598677645,-0.06527707649310788,-0.13248641910170988,-0.18357328143672336,-0.007796151300473397,-0.014444664937975915,-0.013968119026527503,0.00029238899999997625,0.025934853640319666,-0.1339162939999996,0.15729965464747764,0.03,-0.010000000000000009,0.0,0.010000000000000009,0.010000000000000009,0.5800000000000001,0.43000000000000016,0.07000000000000028,-0.5600000000000005,0.15,-0.03,0.1,0.3,2.5,3.51,5.4,7.29,0.016852861099891037,0.020157142110872606,0.0075653052757473915,0.012881699120850243,-0.00876378248685894,-0.013839527593476397,0.006794947522793748,0.0031796436613378276,0.03526361976777537,-0.0012477128508718849,0.015787162132247623,0.000786311057463962,0.0008351435752125269,0.007653841055598853,0.01056201678132851,0.007354841121591349,0.00488079739093461,0.000849992066369154,0.018892412633626954,0.0009741651415806629,-1.0151709690653377e-06,-0.002656824440245842,0.0044074123889612515,2.0999999999999943,-0.008593075933932326,-0.007075228949709356,0.009039272219456329,28.8608
2009-07-01,-0.0038150075708731634,-0.004813421948995256,0.003328746413212791,0.014662949675505743,0.001863610180754094,0.011865607554741864,0.009561953496396214,0.013018316058516,0.01323321598465732,0.09822901047346821,-0.0075626425432933075,0.012212495247680977,0.014911672220224936,0.03790599835580544,0.005719824543031216,0.015825478504267743,-0.0036873566813024894,-0.011397577022106198,1.0863000000000085,-271.0,-0.01732482399999999,-0.0013841369788671898,-0.0007716766486325355,0.0,1.2000000000000028,0.007358855796734787,-0.14502006589988348,0.00025516713585815864,-0.17671801991762415,0.12275265481430075,-0.054531646320421956,-0.0026140408672699067,-0.007847451716033405,-0.011701588295743193,-0.013063324271429977,-0.004958546536549591,-0.005025136202673863,-0.004853307563072562,-0.001760282099596111,-0.004162715409448126,-0.004563022051708998,-0.0037515200329121257,-0.001792115174982456,-0.0024391878514826715,39.3,0.20000000000000018,39.9,6.386879319362645,4.110873864173311,4.700480365792417,5.6937321388027,4.836281906951478,6.38856140554563,4.1588830833596715,4.6913478822291435,5.676753802268282,4.867534450455582,-0.010414369816491131,0.044287041821664985,0.03607972428874184,-0.010483916357706846,-0.011876742357134873,-0.029999999999999805,-0.022984657839387523,-0.000674627065524902,0.0008121621725063477,0.04684624889385347,0.09240055690934579,0.17490961708497788,-0.0063632147411789575,-0.001021040299351128,0.010539542280379344,0.0006939410000000035,0.010419334408791947,-0.08883738299999999,0.16101396059428996,-0.04999999999999999,-0.02999999999999997,0.0,-0.03999999999999998,-0.030000000000000027,-0.25,-0.16000000000000014,-0.20000000000000018,-0.41000000000000014,0.17,0.02,0.11,0.32,2.3,3.4,5.25,6.93,-0.030210344499190356,-0.03809550975577736,-0.016986572690758095,-0.08462461717864933,-0.2472926817297605,-0.0032830844758127142,-0.008563369710596902,-0.0044114437820192975,-0.04642398449999874,1.120379385621817e-05,-0.021170875657441357,-0.00356892401125819,-0.00015859886347069363,-0.009671922335448002,-0.012397519069717866,-0.009156245961695397,-0.005809752098464571,-0.004511585995881973,-0.02433346158945593,-6.133230882543472e-05,0.0030110373416212255,0.0008806666226188753,0.003824907115469234,-4.799999999999997,0.008580825079210541,0.010043473823655447,-0.014879031385476083,26.2151
2009-08-01,-0.0018336390764410737,-0.002433542455834825,0.008949244542455936,0.0005729419988291795,0.017902498691920954,0.011072240948122314,0.008579599379971548,0.009534657652600309,0.0091780810895008,0.012492319818125708,0.008378529822521408,0.01114230674201977,0.014369235977663486,0.022217744691137575,0.012386706680617365,0.011196719697639246,0.0026072492992250673,-0.006132853315011566,0.8009999999999877,106.0,0.004957437999999981,-0.0012629167279314402,-0.002927777661991371,0.09999999999999964,0.1999999999999993,-0.06485734785795128,0.1136852551093206,-0.0014042256727559987,-0.04621053157492394,0.024112078333709874,-0.01296988954845979,-0.0013862245222640013,-0.0070275901391507745,-0.015548922704419432,-0.0130654272260049,-0.003606082726316018,-0.004628663849839398,-0.001992253010913103,-0.00047171281574875934,-0.0014590259538902473,-0.003138917826547072,-0.0005469758947711512,-0.003208215777094736,0.0007101957775539347,39.4,0.0,40.0,6.373319789577012,4.23410650459726,4.6443908991413725,5.655991810819852,4.844187086458591,6.423246963533519,4.248495242049359,4.663439094112067,5.755742213586912,4.820281565605037,0.021850775952984236,0.024411521354576138,0.002477880827271406,-0.007827667749303657,-0.012716890924288293,-0.040000000000000036,-0.0037329353372035357,-0.0005672519953741073,-0.0034053400125149125,0.028000860275301243,0.05606775784685869,-0.0003630281036206551,0.005970684625999034,-0.0007931476030709206,-0.0017586321750258094,-0.0001911739999999884,0.07601509707268228,-0.2515435830000001,0.23252987321558072,0.0,-0.040000000000000036,-0.009999999999999981,-0.010000000000000009,-0.019999999999999962,0.10999999999999988,0.029999999999999805,-0.15000000000000036,-0.5099999999999998,0.13,0.01,0.1,0.3,2.41,3.43,5.1,6.42,0.025491487535161284,0.03292569115388577,0.0191576189384266,0.08791003061915692,0.1868612321048575,0.05948280050433841,0.00364086964603505,0.004528778804296252,0.014062788229203704,0.0007008463228546091,0.006310350681463461,-0.006721958733270306,0.0018413131900576474,0.003925727764235276,0.004012563184135232,0.003839705742866961,0.002784753795281425,0.0009991466463707965,0.009785581292649503,0.0008505738218911318,-0.005021095883316118,-0.003968741445810942,-0.005486671699433732,-0.29999999999999716,0.004000735177900339,-0.00021841464173100178,0.0042635113444688955,25.366
2009-09-01,0.0025300434209292177,-0.0006795540574913161,-0.009272054667150087,0.0011827333410536767,-0.02382277800700372,0.008536932942942776,0.006759451055949661,0.008423881260405608,0.008720720000455984,0.044506152970543944,-0.0006856478555707923,0.006078817686230309,0.010840999399372997,0.02426814776039432,0.002287000947372775,0.010109428246719787,0.009720619800171804,0.02601889792140799,0.7405000000000115,149.0,0.007876899999999992,-0.0031155301801248925,-0.004843529285018633,0.20000000000000107,1.3000000000000007,-0.0342534784785391,-0.039475392894885886,0.07076272321335964,0.04106560511708768,0.08684592090956933,-0.02114472922894528,-0.001833377955327009,-0.005912762784697989,-0.006970928771631968,-0.011681974457978583,-0.0030150343725505735,-0.004085375830790383,-0.0013303771363535333,-0.0011758000356980602,-0.002314486872196042,-0.0030754609969321223,-0.002274193745739339,-0.001286173810743918,-0.0038232464104517305,39.2,0.10000000000000009,40.0,6.371611847231857,4.189654742026425,4.653960350157523,5.6937321388027,4.762173934797756,6.411818267709897,4.248495242049359,4.653960350157523,5.733341276897746,4.8283137373023015,0.015824846399558723,0.0034988784783624993,-0.014050742352775814,-0.013328246030472002,-0.004768452813975088,0.0,0.004452350379638759,-0.00011817467319374941,-0.002115108518863096,0.02950790959251215,0.06770648476383023,0.08069829406542062,0.003995767096577119,-0.006294288904401313,-0.0005238421104980517,-0.0006783750000000088,0.03390320228058652,-0.13469324800000004,0.20514305112335984,-0.010000000000000009,-0.05999999999999997,-0.05000000000000002,-0.05000000000000002,-0.06,-0.19999999999999973,-0.18999999999999995,-0.1299999999999999,-0.27000000000000046,0.08,-0.03,0.06,0.25,2.22,3.25,4.98,6.16,-0.01619997672756579,-0.02116654959811015,-0.012784292238460893,-0.058510204826918155,-0.12600978835369858,-0.01693780376129439,-0.0014138343240430729,0.002407873704769692,-0.0067637599776233515,0.0004622080546727858,-0.0016883048237392728,0.009619933459361185,-0.0011596046653989944,-0.0015626840921587615,-0.0011725437870264699,-0.0015355631770734846,-0.0012838086552129369,0.006706882495377542,-0.005845606887594279,-0.0010681994665970862,0.0005011270429178261,-0.00443947016035473,0.004351372182567648,7.799999999999997,-0.008958046165220779,-0.006397481037383912,-0.009929443801255822,24.9017
2009-10-01,-0.0030989402154482093,-0.00012690125286773934,0.0011353519914045762,0.004910758056011488,0.009253757439685373,0.002272481445254826,0.001943610149398367,0.002594518475484975,0.0024165742957373837,-0.015491894311728593,0.007262637194905608,0.004474704004232777,0.002647672226917308,0.003738800122051522,0.007875767399955436,0.0006337146488561984,0.07942717093393359,-0.018166236828115245,0.12069999999999936,-81.0,-0.00897832899999998,-0.0002795738792169544,-0.0027844923311164393,0.1999999999999993,0.8999999999999986,0.12615649996124922,-0.0608895575710644,0.02885830758971686,0.03314473165950993,0.026759251313920984,-0.041202584439217205,-0.0013830091869504457,-0.007175267873158475,-0.006528503683875364,-0.012344762524081787,-0.004582999071910621,-0.005662529286627915,-0.0028885699453731206,-0.00045465689789025987,-0.00346140878659007,-0.0038392699282940868,-0.0033165450756236226,-0.002448297080182016,0.0032462507662938123,39.2,0.19999999999999973,40.2,6.280395838960195,3.9889840465642745,4.634728988229636,5.583496308781699,4.709530201312334,6.368187186350492,4.204692619390966,4.6443908991413725,5.700443573390687,4.727387818712341,0.025021915615837997,0.019152175000414218,0.015121938006823044,-0.009462758466488808,0.006320664081153282,-0.010000000000000009,0.00471128702533008,0.0032805171746517203,0.00010203561051724819,0.0208338140072728,0.02837278905454177,0.04735794139277738,-0.003667532957967623,0.0063324260164172586,-0.002604000075717927,-0.0005602019999999819,0.021883167130382297,-0.09604545200000025,0.20721466043250025,-0.03,-0.010000000000000009,-0.04999999999999999,-0.04999999999999999,-0.030000000000000027,-0.040000000000000036,-0.009999999999999787,0.020000000000000462,-0.019999999999999574,0.1,-0.05,0.04,0.25,2.21,3.27,5.03,6.17,0.006903175112384474,0.009392451122079315,0.0011352817028562612,0.08236603641539109,0.11038460604921418,-0.06536533528881172,0.001068409531749026,-0.006818627635663432,0.0045368902032869585,-0.0008967025873749535,0.0013437310184416518,0.00942585729900447,0.0009611193059040346,0.0010025098933965637,0.0009329365868753214,0.0011967156969099335,0.0021745795583614225,0.0006921347339057249,-0.000710234601003279,0.003358091524828133,0.005509403798873436,0.024702729973698823,-0.007617585480796496,-2.9000000000000057,0.009547894973879423,-0.019949762523699732,-0.0028981619919914436,24.6223
2009-11-01,0.0024778301895214128,0.0029146622610891626,-0.0016018173289307214,0.007479351482349017,0.007932650860739798,0.004078180352815153,-0.0007086738754074062,-0.003826528487397951,-0.00594782850898401,0.018489572913886754,-0.012414702860358062,-0.0015324987201621454,0.010242878432628721,0.019693657036349954,0.021939333757409862,0.01001637220443552,-0.09717807961042446,-0.012095505025849107,0.7501999999999924,97.0,0.007743219999999995,0.000611060208441927,0.001638451272558683,-0.09999999999999964,1.3999999999999986,-0.1349951645375045,-0.027109664190435367,0.012296885400909119,-0.05434448303488271,0.04589152568212995,-0.0616243600635169,-1.537751806779397e-05,-0.002515162156479178,0.007016427577428708,-0.0035050859579452975,-0.0025165978483432383,-0.0034129725962390722,-0.0011132139633431848,0.00038335183698379183,-0.0013879252748481008,-0.0018053206583275028,-0.0012822837555006572,0.0006448700810306462,0.00039949397961258626,39.7,0.10000000000000009,40.5,6.376726947898627,4.204692619390966,4.6443908991413725,5.707110264748875,4.7535901911063645,6.434546518787453,4.30406509320417,4.736198448394496,5.762051382780177,4.762173934797756,0.019686797559932856,-0.004217525752963525,-0.01508241387733733,-0.014910353262571618,0.007822572622242063,-0.010000000000000009,-0.004504638811097195,0.0003309409917378048,0.000102025200312994,-0.027732611426636744,-0.0584304096076238,-0.11815700510529803,0.009031496528931093,0.023395863497727376,0.0057572788855972945,-0.000360904000000023,0.018936146806125542,-0.08676447199999959,0.08377766748336857,0.0,-0.03,-0.020000000000000004,-0.010000000000000009,-0.06,-0.10000000000000009,0.009999999999999787,0.040000000000000036,0.03000000000000025,0.07,-0.07,0.03,0.19,2.11,3.28,5.07,6.2,0.008508982504823237,0.009749714173879376,0.0067906058446860484,-0.026980744266258405,-0.058239230755612326,0.01937930063480664,0.00034556154634568514,-0.0017870021183590268,0.004996909975652386,0.0005908019915139562,0.0021641721190510665,-0.007504927242086623,-0.0011020185644428082,0.0004493630670330262,0.0017813353571751733,0.00033036793895657723,-0.0012928611315334848,-0.0027496278089564896,0.003854908294131043,-0.0027770174640160405,-0.0035101418651186655,-0.018494773160240285,0.004347827799239923,-3.1999999999999886,-0.011962119459862919,0.016548897411253094,0.007083217736398417,23.7799
2009-12-01,0.00424627455305604,0.0024374402707820764,0.006094707183936343,0.0033555368676143615,0.004915665987855533,0.003423790034480234,0.0030855036488164345,0.0038892586419629893,-0.0011839675371367875,-0.006718611945292885,0.0003780945630449395,0.0172718636189666,0.003822327623724142,0.0025867913689463506,-0.01288800823100722,-0.0013485564493889157,0.07066565960498128,-0.019632452900695263,-0.0033999999999991815,65.0,0.005623283000000007,-0.0049969321112861564,-0.004669797984211854,0.0,0.8000000000000007,0.022125573334243143,0.0,0.009096140033843625,-0.048579438217751125,0.03558147585408733,-0.017356229456542138,-0.001939461714821178,-0.004318449828351945,-0.0008133388004276654,-0.007400914838276762,-0.0029585820397457496,-0.0029959363303184716,-0.002900169350114723,-0.001561071657981472,-0.00397028947953082,-0.002566210526650181,-0.002185060784000825,-0.001548387406128171,-0.0022659123323780506,39.6,0.10000000000000009,40.6,6.364750756851911,4.143134726391533,4.574710978503383,5.746203190540153,4.68213122712422,6.498282149476434,4.61512051684126,4.7535901911063645,5.765191102784844,4.852030263919617,0.014603110767398064,0.0006294031160702929,-0.01953627540265579,-0.018105851572057574,-0.001916304475905406,-0.020000000000000018,0.00265194005872349,-0.00399792436154911,-0.0010973167880443668,-0.04380324720037265,-0.07833165183975144,-0.11750391322630493,-0.005766525228129815,-0.024678866156431667,0.005178525073297635,0.00035547100000002385,0.020296814481387315,-0.08702871400000012,-0.05755490311467071,0.0,0.010000000000000009,0.0,0.020000000000000018,0.06,0.10999999999999988,0.18999999999999995,0.0699999999999994,0.04999999999999982,0.08,-0.07,0.05,0.25,2.22,3.47,5.14,6.25,-0.010282079024955593,-0.012053916960772959,-0.005723905328161472,-0.01619057348617492,-0.07899482239777278,0.012446919926774491,-0.0028229553901333304,0.007709610571065895,-0.016772871548584867,-0.001315133473040575,-0.006049186531611461,-0.0014256314994129937,-0.0004999304601707166,-0.0034279451867993416,-0.005027535783177939,-0.002922351264172285,-0.001916791147298369,-0.0028484244565438743,-0.005277772657973578,-0.0006481773920778977,-0.0014973798655035786,0.0017457722148290777,-0.0021739138996199614,5.099999999999994,0.004332737137618281,0.004733732486494446,0.00510725841816928,20.9744
2010-01-01,0.004315243487768683,-0.0023018709472015786,-0.0018328538134264605,-0.0028644231457857217,-0.0005289315561611829,0.010700654040133095,0.009541384946990306,0.010191719444785363,0.006751532048613562,0.011801433071471301,0.005460582969964989,0.014244173497899304,0.012137756488201923,0.024815424056043867,0.005686932240006826,0.009993087503753273,0.040999751391034955,-0.03007042666019899,0.7660000000000053,269.0,0.018466343999999996,0.0024331785190536692,0.003074688352141308,-0.09999999999999964,0.6000000000000014,0.01448301177556477,-0.019571239547127917,0.006655786316844825,-0.052225260904213755,0.03167212726809865,-0.011809937325784503,-9.244921078099821e-05,-0.004675933141509603,0.009555502296294094,-0.013174482878179461,-0.0013080446600142182,-0.0014297972124097669,-0.001117693197835834,0.0006336428875872713,0.0020894368172736932,-0.0036297680505796848,0.0034603800479615643,-0.0014214643473788868,0.0004002401494282992,40.0,0.10000000000000009,40.9,6.419994928147142,4.23410650459726,4.543294782270004,5.783825182329737,4.836281906951478,6.455198563340122,4.31748811353631,4.59511985013459,5.746203190540153,5.003946305945459,0.008288023323478555,0.12016687975031104,0.1371019090126282,0.003414401381251153,0.0017911140194524222,-0.010000000000000009,-0.016555965396721994,-0.0034973808119058702,-0.004709142887218576,-0.01630803475053888,-0.023807525554596864,-0.05029289051357799,-0.0016421779587130203,0.002857843568776275,-0.010499390578306844,-0.0012759900000000046,0.011817717079914303,-0.03854400800000013,-0.19009237213338892,-0.009999999999999995,-0.020000000000000018,0.009999999999999995,-0.020000000000000018,-0.020000000000000018,0.14000000000000012,0.14000000000000012,0.0,-0.1200000000000001,0.07,-0.05,0.04,0.24,2.37,3.62,5.15,6.14,0.007285189106957191,0.009065085940163975,0.011657402964208252,0.03542667833584545,0.10103740798477912,-0.03218000508449581,0.00012848072104887365,-0.008028477131540868,0.006882760300814361,0.0025345530131684058,0.0035164346722407203,0.0012344374857802265,-0.0020147256937912417,-6.454205521411183e-05,0.002454514116082329,-4.31883601503813e-05,0.0016096412517345726,0.0009732792261321066,0.0035867529511639518,0.0010298348933774903,0.00199302507426502,0.0030424306531622314,0.0005427408545708445,1.9000000000000057,0.0508706947132751,0.010323710812219389,-0.011078830606050971,20.9652
2010-02-01,1.146188478884369e-05,-0.0008408262290675594,0.0037335659645503227,0.006582555092194298,0.0024111600692915403,0.0035244585414178076,-0.0040971924894659395,-0.005579623100781639,-0.008480753698069776,-0.016093791859300488,-0.006377951950427452,-0.004699694834017443,0.012918961959203834,0.009798976346843347,0.0068734236272236515,-0.000708995018293912,0.0106884834553993,0.02506861230292845,0.0519999999999925,-171.0,-0.012150677999999998,0.0013672856305824155,0.001032420250609789,0.0,-0.5,-0.03980972602585808,0.0,0.0031432446175685413,0.0816551777891048,-0.03052936328772482,0.012324737851955092,-0.0007167713228408701,-0.004584437946922648,0.008826182628271617,-0.014440684154793715,-0.0006110068710150074,-0.0005724917860678858,-0.000671216044889178,-0.00010706638125768109,-0.0005321870967893716,-0.001987130736614162,-6.964758325622711e-05,-0.001035062843088852,-0.0006671559390820647,39.6,-0.20000000000000018,40.5,6.403574197934815,4.248495242049359,4.6913478822291435,5.655991810819852,4.9344739331306915,6.476972362889683,4.356708826689592,4.700480365792417,5.7430031878094825,5.0106352940962555,-0.016832361989486344,-0.0031316940602295062,0.08742710802349762,0.005716131977282046,0.006577098099345591,0.010000000000000009,0.025626470247640754,0.009894487622991832,0.006800660254254964,0.0740233876290155,0.1216883152870647,0.14883519610832474,0.00885262078643656,-0.005124272893805681,-0.0008196643323570285,-0.0005110620000000066,-0.031113259218861877,0.047260325999999964,-0.22197034860725928,0.020000000000000004,0.020000000000000018,0.05,0.03,0.0,-0.1200000000000001,-0.040000000000000036,0.08999999999999986,0.08999999999999986,0.07,-0.02,0.05,0.22,2.23,3.56,5.22,6.21,-0.01684270107995367,-0.021934141360918424,-0.01894696520782535,-0.08781003027599166,-0.07469534491226959,-0.08712037953629004,-0.001600751752591556,0.006700985445908358,-0.01422472959286214,-0.00018728019275116026,-0.007591566350163781,-0.005190586309320011,0.002265190356024682,-0.0014499754233519013,-0.004544786086701613,-0.001701658877543366,-0.002210167043388722,-0.0022657628359734616,-0.006189053640246023,-0.0008929160240453982,-0.0005008586695693928,-0.002182889155476264,0.0021665536772355054,-0.8000000000000114,-0.058904010851044575,-0.012646936304008705,0.0018861423676392874,22.2187
2010-03-01,0.003737055793731514,0.003926830681370674,0.004771470268220668,0.012599641245886417,0.02110394042919239,0.007025182505397964,0.008224143999592037,0.009259432705611914,0.0035958467394028304,0.0142935319795221,0.0007903839301164339,0.01892697217348438,0.005560164588088057,0.021502464114308673,0.003932722103542119,0.012535554685955574,-0.04832976000936995,0.030810196955375346,0.9639999999999986,13.0,-0.00017760799999999577,0.0016902437974568585,0.0012259675860875063,0.09999999999999964,1.8000000000000007,-0.013630053190921032,-0.028727289636911735,0.018324684007136938,-0.09416511419577756,0.06566979485826963,-0.03242962007641026,0.0012559379383834113,0.002492919138076033,0.008907327859890124,0.006704745602405637,0.0,0.001573564447431508,-0.0024649872425364094,0.001061235145325412,0.001840980739645559,-0.00011154489693687708,0.0023861461861311994,-0.0022030722316888074,0.001866916130985885,40.0,0.20000000000000018,41.0,6.455198563340122,4.174387269895637,4.564348191467836,5.834810737062605,4.890349128221754,6.532334292222349,4.276666119016055,4.74493212836325,5.877735781779639,4.962844630259907,0.023809725781948288,0.009365812343926194,-0.05362102322337314,0.0029416600387115466,0.004460182754181474,-0.020000000000000018,-0.007783284607886465,-0.0062908322132866346,-0.0007901814004824814,-0.07547912348120889,-0.13085725997768538,-0.16782070152539763,0.0010206342982979066,0.005501313985998735,0.010574572299676177,0.00020919099999999746,0.05613620716773493,-0.1251171339999999,-0.12935084577109812,0.03,0.03999999999999998,0.039999999999999994,0.04000000000000001,0.050000000000000044,0.07000000000000028,0.040000000000000036,-0.08000000000000007,-0.07000000000000028,0.08,-0.01,0.06,0.24,2.27,3.57,5.11,6.11,0.013460510708135587,0.017094121156917552,0.0071913504618352775,0.040770849492687056,0.08444422200204471,0.14172371249738358,0.0012835431226418947,-0.001941354965176778,0.0027643343436531964,-0.00043651890691975836,0.0021226426809022314,-4.597872506906242e-05,0.0009027887400732126,0.0012153592880927988,0.001977623882692292,0.0014055118325559945,0.0014302104580545816,0.0021030305621483336,0.002167533617466688,0.0011076404996437361,-0.0004986243458180439,-0.0008697451609140927,-0.0032505665341959755,0.0,0.18730786825628165,-0.0009724235761741085,-0.006221713298496745,17.6603
2010-04-01,0.008409162271966863,0.0107088032694449,0.0020413347737706644,0.00890454226080628,0.00909387227374836,0.003600299133108109,0.0022115219129075214,-0.0018660500894061016,-0.008088513143100329,0.00259668118468781,-0.010920718700544008,0.011350502639144722,0.00526082583381271,0.016631221515001293,0.006121500256203838,0.008118479503319342,-0.07871544816426201,0.007717789135379682,0.6754000000000104,474.0,0.029515438999999977,0.004329572251130287,0.003927384493380259,0.0,1.6999999999999957,-0.016017816073617297,-0.065226877814478,0.004720873893667488,-0.08708290518965356,0.03822121282019708,-0.002661699734860079,0.0019232254562524531,0.003220250798428026,0.0075722084482006125,0.00288548441863945,0.003138351455648447,0.0042789966872796015,0.0013452916827141337,0.0017187719912623578,0.00012261162782323254,0.0,-0.00018067475119565302,0.0003891302987035772,0.0022622938652556712,40.6,0.10000000000000009,41.1,6.532334292222349,4.406719247264253,4.770684624465665,5.937536205082426,4.68213122712422,6.456769655572163,4.31748811353631,4.7535901911063645,5.765191102784844,4.844187086458591,-0.004742858439644948,0.00438241602411793,0.003983697557817578,0.0008306831349873534,0.0036775508680193525,-0.010000000000000009,-0.014657289825007247,0.004134520609269998,0.0034365607153610256,-0.014880380071671695,-0.024288007204464,-0.03158385287811083,0.009000335628043032,0.007006784463159832,-0.008255240708510136,-0.0013863060000000038,0.03854276174277427,-0.06828782899999997,-0.13382250340491098,0.04000000000000001,0.06,0.010000000000000009,0.01999999999999999,0.04999999999999999,0.1499999999999999,0.1200000000000001,0.020000000000000462,-0.019999999999999574,0.1,-0.04,0.04,0.25,2.38,3.65,5.09,6.05,-0.006730255354067793,-0.009079116988988112,0.0027158354908731752,-0.023257309358243106,-0.02205621144766301,-0.009167212024272509,-0.00010129916802092964,-0.0051686896117209,0.002487318108386205,-0.001375526375274383,-0.0004553653026677651,-0.0014186592232610096,-0.0001631507721535641,4.1444996634609765e-05,-0.0003947658735761195,-1.9140698618080876e-05,-0.0008652986988231248,-0.002391405060413021,-0.000688338745133521,-0.0007041224897443854,0.0009905855761691562,-0.0034648920917672577,0.002704604376647435,-1.3999999999999915,-0.17590365228853955,0.005896056438016828,0.0031060622762169032,17.3652
2010-05-01,0.007835963049627637,0.00956291440623147,0.0024840930828267105,-0.0031358763896633945,-0.009237902028848666,0.013622144074852294,0.013826643708795494,0.01672825753664231,0.018492919585989753,0.03769961595462146,0.013268786545798328,0.018223343490287647,0.013375386749004292,0.019888790805536516,0.0033514134150962605,0.012744310522895042,0.06088558564654978,-0.0044187580037649,1.0121999999999929,-165.0,-0.004516578999999993,-0.003440091759431496,-0.00040209953941250376,-0.3000000000000007,0.7000000000000028,0.017461338518433678,0.01319832453473424,-0.02585155334424627,-0.030503454293414833,-0.02411189888427856,-0.020681478191281855,0.004065046248168613,0.0006766281622674342,0.013580166557026097,-0.005960461970465403,0.0031285330114840804,0.0038355043824065405,0.002014550205664989,0.004598525569896594,0.0006128327362766584,-0.0006881352736272106,0.0005141424009771356,-0.0015574305549108658,0.018743004514851336,40.5,0.2999999999999998,41.4,6.368187186350492,4.276666119016055,4.68213122712422,5.66988092298052,4.727387818712341,6.354370040797351,4.1588830833596715,4.624972813284271,5.700443573390687,4.700480365792417,-0.012936621434430862,0.03746415390719626,0.08018845371132421,0.006652830694811485,0.003093484027774096,0.010000000000000009,0.01407602775587602,0.0026383405011944916,0.006837893228659908,0.030811145401717255,0.05284212974034386,0.049432275994780284,-0.006654320483992393,-0.006287047669276902,0.0033227424360458002,-0.0008346629999999855,-0.062249358284833356,0.12161563499999994,-0.2131156271629826,0.0,0.14,0.0,-0.01999999999999999,-0.08000000000000002,-0.3999999999999999,-0.43000000000000016,-0.33000000000000007,-0.20000000000000018,0.24,-0.04,0.02,0.17,1.98,3.22,4.76,5.85,0.0,-2.8323472811564443e-07,-0.0038682491847525924,-0.014016766246253809,-0.1737213130091213,-0.1330994154020031,-0.0007499212424511015,0.00484432004721036,-0.004678510731123353,-0.0009656917894300676,-0.0014087173877355141,0.000848044015816285,-0.00026983580270822927,-0.0007969726738181748,-0.0013330143333458722,-0.0007271819493448461,-0.00022165821171071798,0.0010976828615874012,-0.002197392706769108,0.0002067094263322744,-0.0009935381533505705,0.0038990121322113325,0.001611274426028153,1.3999999999999915,-0.0035329883263841566,-0.000533696975811182,-0.0037946530272527923,32.6959
2010-06-01,0.0009804263926600498,0.001120616367972005,0.0024310195825574255,0.009589505215798155,-0.0011897445996211786,0.00219929099179339,-0.000858977038263653,-0.001277696516259752,-0.0023065929822783104,-0.008635040861678434,-0.0005117477166471929,0.005299169509849655,0.0057858885210437805,0.005224653754464015,0.007234183819766038,-0.00013954303407270885,0.041441592435496055,-0.006105281522921224,0.11490000000000578,-187.0,-0.007706257999999994,-0.003087355031238914,-0.0007184372861850363,-0.1999999999999993,0.5,-0.03299419519015423,0.010181443344244201,0.0011233431871016109,0.01056347850956918,-0.0022622737949404836,0.0023915654403641184,-0.0011028314781373894,0.0011829987578000356,0.008798389705166443,-0.0007249003579499202,0.0017338539237474748,0.002690267109299427,0.0002235885979136043,-0.0014624874639093122,0.0008573353726877286,0.0007439092773786626,0.000180581890905529,-0.0015598599289177173,-0.011194799438655423,40.3,-0.20000000000000018,41.0,6.284134161070802,4.127134385045092,4.430816798843313,5.638354669333745,4.6913478822291435,6.375024819828097,4.343805421853684,4.574710978503383,5.69035945432406,4.762173934797756,0.0043567056146756045,-0.02271136677433816,-0.016213678441898693,0.0006309047275827595,0.007205259089937854,0.010000000000000009,0.005981982601741542,-0.0040993441581012036,0.002646604440986522,-0.00388884753699692,-0.005473801890068408,-0.0047331942666476445,0.0034758089142590265,-0.00095566796512081,-0.0003990247141159031,0.00010884599999999578,-0.037769044812346664,0.07925647699999994,-0.17122354537264295,-0.020000000000000018,0.020000000000000018,-0.04000000000000001,-0.03,-0.04999999999999999,-0.18000000000000016,-0.21999999999999975,-0.08000000000000007,0.1800000000000006,0.28,-0.06,0.01,0.14,1.82,3.02,4.7,6.05,-0.003359465645578652,-0.004271512667387789,-0.009839974576149935,-0.0019431620791063864,0.15485756464126155,0.02553964754131588,0.00010102428684710674,-0.00022568391371091678,0.001096444551250464,0.0015167563586064858,0.00039053497097452095,-0.00023717993968030981,-1.630739162372663e-05,0.00023930374386793574,0.00014343163972441175,-5.206314855676908e-06,-0.0007417909213787155,-0.0006573324484229204,-9.384847285343056e-05,-0.0009555702342023409,0.0004934572907986379,0.0008609324902120186,-0.004312964821363785,2.4000000000000057,0.00175681502781444,0.002315048074118309,0.0012668028597406789,29.7614
2010-07-01,0.0021677756354936406,0.0025278005312969754,0.002729313685071233,0.008437885108493859,0.0030210479747694308,0.0038184607279259097,0.004897496233773779,0.007468308461040074,0.006365721487549436,0.03877678301173937,-0.002653869456218594,0.009078484209497972,0.0025578914600661307,0.007924182027853277,-0.0012544933507436795,0.005176662653752828,-0.0044552783269349305,0.01850672784926477,0.4924999999999926,281.0,0.018856551,0.0004881112469874438,0.0002730669749659853,0.0,-0.6000000000000014,0.04482441023678252,-0.061020394964435454,-0.021906556754482054,-0.03384116337891463,-0.017823611451682098,-0.0028270106900052383,-0.0006208776035805386,0.0008441431042367498,0.009787507402883477,-0.0014513790646457636,0.0013849218867250102,0.0015542214361445872,0.0011171937258520614,-0.0008518870700040537,0.0008973732042889537,0.0003345787127617683,0.00020137979950796137,-0.0014320122215423225,-0.007548205076195913,40.3,0.0,41.1,6.302618975744905,4.330733340286331,4.5217885770490405,5.602118820879701,4.672828834461906,6.361302477572996,4.204692619390966,4.624972813284271,5.6937321388027,4.727387818712341,0.004629100052721213,0.009856098308777206,-0.06597311629582947,-0.0005845535460657914,0.008913341039201939,0.0,-0.016892652593003987,-0.0008957275554131172,-0.000553946885624157,0.0008785357963683182,0.0005225242442916667,-0.00100995640891699,0.004421728054418317,-0.0011800176885259361,0.002566743945825678,0.00012222200000000516,-0.0032914839531485995,0.01658563699999993,-0.12579195077603877,0.0,-0.09000000000000002,0.04000000000000001,0.010000000000000009,-0.030000000000000027,-0.24,-0.1900000000000004,-0.16000000000000014,-0.22000000000000064,0.19,-0.02,0.02,0.11,1.58,2.83,4.54,5.83,0.004480541996176868,0.006407701894620033,0.003819281977206934,0.05046957721092227,-0.006797311050118715,0.053949596709037984,0.0022863915390862743,-0.0023104414900485537,0.012944884572354987,-0.0029896594240454988,0.005197683432531797,0.0028178166192978082,0.0003088091287981598,0.0026577975465302828,0.0034377969647412243,0.002665178462508244,0.0012730667026641385,-0.0010345296053992925,0.006362528187275451,-2.3975674720233542e-05,0.0009844807708336845,-0.0008684092095769813,0.004300791913908419,-8.200000000000003,0.0023146810264691453,0.0030128630598369455,0.028732746465416348,25.5846
2010-08-01,0.003716068905324832,0.0017226381710937488,0.0024185221423138614,0.00050773157619588,0.004868078205372939,0.0036646267516067255,-0.00036034506535997934,-0.0008268346827469131,-0.002213223518338303,-0.028734180176479995,0.005167525063863643,0.000927095657921484,0.008293921986807895,0.006617051448046141,0.006660837851282686,0.0013100991226231429,0.005737078984973998,-0.005886595801167793,0.21800000000000352,-83.0,-0.007638117,0.0025667948993550738,0.0018591835717423066,0.09999999999999964,-0.19999999999999574,-0.049307047552445304,0.17319524704199196,-0.03420234164739533,-0.021053409197832273,-0.038704400108596104,0.03382895902928418,2.300234240593113e-05,0.0008996345841509878,0.011499597143713736,0.0029006546806371603,-0.0006922211923026111,0.000987793772550205,-0.0033553325294306546,-0.0001154155181879446,0.0004076308551468344,0.00033446680728843603,0.0008467401013962927,-0.0001302846721920048,-0.006623865602179535,40.6,0.10000000000000009,41.2,6.395261598115449,4.31748811353631,4.663439094112067,5.641907070938114,4.912654885736052,6.363028103540465,4.2626798770413155,4.584967478670572,5.648974238161206,4.844187086458591,0.007891981176785023,0.02235551938961855,0.08026436344303534,0.005065456796044643,0.008605428181008179,0.010000000000000009,0.018624146840162226,0.0042660025230816245,0.004122058820069441,0.003752446847994584,0.007940175116526227,0.010222916914862434,1.1751404804805077e-05,0.004291396489833232,-0.0004705825069457603,-0.00020929700000002494,0.006903325862904985,-0.004299528999999858,-0.1031899801861571,0.010000000000000009,-0.09999999999999998,0.0,-0.010000000000000009,-0.02999999999999997,-0.29000000000000004,-0.3099999999999996,-0.22999999999999954,-0.34999999999999964,0.08,-0.03,0.0,0.07,1.28,2.51,4.3,5.47,0.004465530358041647,0.005316593262598701,0.007132169656513199,-0.006862081980202106,-0.007570949810323135,0.08011281260685887,-0.0004072119341191893,-0.0005190094388538569,-0.0024178160311443264,0.002576162033970597,-0.00014515676604265337,0.0005207889976750479,-0.0005364361928874573,-0.0006936466284033216,-0.00035158648869515474,-0.0006195255652112763,0.0005187345704795732,0.005177967066477329,-0.0009113221983492181,0.00026601196363884583,-0.0004980835560299823,0.0004272273936312132,-0.003226097060450961,1.1000000000000085,-0.003992387912116868,-0.000939946706761674,-0.00959866873239168,24.6424
2010-09-01,0.0006273805844507763,0.0010444415162620402,0.0009447882802549046,-0.00015525823924811277,0.008133522158583872,0.0028008035698423583,-0.0014800184698229302,-0.002354829128626612,-0.0036728733678756953,0.0003748542948986966,-0.0047475141063646475,0.004350967734255917,0.007658065764758248,0.005151559030212027,0.0011392220958921229,0.0006845507123145467,-0.011804889516586314,-0.0024577373765470867,0.16949999999999932,-81.0,-0.004586946000000008,-0.0007206365285039595,-0.0003012545121308108,0.0,-0.30000000000000426,0.05392927800415137,-0.06608659673605999,0.003911116096743328,0.05795468425434169,-0.015456755962457436,-0.04631953447944959,-0.0006365934032288578,-0.0003372681313589254,0.012260919146735993,-0.004172341653724487,0.000865201645943614,0.00211342100502776,-0.0011209506834557459,-0.000683888242017261,0.0011404831996646436,0.0011511968146589169,0.00043003593543566865,0.0009116364504517804,-0.007746249583018283,40.6,0.10000000000000009,41.4,6.386879319362645,4.248495242049359,4.553876891600541,5.69035945432406,4.890349128221754,6.333279628139691,4.219507705176107,4.553876891600541,5.662960480135946,4.718498871295094,0.018996009260098035,0.05176464277591286,0.09842002802537309,0.014631787780505334,0.010765635837143961,0.0,-0.004267791180886604,-0.0020590487942726554,0.0019295108287966656,-0.016134775361307696,-0.03239882778256753,-0.03200917468417286,-0.0005796561847919435,-0.002202956929835409,0.00035582561146796365,0.0002909370000000189,0.0315049411415087,-0.05396977799999991,-0.06683408176876116,0.0,-0.020000000000000018,-0.010000000000000009,0.0,0.0,-0.06000000000000005,-0.050000000000000266,0.040000000000000036,0.0,0.06,-0.04,0.0,0.07,1.22,2.46,4.34,5.47,-0.0022495624550629145,-0.0026853915173621346,-0.001113565021397811,-0.02862444056286151,-0.02572716882196424,-0.04733427330441131,0.0001536495834182361,0.005137760581530593,-0.0009492842430791626,0.0033041552966590615,0.0006590748047718975,-0.0009898992033470222,-0.00013420459633106674,-0.00018117686175678216,-3.332261271626891e-05,-7.343419119454353e-05,-0.00037711594018752237,-0.0017817729626585788,0.0009132548648294048,-0.000568943702297986,-0.0004951548089753288,-0.0030134386121485335,0.0026756573637940484,-0.7000000000000028,-0.004209563519614434,-0.006217927152169622,-0.00462521132877125,22.2046
2010-10-01,0.0007731372227013367,0.0016916102813340217,0.0025499673239623988,0.005149022075178422,0.011372122534753615,-0.002696050196444588,-0.0012101010655172217,-0.0001730501221333114,3.25085970027672e-05,0.005583175083176073,-0.0014411888369814108,0.0034367343632295544,-0.004378334441796916,0.007909038820503866,-0.009438852315342139,0.0006851393754745416,-0.042984177574517446,-0.006613993739877699,0.1641000000000048,317.0,0.022706635000000003,-0.0022105922333928163,-0.0019891215290481767,-0.09999999999999964,0.6000000000000014,-0.059937557438073163,0.011122916418747408,0.01863298766243915,0.0410489438853352,0.010331003910208025,-0.014884202360144982,0.0021459235702767643,0.0007867821019562626,0.011965575955239949,0.001271686973087327,-8.648648654130398e-05,0.0005628253982816744,-0.001122208624110499,0.0023605427783071065,0.0024801297500669506,0.0013908079125783956,0.002839140470934254,0.00013016596178516693,0.002244972207238405,40.6,0.0,41.2,6.297109319933935,4.418840607796598,4.543294782270004,5.579729825986222,4.61512051684126,6.324358962381311,4.204692619390966,4.718498871295094,5.583496308781699,4.727387818712341,0.023192014717862364,-0.04489890770524596,-0.054663669623279176,0.004480949541935786,0.011707395641600726,-0.010000000000000009,-0.001949979208091257,0.0021681796203782966,0.002200606054486798,0.016690591529963328,0.027028035648293702,0.024755776539981955,0.000534007876827225,-0.00021065661777441846,0.00498708059569708,0.000640281999999992,0.043169159346688524,-0.07366692200000013,-0.046915807512690755,0.0,0.0,-0.01999999999999999,-0.010000000000000009,-0.03,-0.22999999999999998,-0.10999999999999988,0.14999999999999947,0.05999999999999961,0.06,-0.06,-0.01,0.04,0.99,2.35,4.49,5.53,0.004957169731706124,0.007841755994271615,0.008095792389459788,0.04229355116084843,0.1037381575502625,0.05142932794408406,0.001861852391138008,-0.004560214539621299,0.012753353260467115,-0.004083673948779953,0.004552557300450566,-0.0011325982131067391,0.00011027881028713438,0.0024827944432619375,0.0027625352189186714,0.0022852110830449135,0.0021910904836568434,-0.0004959408103024643,0.004818625299361834,0.001724051181330566,0.001958611669592436,0.007724619064817251,-0.0026776634327259075,-0.5,0.006992405047641981,-0.023235286104318575,0.0013917602978974486,20.3284
2010-11-01,0.0012964135948330124,0.0018548498252908274,0.0025318821450852624,0.0028502108422951977,0.00980679162142728,0.0007049099480704868,-7.68483056363678e-05,-0.003729907330273896,-0.005323116633768166,-0.015338721832835134,-0.0026996843102589096,4.738299222228903e-05,0.00157463621188203,0.0037203956993376863,0.00012562789426873167,0.0011778072916266424,-0.0022958596024640343,0.0029392821799820723,0.19230000000000302,-24.0,-0.009940621999999982,0.0031843021447937048,-0.0005392521781661941,0.40000000000000036,-0.10000000000000142,0.0923954756405374,-0.007200751185582277,0.009590460011871471,-0.00714739220965388,0.01577344899314248,-0.04708503859732005,0.0010253507367998793,0.0015156195890124735,0.01051718721386763,-0.00036317414599373876,0.0019872992240550502,0.002248139207368993,0.0015707396924060646,0.0009479723405867446,-8.12182741558587e-05,0.001000185302864054,-0.001086230920472886,-0.00039054872591748335,-0.0004485914304552807,40.6,0.0,41.3,6.300785794663244,4.290459441148391,4.6913478822291435,5.583496308781699,4.574710978503383,6.327936783729195,4.1588830833596715,4.553876891600541,5.634789603169249,4.795790545596741,0.017235283085810238,0.02119648474617364,-0.043865876288821326,0.009099853314076256,0.007732027042916201,0.0,0.018595497208892198,-0.0033489698200028784,-0.0001748710330602421,0.005539552281814686,0.006797393923266171,0.005027017153155233,0.0027904513440466516,0.0031427075285019868,-0.00556100437744611,-2.5120000000100617e-06,0.023042863564302074,-0.033427768999999996,-0.044034758990234124,0.0,0.0,0.010000000000000009,0.0,0.01999999999999999,0.17000000000000015,0.21999999999999975,0.1900000000000004,0.20000000000000018,0.06,-0.05,-0.01,0.06,1.16,2.57,4.68,5.73,-0.003898602512244942,-0.00583329068179772,-0.0033386597726527967,-0.022309059537669818,-0.05690297544241307,-0.05575287094456183,-0.0009451618425613262,0.003385460325328715,-0.008293300864491648,-7.652595972373888e-05,-0.0034192097775944674,-0.0010269975466385972,0.0005483790502180952,-0.0011851985140980403,-0.0017223878111112256,-0.0010024604686327265,-0.0011954147314066077,0.0011920718863906998,-0.0029585867979902147,-0.0009631399297287402,-0.0009883139112374373,-0.004302119517569203,0.0016001417651847483,3.8999999999999915,-0.0001792369166118135,0.02902595095221905,-0.006206945028940147,19.8765
2010-12-01,0.006134513659825203,0.007298412469923576,0.001321463539081691,0.0017767253711511444,0.005672463898635627,0.009910947752361565,0.007015531907778261,0.009528257620326386,0.01124739878324732,-0.0036496167688522263,0.015028473390930941,0.008386299743675885,0.013131732858175482,0.009166158839155614,0.010789071661404748,0.00507770852890399,0.09428046935098244,0.01609324045737992,0.46479999999999677,-153.0,0.00021383499999999556,-0.0030866729080134547,0.0018466297079644534,-0.5,0.8000000000000043,-0.07818431650497804,-0.04684986168582661,-0.01704883277481173,-0.1114738664631183,0.01615088027609346,-0.014176256309001545,0.0006269353009340506,-0.00179654214051439,-0.0027646434487911264,-0.007108386807553657,0.0008628128231560339,0.0016827938342149906,-0.00044853106829556566,0.0010090014397903246,0.0012987014812360087,0.0012580712469496547,-0.00011076497069062441,0.0005206977467295815,-0.0009426975312631924,40.6,0.0,41.3,6.289715570908998,4.060443010546419,4.219507705176107,5.60947179518496,4.941642422609304,6.448889394146858,4.727387818712341,4.584967478670572,5.54907608489522,5.099866427824199,0.03859429206024956,-0.0191991644230729,-0.06116358542498368,0.0013578639282858518,0.010986996002447569,0.0,-0.022073993638989542,0.0014690317956791432,-0.0001998900611308585,0.01621088323872044,0.03829237763242954,0.040124361581661994,0.002759023103624081,-0.0020868486295153588,0.06987355068013201,0.008804220000000001,0.034948361274036444,-0.05482756200000005,-0.015119578028976566,-0.010000000000000009,0.020000000000000018,0.0,0.010000000000000009,0.03999999999999998,0.5799999999999998,0.5300000000000002,0.14999999999999947,0.17999999999999972,0.09,-0.04,0.01,0.11,1.75,3.11,4.84,5.92,0.004338068495716385,0.005102659747616478,0.0020423076738520507,0.03349129968436415,0.029620541501564013,-0.013742227333357171,0.0014778945796152243,0.0007207435426082043,0.00850176228917121,0.0009382813865412842,0.0038721739068217076,0.0020253446124813834,-4.730248264550596e-05,0.001823474247477641,0.0021796107434388645,0.0015086574010698683,0.00027000530482634844,-0.0024975680335463935,0.003914749856772204,-0.0005438863815969697,-0.001957186438569014,-0.002988444479676833,-0.0005366026813371505,2.9000000000000057,0.14363393834218918,0.2580501524321068,-0.017945451893510267,17.4159
2011-01-01,0.012997694785513048,0.01588339327765631,0.0011230297509614573,0.012182221489698719,0.0072930766724397245,-0.0021681413773624314,0.000207263824388626,0.0022598879674369243,0.00033522283544851206,0.010334478496342392,-0.0021770945119046203,0.007532973417365696,-0.004808705807242575,0.00921528401774907,-0.007255390034957898,0.00044525374948278795,-0.014599023659552124,-0.0015887738948610064,0.12089999999999179,46.0,0.008377848999999993,-0.0025218886466689128,-0.000366180703496255,-0.20000000000000107,2.5,-0.002602715728415639,-0.04386385200233889,-0.01841629194340655,0.04518980024425456,-0.040310122645509594,0.015465747138874164,2.2929206076938158e-05,-0.0006183075433767726,0.0017469796261382342,-0.0073435248315938395,0.0022398355332420294,0.0043341556836988815,-0.001122208624110499,0.00012384229584050388,0.000770306741786797,0.0011456871679680347,0.0032348171645431023,-0.0005206977467295815,-0.0003593567552826471,40.2,0.0,41.0,6.4457198193855785,4.532599493153256,4.74493212836325,5.713732805509369,4.77912349311153,6.3561076606958915,4.343805421853684,4.61512051684126,5.662960480135946,4.700480365792417,0.020490524915851793,0.05130466665297284,0.09749881894169121,0.009483335965821738,0.008261587363632472,-0.020000000000000018,0.000683937590308048,-0.0012912167475906955,-0.0006999300355747806,-0.006801730090741032,-0.00771104346744611,0.0032331033917099017,-0.001395650033021667,0.00025224744269713995,-0.06529934132322257,-0.001140538999999996,0.03256037094561748,-0.040459735,-0.004360097819373188,-0.009999999999999981,-0.010000000000000009,0.009999999999999981,-0.010000000000000009,-0.019999999999999962,0.06000000000000005,0.10000000000000009,0.020000000000000462,-0.009999999999999787,0.09,-0.02,0.01,0.1,1.82,3.22,4.87,5.92,-0.001153784445985906,-0.0026660095560355757,0.0035408650472703584,-0.01286453901836726,-0.052344964966369645,0.02920360656639076,-0.0007707365580431613,0.0033495967111090152,-0.009555020446584628,-0.0010739517978866076,-0.0026003704439991893,0.000387024497884525,0.0003899635839212934,-0.001597632292364537,-0.0012130988177894153,-0.000740609670572212,0.0007380099984359845,0.004782419191133869,-0.0024488522349699338,0.0011863227368271723,0.002923740272827491,0.0034084280266424294,0.004239238792927313,-0.29999999999999716,-0.141201413786451,-0.2595622935583002,0.011856734179986894,17.4319
2011-02-01,0.002927836200749212,0.004550459062528489,-0.00027774563307847444,-0.014426347817144247,0.008505014727600013,-0.0041246154098306675,-0.00144761949695571,-0.0012648670840844645,-0.00215566658226507,0.024207208195452523,-0.008811369865942886,0.001706220017037019,-0.007099648015667093,0.00754362093173544,-0.008764494271185086,0.0015421530039292364,-0.04016228179245385,-0.0039134125887612115,0.18650000000000944,122.0,0.011921212999999986,-0.0003197629865709928,0.0010335769858276223,-0.09999999999999964,0.19999999999999574,-0.08423988773800328,0.02763954192914042,-0.026317308317374,0.029322402865587627,-0.046913383913656403,-0.06110798604078305,0.001641892286544433,0.0033119118655999813,0.003049889808756312,0.0044125830008763245,0.002835662480144663,0.0037596646667026334,0.001346499305773463,0.0013789204179062153,0.0029136842271579866,0.002379570033484768,0.0018477157017677825,-0.0005209690141274592,-0.0019337581633607215,40.9,0.20000000000000018,41.4,6.248042874508429,3.9512437185814275,4.1588830833596715,5.739792912179234,4.499809670330265,6.295266001439646,4.0943445622221,4.48863636973214,5.69035945432406,4.574710978503383,0.0065575374905986195,-0.03621633259750645,-0.036225715629980115,0.0021980065497579915,0.006697964204423812,0.010000000000000009,0.007595115685768761,0.0046627378986592305,0.003968110623620902,0.0616977387334563,0.09989090011313806,0.10767655320442016,-1.6332916605854564e-05,-0.006656065343488393,-0.003410618762408113,-0.0001778199999999952,0.029575000749873404,-0.03451236899999999,-0.003829510680334103,-0.010000000000000009,-0.010000000000000009,-0.01999999999999999,-0.009999999999999981,0.019999999999999962,0.2699999999999998,0.18999999999999995,0.17999999999999972,0.0600000000000005,0.09,-0.03,0.01,0.13,2.1,3.42,5.06,5.99,0.0031498211497984485,0.004952965301458612,0.0003157053681484001,-0.007577418383053036,-0.002470953865225667,-0.01617768060892466,-2.8475629380686485e-05,-0.004294121661937211,-0.001562262610779186,0.002245676112484496,-0.0006703417156161962,0.0020033636542455824,0.00043736843665431735,0.00012271064905267082,1.588964466403553e-05,-0.00019877758328856743,-0.00021591608102866644,-0.0007018279700288232,-0.0006760857022376499,-3.788040584318253e-06,-0.001953351307276918,-0.003832961724322903,-0.0047794670820868745,3.299999999999997,0.0015062304368811397,-0.002286787279173197,-0.002271139967057856,17.2866
2011-03-01,-0.002296093878547012,-0.002366381478628554,0.003454753717766934,0.01138975555805466,0.009260566523197511,0.010310676459952539,0.0020722445876115714,0.0010676244939666901,0.002556372920856198,0.018024064627687686,-0.001404425772752127,-0.002896083323154386,0.01935891549565838,0.012538867139659793,0.011434626336543019,0.006194946827300818,-0.04005450610929717,0.02498317487807178,0.5120999999999896,35.0,0.003958264000000017,0.0010567860339669721,0.001756065146130581,0.0,1.7000000000000028,0.02638042668010332,-0.04526847011827151,-0.0011015238859322096,-0.10273698988544133,0.03551260896228392,0.011145626214917215,0.0017077600478803134,0.0034685349459468995,0.01981400069039907,0.004758427719441016,0.0018003348340798198,0.0026372421420166603,0.0004484305007874667,0.0014299461352091924,0.0018570857174111666,0.002980299131841946,0.0013766711517710917,0.0006511688710926222,-0.0010358728153967434,40.7,0.0,41.4,6.396929655216146,4.127134385045092,4.394449154672439,5.831882477283517,4.7535901911063645,6.368187186350492,4.07753744390572,4.553876891600541,5.733341276897746,4.787491742782046,0.03756029578859632,0.07999061296691501,0.13204601277235284,0.011857110807749649,0.011340591267124722,-0.020000000000000018,0.0012099078213019254,-0.0006978925059968333,0.0013192121488572184,0.0028908908755616025,-0.0023624421146895003,-0.012366246405377535,0.0025609703575497633,0.0009205707938413354,-0.0009800062084250882,0.00024166500000000202,-0.012667701894043759,0.040270791000000195,-0.04723602300670926,-0.01999999999999999,-0.01999999999999999,-0.03,-0.010000000000000009,-0.02999999999999997,-0.1499999999999999,-0.16999999999999993,-0.08999999999999986,-0.1200000000000001,0.09,-0.04,0.02,0.12,1.97,3.27,4.99,5.89,-0.0032868327654878016,-0.004149657014716368,-0.00020662507531987728,-0.007043909736244913,0.13722650347213516,-0.035522432058514575,0.0019508921342312746,-0.002077854532536172,0.011538130625996956,-0.0017126961758151538,0.0057970831576659165,0.0005031711316583198,-0.0004925307178158533,0.0017932107522193874,0.0029738815280309083,0.002211263080941883,0.001229947646407048,-0.003202404838317463,0.006006619516829126,0.00030591829164094975,-0.0024310792825987804,-0.0004268915643352855,-0.002115283116271627,-10.0,0.005739935638922944,0.006250583724108694,0.0077826303275889686,20.5593
2011-04-01,-0.001611557193609059,-0.0012450222045359283,-0.001188752008233429,-0.003654749792293188,0.004820518505894711,-0.0033183153212039684,-0.0017656242178745174,-0.002137414297860296,-0.0014986768198559375,-0.041271276240309795,0.008319102734085426,-0.006935087326782607,-0.0050084120325957215,-0.006690773910266401,-0.010925694372521555,-0.005510657322047585,0.027300539794658185,-0.023837703878467842,-0.35669999999998936,-2.0,-0.0038851739999999912,0.0010882351140253377,-0.0003796221730603122,0.09999999999999964,-0.3999999999999986,0.09477211145666509,0.002346238716659954,-0.01853964855487611,0.013972764068397758,-0.02992742054147257,0.035329103666866146,0.0024802015133253974,0.0028441588477967628,0.02235279683342828,0.0014595879256091848,0.0024808601628620863,0.0035976239162778256,0.0006722689328828579,0.0024227058925418987,0.00402528418565673,0.002403516527643035,0.004584393666460684,-0.000130199856965163,-0.00036055525899847396,40.9,-0.10000000000000053,41.4,6.317164686747284,4.04305126783455,4.543294782270004,5.634789603169249,4.812184355372417,6.364750756851911,4.060443010546419,4.584967478670572,5.700443573390687,4.836281906951478,-0.0013441334119903559,-0.05813269990398062,-0.11834184715090146,0.003551566594325095,0.009119338790453568,0.010000000000000009,-0.013754567968217835,0.0005563210349883718,0.002385094298370305,-0.03837092624097327,-0.0641867042176214,-0.07226647514408313,0.0009648520832188368,0.0031430355592139136,0.0016322117167062444,0.00034353800000000434,0.020501476777409877,-0.013666742000000065,-0.007228949271493423,-0.04000000000000001,-0.010000000000000009,-0.04000000000000001,-0.04000000000000001,-0.010000000000000009,0.06000000000000005,0.04999999999999982,0.03000000000000025,-0.010000000000000675,0.12,-0.04,0.02,0.15,2.07,3.36,5.06,5.92,0.0015210569482757563,0.001386197118895538,-0.001199312537981001,0.03129705416386308,-0.07231657161368954,0.029070994607077516,-0.00047709533660089676,0.0038627031332252315,-0.002435393755582993,0.0016042319128235505,-0.0012737367892086127,0.0001417107399008799,-0.00023685330201228538,5.3312337456645764e-05,-0.0007386716304038643,-0.0006178482905694338,0.0002216903151062155,0.004308333596126701,-0.0012080238688767508,2.9274558398739714e-05,0.0029159250275099247,0.0059558291682022535,0.001586602162905404,2.299999999999997,-0.02353948836943509,-0.007283629692013349,4.636332620755468e-05,16.2042
2011-05-01,-0.0010408703543092201,-0.0002986947063625678,-0.0011554817332930511,-0.007879598078464056,-0.0008180346845190201,0.0012292630132355598,0.003205104523769542,0.0035132134255704273,0.001426016556006715,0.011847413863777412,-0.0010899876901522276,0.008060549837860975,-0.0009181507983013759,0.007162346294098398,-0.011587904781907632,-0.00015505061700427092,0.018466796478178615,5.494065009603588e-05,0.016899999999992588,-80.0,-0.004055049000000005,-0.00041690824062712295,0.00027219655624399763,-0.09999999999999964,0.8999999999999986,-0.043636620446434016,-0.02852485419148021,0.0233041801995455,-0.018349138668196652,0.03775908073715861,0.004507183528629,0.0007595667796493899,0.00278056012760608,0.014354973898264234,0.005635866203860473,0.0007686723699134035,0.002345313898374002,-0.0017937224540265362,0.0004398620663508268,0.000522098849184971,0.0010440039411552249,-6.8471811864867504e-06,0.002860488233137559,-0.0024823427997482383,41.0,0.10000000000000053,41.5,6.329720905522696,4.060443010546419,4.653960350157523,5.579729825986222,4.890349128221754,6.42648845745769,4.394449154672439,4.59511985013459,5.713732805509369,4.90527477843843,-0.015491953297031458,0.03156404545753411,0.09358034278074889,0.009719139869400095,0.011959506242652296,0.020000000000000018,0.02297507567131607,0.0009289183090928077,0.004777887265678515,-0.013535317677403569,-0.02321599895955817,-0.02442985663318087,0.004838674515804442,0.0016687574965974505,-0.0019800140542978184,0.00015596300000000896,0.005093987388108623,0.013608773999999935,-0.018622461968918813,-0.010000000000000009,-0.04000000000000001,-0.019999999999999997,-0.03,-0.06,-0.32999999999999985,-0.29000000000000004,-0.20000000000000018,-0.23999999999999932,0.09,-0.05,0.0,0.1,1.75,3.08,4.87,5.69,-0.003728326801410553,-0.00401362187469978,-0.004121251047267016,-0.07726298725491887,-0.1491590604279125,-0.04541073079411451,-0.0015064522579359974,0.006710746649678967,-0.009421689387971277,-0.0009927426866767064,-0.003918254726547943,0.0005312875094896086,0.00016437781864642176,-0.001754475409686762,-0.0021968119525590524,-0.001552106375952711,-0.001202004172034421,-0.0013815735325870548,-0.005344684122714938,0.0002573528922216184,-0.0009732324152924576,-0.00552677020832304,-2.7965140336760896e-07,4.5,0.02154020177976257,0.00840874496008226,-0.007691562077987157,16.9607
2011-06-01,0.004473709697702333,0.005940038570606987,0.0023211646264567065,0.010054163057127141,0.008171269026551187,0.002949609638396744,-0.00010907257452963393,7.14471987350862e-06,-0.0004138604965637782,-0.004315867216623026,0.0004897258886185085,0.001023259826344436,0.006254360998163122,0.002145099042576426,-0.0011068887229903623,0.0012345001921199028,-0.006894039779754557,0.0136479539964931,0.10000000000000853,276.0,0.018009530999999995,-0.0008669437518467049,-0.001720381201931076,0.09999999999999964,0.29999999999999716,0.09469666194193671,0.02852485419148021,-0.007585062057058778,-0.09234188001657095,0.01899606380252905,-0.010110106930294904,0.0017599761787678858,0.002052648358782605,0.01590679994505706,0.0021731265343145623,0.001194539391191185,0.0024772927615561713,-0.0008980692116846711,0.0017136157522354978,0.002285990287445472,0.0014634327420619542,0.002291186776435694,-0.0015592518751645912,0.0015803854913745141,40.9,-0.20000000000000018,41.4,6.410174881966167,4.23410650459726,4.820281565605037,5.652489180268651,4.867534450455582,6.455198563340122,4.23410650459726,4.624972813284271,5.7899601708972535,4.927253685157205,0.012546605919029119,-0.027358348152974443,-0.040319139387253955,0.0021575911446465312,0.004161006061035977,0.0,-0.012073395631347239,0.0001221804935518378,0.008116927681577124,0.0032916266102382963,0.007048734949680835,0.006691116335797442,-0.007510867794100484,0.0016657669432529332,-0.00020430089775924642,-0.00019090600000001845,-0.03886839050217805,0.09474758100000003,-0.05473593192418269,0.0,-0.009999999999999981,0.0,0.010000000000000009,-0.010000000000000009,-0.26,-0.16999999999999993,0.03000000000000025,-0.03000000000000025,0.08,-0.05,0.01,0.09,1.49,2.91,4.9,5.66,-0.0088976636604583,-0.012729782374298004,-0.007961221334919166,0.03081203217865003,0.031443372388113566,0.01970050933923151,-0.0031766637911196938,-0.004551665115692494,-0.014077496142924417,-0.0008199014250580561,-0.0077682482053687,-0.0005457950989438132,0.00010709864416913462,-0.003470419483827314,-0.005113859945057975,-0.003334709457798901,-0.0032360463050276067,0.00022830785324767788,-0.009428727935757664,-0.0016699155625907736,-0.0004855542989319339,0.0021219711324107493,-0.0015863225115020363,-2.799999999999997,-0.002123750226715515,0.0012382059803979217,-0.00033080704952492823,19.4515
2011-07-01,0.0043008712677909955,0.005972439713946898,0.0017402232107350812,0.00452701733487082,-0.0007963665221097926,0.004736276197775169,0.00735727893603233,0.008430823327426396,0.00643479291066118,0.014682949590446803,0.004475455014906871,0.013093013203054227,0.0019118468874790295,0.002759676766844521,0.003138815272248685,0.0057357334277039485,0.005480917114366157,0.007944890527929793,0.41100000000000136,168.0,0.015784642000000015,-0.00037830117137538366,0.0010039153538681234,-0.09999999999999964,0.8000000000000043,-0.1082817765322428,-0.018925877505218125,0.004166672694845275,0.05763338861584444,-0.012193316479777394,-0.013600739229781666,0.0004243581646541372,0.002767172057399847,0.014063045667349172,0.0034311546077283595,0.0016188816214004476,0.001922549342520341,0.0011224605511195307,5.268010010439639e-05,0.0019209995101832078,0.0014977992461666645,0.0026130606422789526,0.000390040959244331,-0.005202101614580457,40.9,0.09999999999999964,41.5,6.434546518787453,4.477336814478207,4.5217885770490405,5.726847747587197,4.912654885736052,6.431331081933479,4.0943445622221,4.61512051684126,5.796057750765372,4.875197323201151,0.004279456631770984,0.023915637779239773,0.011477908716612362,0.0038911090915938473,0.004773528216723832,0.0,0.005302224766958297,0.009402803308072194,0.014881009887069752,-0.01756483590062885,-0.02837650648983292,-0.0303483557829336,0.0046988817981370445,0.0004930147994564038,0.010062899017500904,0.000974918000000019,0.029016611928066816,-0.032947038999999956,0.012799120306393963,-0.01999999999999999,0.0,0.0,-0.020000000000000004,0.010000000000000009,-0.040000000000000036,0.0,-0.0600000000000005,0.009999999999999787,0.1,-0.03,0.01,0.12,1.47,2.93,4.86,5.69,0.007846156129087234,0.010282262296859912,0.003451552814802028,-7.607018918776021e-06,0.0603214004712207,0.031066313889829722,0.002616610518663798,0.002208727893685314,0.010515188402450804,0.0010661036872505747,0.004828729635423912,-0.0007877918566645548,0.0009529254506617235,0.002755612314029321,0.0035529900082442722,0.0027252989059123323,0.0019054690446571598,-0.001667113227546757,0.00629833572960159,0.0009558380672043398,0.0014521981161701447,0.00042184101319353573,0.002643684713770522,-7.799999999999997,0.0060865139336439,-0.0006499743282546433,0.003714165684944426,19.1724
2011-08-01,-0.000518481131013715,-0.00013495845830391318,-0.0006104619543529921,0.007394187486859494,0.0022282300277183253,0.006346240467559383,0.0062382077952047865,0.007868416428665093,0.005761508164194851,0.011287572861658823,0.0044354546625715585,0.011917094560031316,0.006466530181818975,0.004353972260357608,-0.006891780599288744,0.004381058854317388,0.01331260143344526,0.008394885215383674,0.296299999999988,-294.0,-0.02232438200000003,0.0030744402945845906,0.002991421580510689,0.0,-0.20000000000000284,0.006815626535059849,0.019595221573045052,0.008524162671378122,0.10389627566482762,-0.024014876203873214,-0.007541697344027654,0.0009919922059893338,0.0014359090112829875,0.005570306180243456,0.0009009821314052147,0.0015312635914206396,0.00191886023789678,0.0008970621817088187,0.0009214528012542189,0.0006794700395325037,0.0017142340297073844,6.8134743294479e-05,0.0005198180753822612,-0.0014523671594872667,40.8,0.0,41.4,6.371611847231857,4.02535169073515,4.465908118654584,5.703782474656201,4.955827057601261,6.472346294500901,4.143134726391533,4.709530201312334,5.802118375377063,4.955827057601261,-0.012929246798119465,0.048439979765392494,0.1371877698141475,0.013784583608993373,0.004881217172970409,0.0,0.04163122840955502,0.0022639700102722315,0.016611200526400083,-0.023757945475096243,-0.036161385297922344,-0.03663711895839439,0.006442821057559556,7.63154072984662e-05,-0.017293542838415554,-0.000863709000000018,-0.1115515016339188,0.24286946900000017,-0.12871071413498703,0.03,0.03999999999999998,-0.02,-0.020000000000000004,-0.08,-0.52,-0.7000000000000002,-0.5599999999999996,-0.39999999999999947,0.11,-0.08,-0.04,0.01,0.92,2.2,4.27,5.26,-0.006797120813105906,-0.0073453899580764315,-0.011854094389093461,-0.01779811153661992,-0.1277940175311345,-0.05307286096219954,0.0005328867702472095,0.0013059324367938885,0.0013224271215186434,-0.0006927506287137675,0.001181561684655108,-0.0015935634011805533,0.00018100254531194793,0.0004955452089276946,0.0010834251170113163,0.0006187602609166731,0.0006518610530248381,-0.0007064332594071132,0.0017957558376888727,0.0004624097261896054,-3.744896700741407e-06,0.005896854248221395,-0.0031720863112694175,-7.900000000000006,0.0006288515415562301,0.0014055144549054432,0.007451815098652226,36.0196
2011-09-01,-0.0013157298682564544,-0.0012323380528798111,0.001646242507532314,-0.00651818001164628,0.01005119592021586,-0.0007679288076110069,-0.0008703596393848656,-0.002370638980722539,-0.005855808605470081,0.0011580600921057282,-0.007549998996178253,0.005184872684261599,-0.0006513226060809174,0.006638406206533887,0.006363020151791687,0.002567791270100095,-0.02827173853523668,0.005402946179744461,0.1490000000000009,445.0,0.029658783000000022,0.002409944945185316,0.001720660843982813,0.0,-0.10000000000000142,0.03849476030833188,-0.03680142719940882,0.008331872144548669,-0.08887345933513124,0.041456713678345025,0.019946264182378215,0.0016863984274149146,0.002590460841775055,0.01235557253351427,0.005747142255568605,0.0004249352037763998,0.0013683636508403652,-0.0011214535211436782,0.0015426285588020505,0.0007987858879872078,0.0008378108130546735,0.000626621915490233,-0.0002598752613369726,-0.0015454548530566825,40.9,0.0,41.4,6.476972362889683,4.07753744390572,4.59511985013459,5.793013608384144,5.099866427824199,6.413458957167357,4.219507705176107,4.6913478822291435,5.707110264748875,4.882801922586371,0.007330116770237538,-0.056805868692404005,-0.1208756922390215,0.0025070517152450122,-0.0034601638566531534,-0.010000000000000009,-0.055926573250437706,-0.0176448962808049,-4.747661777493306e-05,0.0025913883940003046,0.0038831165816954893,0.003736801736288431,-0.010053267971337654,0.00033655483963634936,0.009033526283316107,0.0006462980000000174,-0.009689842219560596,0.0443070729999997,-0.024643993246400875,-0.020000000000000004,0.010000000000000009,-0.01,-0.019999999999999997,-0.009999999999999995,-0.12,-0.31999999999999984,-0.28000000000000025,-0.09000000000000075,0.14,-0.07,-0.04,0.02,0.82,1.9,4.01,5.19,0.011469545220750277,0.013663437411953971,0.012360988006494544,0.017832121818229574,0.11011559977491014,-0.015418311456041778,-0.000980303833027385,-0.01064729251539731,-0.0008841889397794844,-8.650836086321334e-05,-0.0008210732189466441,-0.0016599173252238586,-0.0011112024302537549,-0.0010651852665750638,-0.001150076921531351,-0.0010467194276060354,-0.000947998836605457,-0.0032425002006268855,0.00018992654122751418,-0.0009687819796333486,-0.0014505597300265016,-0.007171690086870797,0.0015860431556347088,3.700000000000003,0.0001536725514252879,-0.000255770861325999,-0.003172113080379013,37.1545
2011-10-01,0.0003446538821432199,0.0001857919810763775,0.0018042974744743034,0.012545476824289636,0.005881007920242709,0.0069706936479114745,0.0038605681815226944,0.006236238945127148,0.0026250494746493658,0.018641810450372276,-0.0012857377835997497,0.012719857173722815,0.010361954460427647,0.005123582711983765,0.003387782673533124,0.005355373492701432,-0.02949468374748143,-0.015884794787175416,0.34320000000001016,-155.0,-0.004356036000000008,-0.0011035665791592209,0.0013188334870619656,-0.1999999999999993,-1.6999999999999957,-0.031725272253085635,0.12051754023925376,-0.06380125891130284,-0.024146042305218884,-0.07679608012365513,-0.03743654868997304,0.0015930362783542762,0.0011002916882727476,0.008714368732397837,0.000716075934644067,0.0009342223279151796,0.0023219296097458653,-0.0013474064468343983,0.0016714143966094497,0.0013564733777524651,0.0027271256652383613,0.0008031363585434548,0.0016879832612772816,0.0006821127569462959,41.0,0.0,41.5,6.413458957167357,4.1588830833596715,4.6443908991413725,5.749392985908253,4.852030263919617,6.508769136971682,4.219507705176107,4.68213122712422,5.886104031450156,4.90527477843843,0.007571951801960353,0.029173959865886445,0.043658887142877134,0.005202026918302849,0.009173116280232207,0.0,0.0018292488300435394,0.0013118886004690467,0.002749924687673655,0.007591672891268608,0.011154679809339818,0.01120524562387104,0.0029932434245685258,0.0037515265327634495,-0.0004817685609630473,0.0005424309999999821,0.028005694066489895,-0.024724914000000098,0.01751854701059896,-0.009999999999999995,0.01999999999999999,0.01,0.010000000000000002,0.009999999999999995,0.16000000000000003,0.16999999999999993,-0.10999999999999988,0.10000000000000053,0.17,-0.05,-0.02,0.04,0.99,2.08,3.91,5.3,-0.010933374875056856,-0.014127115385213607,-0.014370391629659807,-0.031027359850606118,0.01767637459195104,-0.028298229014500187,-0.0014942137789084597,0.006787167145998474,-0.007332825203156368,0.002600329866965012,-0.003389640562763141,-0.0003807294742879108,-0.00013718789132699527,-0.0011567896225939123,-0.0024966543760731597,-0.0017826054644034528,-0.0013832229443062616,0.004700103793174648,-0.004793954568598657,-0.001157721752282903,0.0014458989226162622,-0.0029432098394628348,0.004223871116185052,1.2999999999999972,-0.005174944418401495,-0.0022166045439870885,-0.002865485897192599,32.7655
2011-11-01,-0.0010536217206809084,-0.0010476424780243576,-0.0016892769431828825,-0.00362452333116714,0.003638336832652911,-0.00011809774849425025,-0.0040658274948688344,-0.003010413487666952,-0.009485633916097136,-0.015997006564701266,-0.007908629014752755,0.009174254967587281,0.004175569428409354,0.004635910671826338,-0.006563232540666597,-0.002044166839664463,-0.030231519322323486,0.018239097772218216,-0.2143000000000086,-54.0,0.0017844200000000088,0.0010841024272600919,0.0032575403814316672,-0.20000000000000107,1.5,-0.042885591538088796,-0.10947151836434799,-0.012380864880498166,0.0226538759005237,-0.024273036356206035,-0.03322480807142192,0.0010857355038922378,5.498281788263171e-05,0.004780062069767332,0.0008943744447353907,-0.0008492569512554837,0.0001364163428902998,-0.0024749703262507694,0.0012495468742219629,0.0011555397456586292,0.0013063833189370655,0.0011151532791320307,0.0016851387745582258,-0.0012281381606928932,41.0,0.0,41.5,6.566672429803241,4.59511985013459,4.532599493153256,5.8522024797744745,5.14166355650266,6.559615237493242,4.406719247264253,4.634728988229636,5.877735781779639,5.099866427824199,0.014929689042837424,0.022199677883349977,0.04258969656291889,0.010473777956544694,0.0046142505749156015,0.010000000000000009,0.020822963522659776,0.0019528589963968557,0.003521172004345985,-0.0123969332267988,-0.02598014390912695,-0.025441303364179824,0.0017624378096323667,-0.0006266339857354808,0.0036862677780771236,0.0009782220000000008,0.01577916073816077,0.0007802680000001949,0.005861193984406654,0.009999999999999995,-0.03,-0.01,0.0,0.0,-0.15000000000000002,-0.14000000000000012,-0.10999999999999988,-0.23000000000000043,0.13,-0.07,-0.03,0.03,0.83,1.93,3.79,5.06,0.004672225624916315,0.006801075293140002,0.01041835203088759,0.055682276155309296,0.10846886588075666,0.059659418002603104,0.001171165203519564,0.0036432500914660437,0.005767155473427543,-0.00047224031823400736,0.0032105075405119976,0.0005739481148978598,-0.00033071615024127254,0.0013643714704061338,0.0018567286588568876,0.0012918165223547717,0.0020230025159522214,-0.0013218170633297888,0.003943643408565123,0.0018916299916886814,-0.002410452527386031,0.00168066998514238,-0.0047508803510440956,2.9000000000000057,0.0035352315794447975,0.005264420266785308,0.003068549768029172,31.9011
2011-12-01,0.009001232618862431,0.010084316966599616,0.00044845370467161416,0.008725641116141603,0.0006029760627459524,0.005244496633573625,0.003907924926498829,0.0030804316924291086,-0.0010379625335019682,0.00570168841433194,-0.002709907502274511,0.015798420550791725,0.006701056279449169,0.011126990584136465,0.002113101059729061,0.00663778405854476,-0.016741338875031708,-0.011889612604329969,0.4206000000000074,203.0,0.019782556000000007,-0.0008632916611883701,0.0005395275005941613,-0.09999999999999964,0.19999999999999574,0.04662671075369218,-0.013826697980144687,-0.02111415398415417,-0.025202946870393816,-0.01985176855273174,-0.03197662326609674,0.0015135374101262755,0.0030742228866902366,0.0069355531027950335,0.003213140929384295,0.0027150873627910244,0.005034366711555549,-0.0011270146577793128,0.0012654307861748038,0.0004777640732669397,0.003601846444590606,-0.0005166237394753637,0.0010355987980563697,-0.0007740467091075232,41.1,-0.09999999999999964,41.6,6.542471960506805,4.110873864173311,5.176149732573829,5.786897381366708,4.867534450455582,6.546785410760524,4.330733340286331,4.709530201312334,5.8805329864007,5.0238805208462765,-0.010517469439843552,0.037804422577554675,0.09639784358743952,0.014468383846496735,0.005930755046195557,0.0,-0.032322633704599646,-0.00045240169677107644,0.004706998570576104,0.017794442208755257,0.032731459788303496,0.03250269669062167,-0.0013081133172905268,-0.00500627015044941,-0.001976198082648928,-0.0005171669999999851,0.01368586473400768,0.004681366999999881,0.007292544680328028,-0.009999999999999995,-0.03,0.0,0.0,0.009999999999999995,-0.020000000000000018,-0.029999999999999805,0.06000000000000005,0.11000000000000032,0.11,-0.06,-0.02,0.05,0.82,1.91,3.86,5.18,-0.0036327261714399484,-0.0053422858294807085,-0.004486420958365933,-0.052842677932524396,-0.10387680813530054,-0.009472104109184976,-0.0016084646385259305,-0.007117289850869568,-0.008537599755763736,-0.0005180249048830632,-0.005592033894402881,0.0001855636771388447,0.0012099974172432582,-0.002019047575648081,-0.0025178874677962426,-0.0016908886442053017,-0.00146718235737886,0.00016773750361664952,-0.0063806623587119304,-7.19584582400401e-05,0.0024076668141943536,0.0029472808479420465,0.0015807501121307688,6.200000000000003,0.0030821649547085883,0.0016577776996893334,-0.002419404484101051,24.6171
2012-01-01,0.0026709320872644327,0.006855225371692697,0.003855293749750466,0.005895839180031004,0.010061344451688825,0.0059977250434117835,0.0045045894635276085,0.0036531426019443813,-0.0010886425117568876,0.02499512698995421,-0.007655702583611479,0.015050515824613697,0.007626032182619369,0.01130937444145097,0.009901915819587437,0.008437888619447165,-0.04520513801313086,-0.016634596682862046,0.5516999999999967,141.0,0.01767485099999999,0.002503438669643643,0.004828567256941696,-0.1999999999999993,-0.19999999999999574,-0.07923397329868465,0.012108779674120385,-0.014955546476654646,-0.0010214505484649194,-0.019888560096781305,0.001987413704839014,0.0025625143181162713,0.0032833563479339745,0.010187277711658282,0.0026697532988304573,0.0030456876335573924,0.004063394457256564,0.0013522652500146393,0.0024477683968218145,0.0036949524546852075,0.002706410427942174,0.004030731259270226,0.0007759959002946459,-0.000364464696517075,41.2,0.09999999999999964,41.8,6.583409222158765,4.30406509320417,4.6913478822291435,6.008813185442595,4.890349128221754,6.568077911411976,4.343805421853684,4.6913478822291435,5.978885764901122,4.875197323201151,0.006201008354516091,0.009360304014940368,0.01226517723213938,0.012528856346229134,0.004516413550113896,-0.020000000000000018,0.024029825402868354,0.002594482570431822,0.004801789398451106,0.002624847114650386,0.008792914277616859,0.00897818857657029,0.0049747077718445,0.007653728791641612,0.0011309553118117321,0.0001382259999999913,0.04502509774708674,-0.07001057600000005,0.033377926764000865,0.009999999999999995,0.08000000000000002,0.019999999999999997,0.020000000000000004,0.0,-0.050000000000000044,-0.010000000000000009,-0.08000000000000007,-0.019999999999999574,0.18,-0.05,-0.01,0.04,0.76,1.89,3.77,5.15,0.004663352090235939,0.005821481468499812,0.004488907269358577,0.033127798709032596,0.0029069860660957403,0.06506843072877988,0.0024828119152928707,0.0034422687114581407,0.013825616778268213,-0.0007842071186292543,0.007099986132241831,2.641734387864858e-05,-0.0005891801340167646,0.002754913049143326,0.003911868086557746,0.0027296623867165692,0.002836669336151232,0.0019890802185758005,0.008319490049721878,0.001122651082398285,-0.002406971392054036,-0.005052812000285289,0.0005247914157782141,5.099999999999994,-0.004662979738910167,-0.008711719347076041,0.01063299806526441,20.3742
2012-02-01,0.005038512940457096,0.006337918110935092,0.006039830886842346,0.0035952408693713522,0.012141863658030161,0.003164701646636736,0.00261766686128162,0.0017265744341221634,-0.0012195531100394064,-0.006457851524589664,9.912577940873746e-05,0.007259235074505099,0.0037622695012808904,0.010027398081006389,-0.002673174561161673,0.004107031398640437,-0.0013354532298119892,0.01081605258474383,0.2266999999999939,-293.0,-0.02324884100000002,0.0018767073833263481,0.0019333767426825688,0.0,-0.5,0.053513947364305814,-0.0208485661215434,-0.019014561741061087,0.04691479067630411,-0.04367180252498848,-0.039141298702457306,0.002084240007176774,0.0016921863259025116,0.008201421278471344,0.0005330964142231664,0.001856697301045429,0.0029693637690275665,0.0,0.0021466602485702424,0.0012682309879945564,0.00221380387567649,-0.00042673242154300794,0.0011628659492473048,4.556535211364121e-05,41.2,0.10000000000000053,41.8,6.556778356158042,4.1588830833596715,4.574710978503383,6.0112671744041615,4.90527477843843,6.6039438246004725,4.564348191467836,4.8283137373023015,5.924255797414532,4.962844630259907,0.023247304623776444,0.004288392818310172,-0.00599008145247204,0.014203269213892256,0.007970614727764058,0.0,-0.014127343853052032,-0.0022370110448814984,0.0031496089028966168,0.01203337631393886,0.01208375835672637,0.012238811530794758,0.0038238223562121476,0.0032037576280909974,-0.004333992051545721,-0.0006418420000000036,0.03913701917921397,-0.056227615999999925,0.02835329453055424,0.020000000000000004,-0.05000000000000002,0.06,0.04999999999999999,0.04000000000000001,-0.010000000000000009,0.0,0.0,-0.09000000000000075,0.11,-0.01,0.02,0.06,0.73,1.87,3.75,5.04,-0.0010440283694608254,-0.000497270529392857,0.002488425238307279,-0.013417087827533258,0.0030531294246332052,-0.009889337004791443,-0.0005853271203939414,-0.006854596314405548,0.003165568157005083,-0.0016404818000648191,0.000638304923347377,0.0008143943162499667,-0.001425745278427648,-0.00018742351106570965,-0.0009763411174112946,-0.0005221032583575536,-0.0011798520416634872,-0.002326440609571101,-1.9158336961311306e-05,-0.001402391868182029,0.002884385800639322,0.00589598237064326,-0.002104432909956433,0.29999999999999716,0.0009353550755655249,0.0008871042134579454,0.0024418528738658907,18.3541
2012-03-01,0.0029857265333284033,0.0028204808563767614,-0.0013099070700075544,-0.0009264602164442692,0.0031651081645343027,-0.005219322575056751,-0.0075596551453385175,-0.007943577047704764,-0.01605283406864544,-0.011661582279812066,-0.017188803990471513,0.008759451165199827,-0.0026697003983482404,-0.01095580304120336,-0.00420411685609956,-0.005336241686936916,-0.05363095264663986,-0.01811691767481438,-0.48219999999999175,363.0,0.030773329999999988,0.0005041691012355187,0.0012539893292924376,-0.10000000000000142,-0.4000000000000057,0.03686013371542707,-0.021292500651451718,-0.016172859245601856,-0.05563950601500611,-0.0011452568535617047,0.009180032955212525,0.0016762330595643249,0.0020159649402575752,0.004013047773446132,-0.000710858391405722,0.0031989251961341836,0.0034979182712362444,0.00269905696916517,0.001622144795954128,0.0010688202430717553,0.0011499623935904424,0.0010834090522227058,0.0029656394632340266,-0.00018227386698832504,41.1,0.0,41.6,6.543911845564792,4.454347296253507,4.718498871295094,5.857933154483459,4.990432586778736,6.692083742506628,4.3694478524670215,4.882801922586371,6.0014148779611505,5.25227342804663,-0.012388066347327253,-0.022777286644714678,-0.07607271447119857,0.006819595148536806,0.003939640125810939,0.010000000000000009,0.006930885834735889,-0.0008095408635071522,0.0023963809846332396,-0.034749207151266504,-0.057649121487481025,-0.057787030775831694,-0.012722267176244806,-0.006587709322010582,0.0044192114378924785,0.0003175380000000061,0.026809497027675988,-0.030819557999999914,0.013682229537122392,0.03,-0.009999999999999981,-0.009999999999999995,0.020000000000000018,0.03,0.19000000000000006,0.19999999999999996,0.14000000000000012,0.09000000000000075,0.07,-0.05,0.01,0.06,0.89,2.04,3.86,5.1,-0.0015510513030543294,-0.0029001864025035573,0.007885259267956357,0.012187564105588855,0.01795566315774444,-0.032992526260247956,-4.3882905469416755e-05,0.008764260518153044,-0.007090991737394248,0.002123844866146918,-0.002581094300849074,-0.0008497693510989279,0.001611194611000677,-0.0004269618076060411,-0.00021353791817446677,-0.0002094339460478878,-0.00032311692550557325,-0.00108734290950796,-0.0009009298171029911,-2.8806906806622123e-06,-5.761860241815242e-06,0.002085576489507801,0.0010518012338129878,0.9000000000000057,0.0036799715401301114,0.0027747033176854785,-0.010340332686701537,15.8857
2012-04-01,0.00371961450767877,0.003986213818718554,0.000922808821916199,0.003256247433027326,-0.003984829505194298,0.007121367846537829,0.0074400420683709,0.006582679780520628,0.007650898671349715,0.004312874788555021,0.008492252765968544,0.009074763782597195,0.006774555872398835,0.012650774893566918,0.002236195508585226,0.004728893360075759,0.07514752636802502,-0.009992576125026353,0.2704999999999984,-186.0,-0.013049967999999967,-0.0013191334431450485,-0.0009650096721536272,0.0,-0.09999999999999432,-0.03151048396818634,0.03177111556689827,-0.01459879942115272,0.0,-0.020062401294262955,0.04049460869313748,0.0006203914644764552,0.0006529546428524213,0.0032487845643256463,-0.001245219408431808,0.0015117160853233003,0.0020124780388517394,0.0006736275094745281,0.0006152060050972352,0.0005142100067825339,0.002564678803437914,0.0007171126377052417,0.000514866789593782,-0.0005470210283657906,41.2,0.0,41.7,6.6240652277998935,4.356708826689592,4.8283137373023015,5.991464547107982,5.0106352940962555,6.595780513961311,4.499809670330265,4.74493212836325,5.902633333401366,5.081404364984463,-0.004445607600398915,-0.014166536564138354,-0.03612285719081321,0.0033509493775518706,0.004985895758562009,0.0,-0.005079884536820067,0.0009502173004687364,0.003757484589744564,0.008838738931332024,0.020546952184777645,0.02007481976477421,0.008440205332044037,-0.0022715641980077805,0.0006473875452597255,0.00039083100000000814,-0.0020247370616681692,0.027311430999999997,-0.009909120792106041,0.010000000000000009,0.0,0.0,0.0,-0.010000000000000009,-0.13,-0.1200000000000001,-0.03000000000000025,-0.040000000000000036,0.06,-0.06,0.0,0.04,0.75,1.91,3.82,5.05,-0.0015462590379939911,-0.0014470617637920569,-0.01679492627661272,-0.03649899953880542,-0.06511133968233374,-0.031735455152853476,-0.0004318713653237438,-0.0015632715594007252,-0.0028125482995831064,-0.00037314903797636134,-0.0012435643937047658,0.001168258817543233,5.169885853906209e-05,-0.0004986313879573601,-0.0007317675971076909,-0.0004306204079123077,-0.0005966389817819717,-0.0002820240274283847,-0.0036365326589553604,0.00037792784909296273,-5.734298087034517e-06,-0.007966735501643729,0.0036713773184335885,0.20000000000000284,-0.0006102003937620282,0.003180329268367643,-3.783207699736835e-05,17.876
2012-05-01,-0.0001593776039037209,-0.0006728426212436744,6.832234485010247e-05,0.0030278117884723343,-0.0019821016760168675,0.002141641870291977,0.0032475869869079688,0.0048933626948697295,0.005590492910485523,-0.008315730402919996,0.00911355702103922,0.007124465679154923,0.0009305764409246464,-0.007740855850094874,-0.010868273860123345,-0.0033181194842129003,0.07864284230780338,0.005728846859274661,-0.32920000000000016,42.0,0.002985852000000011,0.0020749108154891616,0.002161173647005299,0.0,0.3999999999999986,-0.02860651191150776,0.04351468286560678,0.002683048986517278,-0.13795944414025474,0.05108867485736468,-0.02184793952586972,0.0007992142730355312,0.00010878433516303687,0.002865153003314802,-0.0024951002072910455,0.0009227027454947745,0.001339405504287683,0.00022444170221014303,0.0009091185207505958,0.0018963343230211649,0.0018432195338551338,0.0003651239095301406,0.0014145183352578528,-0.0009123671998239047,41.1,0.0,41.6,6.56244409369372,4.343805421853684,4.6913478822291435,5.8944028342648505,5.0689042022202315,6.679599185844383,4.3694478524670215,4.787491742782046,6.042632833682381,5.170483995038151,-0.003803747232462129,0.004944746713146486,0.020725522245042427,0.0017642082701403439,0.0029847547826271636,0.010000000000000009,0.004156970223847978,-0.0010747298875255495,0.006438310439826012,-0.0030487851716811676,-0.005655557708975856,-0.005399762052194057,-0.005543951083834209,0.0005565230532962318,-0.0007089746468125213,0.0011903859999999877,-0.033115171647048136,0.09131145400000018,-0.036014503305337175,0.01999999999999999,0.0,0.009999999999999995,0.009999999999999981,0.010000000000000009,-0.13,-0.24999999999999978,-0.16000000000000014,-0.1200000000000001,0.04,-0.07,-0.01,0.03,0.6,1.64,3.64,4.91,-0.005170908040009081,-0.007273691038938601,-0.003514757986316397,-0.0009279212749433441,-0.05991155784474067,0.0012143944598106415,-0.003729732536356778,-0.0027884906117172648,-0.01726228215645076,0.00040550364075198075,-0.007791533308484588,-0.00032772268636804824,-0.0010576245436100251,-0.004160105991873664,-0.005105498354035731,-0.0040493081307841905,-0.0024377283429632968,0.002032224394334037,-0.009219321000072611,-0.0008315601389901062,-0.005262588812269708,0.005866335653628596,-0.007868931679866353,2.8999999999999915,0.0022265431225516608,-0.009746731633283545,-0.0037489225038997986,21.1563
2012-06-01,-0.0004456568114576953,-0.0011908918722607353,-0.0010481225895730972,-0.00279107582990612,-0.009021482342490117,0.0001774938792351577,0.0009764271257086676,0.0016848669588318543,-0.0024474086742598544,0.0017989941586478153,-0.003531891885344862,0.01309490901244903,-0.0007065280539508834,0.004927453750346977,0.00015941839391153678,0.0028671698535083223,-0.008351676786982232,0.010787762357511888,0.1354999999999933,76.0,0.0052242730000000015,0.0014002305892582,0.0013000841615156133,0.0,0.6999999999999957,0.07441604794280199,-0.06885030965051353,0.018997637978985793,0.0724582604790518,0.0014801112785356452,0.015145765807993428,0.0005448920240951338,0.0013588066335064042,-0.0012447101432764285,0.0030289555451776806,0.0007543058648735723,0.0012039329927215903,0.0,0.0004153219237199579,-0.0004737465544586428,0.0010364361821970647,-0.0013123627792577253,-0.0001285099275687429,0.0008667686042524991,41.1,0.0,41.7,6.6293632534374485,4.382026634673881,4.574710978503383,5.910796644040527,5.351858133476067,6.677083461247136,4.394449154672439,4.787491742782046,6.013715156042802,5.214935757608986,-0.0369119060620573,-0.009661336600286674,-0.03744396395033611,0.0016431187014500637,0.003487332594525938,0.030000000000000027,1.7729160472157446e-05,0.002661231646071016,0.007835989230747131,0.009744260637265079,0.01594149458610339,0.016054435460012728,0.006375396459711524,-0.0024097680058048354,-0.0005224489707318369,0.0010775570000000068,-0.013352295190864893,0.052488022999999995,-0.015394177695228883,0.0,0.009999999999999981,0.0,0.0,0.0,-0.050000000000000044,-0.17999999999999994,-0.1599999999999997,-0.05000000000000071,0.05,-0.07,-0.01,0.03,0.55,1.46,3.48,4.86,0.0015303890144728882,0.0023819443363244375,-0.0010876491923026421,-0.0014315063107543935,-0.051793461382509065,0.0023185233443090425,0.0012436169727081392,-0.0051071918550240625,0.0034134189883694432,0.002486446519545993,0.0014841126276170513,-0.0008932855784449245,0.001236217390362171,0.0012545450032632743,0.001873787677802774,0.0011520069494057594,0.0006142844248104851,-0.0025330200888111776,0.0023694522932462547,0.0005009854869078012,0.004785607720232399,-0.0020966976818481697,0.0057713920487958426,-6.099999999999994,0.000843477124632841,0.00856616283084044,-0.0004567549788987435,21.0661
2012-07-01,-0.006462435043985693,-0.0072497853526254374,0.0020951477683031072,0.001900959692733295,0.004569983817434675,0.001994382366865999,-0.001945785164859437,-0.0018653090225475566,0.000338210908283898,-0.002392817373054079,0.0010223274630618562,-0.012030751693418829,0.0063450339730479755,-0.0007186131491447867,0.001158278462978224,-0.002279089614305896,0.0230024287619619,-0.003448006614571675,-0.2441999999999922,-176.0,-0.013029922999999999,-0.0008708807089128356,-0.0006955104729868822,0.0,-1.0,-0.03143168714021716,0.061504700661244804,-0.03434538843694668,-0.02451376232196356,-0.037484377124014756,-0.017826732561252,0.001081439986663213,0.001953443564373103,-0.003618445522711511,0.001955034835802394,0.002343097306296116,0.0030701485772048898,0.0011214535211436782,0.0009424867647069846,0.00019742167359204643,0.0019627091678486863,-0.0006974705127458236,-0.0003856289012382774,-0.0007754944165299094,41.1,0.0,41.7,6.606650186198215,4.465908118654584,4.736198448394496,5.857933154483459,5.241747015059643,6.744059186311348,4.499809670330265,4.787491742782046,6.075346031088684,5.318119993844216,0.017295565542321256,0.023143630613864374,0.07236522807463608,0.009905268742159024,0.008293848697285,0.0,0.0088678460449918,-0.0017661068415844028,0.004963015309559893,0.010134258181946798,0.02008534846201737,0.020253618277839336,-0.00256646733657373,0.0012883068146845034,-0.0007905854561469638,0.0017191069999999975,0.02705829083283806,-0.025990886000000213,0.026172380263645323,0.0,0.03,0.010000000000000009,0.0,0.0,-0.08999999999999997,-0.09000000000000008,-0.2400000000000002,-0.14999999999999947,0.08,-0.06,-0.01,0.03,0.46,1.37,3.24,4.71,0.0057163185942670225,0.00683500577199414,0.005986776668704508,0.06514944559632774,0.2038414660323591,0.013728423351993868,0.0011154730280749092,0.0007994642005950681,0.01107877685114822,-0.001735271829224061,0.0034178303865672888,0.0012380741202013823,-0.0005831214821165887,0.001509677523253039,0.0016615309097360864,0.0013252604380165067,0.0008697949260900728,0.0015802162160811761,0.004678852169488046,-0.0005381385038782938,0.0004735536608659885,0.002919011005764638,-4.399664415455362e-06,-0.9000000000000057,0.0008423339733276691,-0.002169555014599922,0.011958758342817788,17.379
2012-08-01,-0.00222630500047849,-0.0015574262542319417,0.0002047245892757843,-0.0008909091498381372,0.012015882085087526,-0.004083212816913928,-0.001333775781204416,-0.0015618863296076313,-0.004925524819362259,-0.010407861483084702,-0.003548677798750788,0.007628292822073668,-0.007122581308193432,-0.006790994059070243,0.0041461637484241365,-0.001272919696486241,-0.010767806367619315,0.008477258343098093,-0.16550000000000864,74.0,0.010311652999999976,-0.001194662262578916,-7.027826679717464e-06,-0.09999999999999964,0.30000000000000426,0.04481102249925417,-0.05972439041711919,-0.013552687252838425,0.04034810898858954,-0.03277702699954688,0.0020113985996861317,0.001311075045705934,0.000596125203943032,-0.0011256332875095865,0.0028368813352006583,-0.00033439224521458755,-0.001467155981750068,0.0015679250608275908,0.0014250122241978858,0.0011837122594293703,0.0,0.0006974705127458236,0.0011564408612940724,0.00013689566290331356,40.9,-0.10000000000000053,41.5,6.625392368007956,4.330733340286331,4.875197323201151,5.937536205082426,5.123963979403259,6.733401891837359,4.406719247264253,4.8283137373023015,6.0867747269123065,5.262690188904886,0.02421153621786587,-0.10790873820153735,-0.22547114368245325,-0.01119995802355156,0.00409828710506055,0.0,-0.0005489744160502852,0.0017499450413591688,0.0012028916238069343,-0.009918259398230767,-0.019105014704484446,-0.01928065404176016,-0.002822979326290387,0.0019203789013673145,0.0007643635694645212,0.0007889349999999906,0.0316105690057924,-0.03561030899999995,0.02478661155979145,-0.03,-0.04999999999999999,0.0,-0.009999999999999981,-0.010000000000000009,0.08999999999999997,0.1499999999999999,0.08000000000000007,0.040000000000000036,0.06,-0.03,0.01,0.05,0.58,1.55,3.35,4.78,0.01032290568945271,0.014548281739929614,0.014103880195872165,0.01179283347167459,0.0036201649454916662,0.019197950577240164,0.0055039495126223414,-0.002309380065070421,0.02898158033157827,-0.0028006926075390126,0.012656120555958772,-0.003672764673355644,0.0008909673609434066,0.006256836184078907,0.007766421323791128,0.006147099410404699,0.002995738338466225,-0.0004517368753083062,0.012172995989361723,0.00045508675765759676,-0.003343000022749454,-0.0016751808373598465,-0.005239995319326063,2.0,0.0018942239033226116,0.006468242830354853,-0.008003581008081184,15.3024
2012-09-01,0.007479549683454323,0.008215344825364568,0.00140918722321981,0.0015053226149106536,0.00779133376949126,-0.0005316329431197531,-0.0031895996491133616,-0.0033413291645079113,-0.002875227937146896,-0.012355246800612285,-0.0005133439932034634,-0.003016223431753673,0.002391735725936428,-0.005239067485285354,0.004927208692170559,-0.002056319892956182,-0.02304762177213604,0.0019461268449960656,-0.2196999999999889,73.0,0.015000626000000017,0.002561928073371078,0.00527801880635792,-0.2999999999999998,0.19999999999999574,-0.09251237317997774,0.0028419202075804506,-0.016686569845294486,0.009166955538791655,-0.02632524170862105,0.02264847487234789,0.001361399699186805,0.00016251794504640316,-0.005647250999919251,0.0022990548635810626,-0.0005017981204247235,-0.0012020034836197624,0.000671216044889178,0.0015522463254207253,0.0011429248293222116,-0.000606244335026318,0.001880068452637218,0.0016680571006961742,0.000410574582076606,40.9,0.10000000000000053,41.5,6.741700694652055,4.356708826689592,4.969813299576001,6.0473721790462776,5.308267697401205,6.835184586147301,4.454347296253507,5.0106352940962555,6.161207321695077,5.393627546352362,0.006480027964814283,0.08217966466723681,0.1842434065216274,0.00422098227069867,0.00796717246550216,-0.010000000000000009,-0.0030375311471848576,0.0008816419405217601,0.0031252856310626242,-0.022370425368335667,-0.040741300464627095,-0.03977467092293874,-0.002478352832519626,0.0006278037317581919,-0.0023148706358471216,-0.0009189829999999843,0.028081806770415163,-0.028219646000000154,0.024029529420899642,0.010000000000000009,-0.01999999999999999,0.009999999999999995,0.0,0.0,-0.039999999999999925,0.040000000000000036,0.010000000000000231,-0.07000000000000028,0.03,-0.03,0.0,0.04,0.53,1.58,3.35,4.7,-0.0026808552153854137,-0.0026110054177221897,-0.00010030570680097384,-0.03231758021973263,-0.06252471137743587,0.0752224949003848,-0.0010327978796649262,0.013158226624581992,-0.0087122939851767,0.0008278475647243155,-0.0024140456391030796,-0.0005418662410425767,-0.00022256710514412248,-0.0010432844735399627,-0.0016745407042995097,-0.0011770566674851324,-0.00031678843113081,-0.00025610273836296216,-0.0007616686409468443,-0.00018059244614843095,0.001909308020900724,-4.3186668241546045e-06,0.004193974719089777,4.0,-0.006693353376769906,-0.00419245511769617,0.0010065693966092581,15.4389
2012-10-01,0.006708434731747204,0.008784374064966016,-6.814077887540293e-05,-0.0038719838604635015,0.00019733742543692756,0.0031773639228731554,-0.002167403177950611,-0.0026099932804983794,2.4635977767140105e-05,0.01108263866645487,-0.0027399837475945432,-0.009660307563763126,0.008999318027799852,0.004260662939014281,0.004932674625345079,-0.0020218315757158933,0.041868786049176876,0.017926036929851286,-0.212600000000009,-107.0,-0.009063334000000034,0.0025360956453628347,0.0027018080839003034,0.0,-0.19999999999999574,0.03750681270112999,0.014089701208199301,0.0013275317238363726,-0.03662612173944346,0.01555744076068244,-0.03545619966225644,0.0011887780762798172,0.0005956732637617534,-0.011773032999669475,0.0022937813321366463,0.000585406665265964,0.00026723677336981666,0.001117693197835834,0.0012830947590476427,0.0014563204903996763,0.001960051232451576,0.0010669548906978576,0.00115318098499273,-0.001003924516187027,41.0,-0.10000000000000053,41.5,6.818924065275521,4.356708826689592,5.081404364984463,6.09807428216624,5.442417710521793,6.787844982309579,4.454347296253507,5.043425116919247,6.124683390894205,5.241747015059643,0.006142364013221879,0.006574681865291865,0.025370743098354964,0.006083902988418544,0.00029850265575959156,0.0,0.00022783254146485632,-0.0014221947944292879,0.0037690329777504417,0.027767434404253777,0.0470755710061983,0.045829232789663776,0.0043183958436348036,-0.0019605184207307502,0.0027424765083061686,-0.0003919710000000187,-0.003887220121582935,0.04646846699999996,-0.0014204467210268135,0.01999999999999999,0.01999999999999999,-0.009999999999999995,0.009999999999999981,0.0,0.039999999999999925,0.030000000000000027,-0.020000000000000018,-0.2599999999999998,0.03,-0.06,-0.01,0.02,0.55,1.59,3.31,4.42,-0.008185224845465022,-0.011490910034900104,-0.007984025088988211,-0.01797006302331816,-0.06183443683226564,-0.05926843457014197,-0.0020667551090580716,-0.001231433097661494,-0.012197251730027503,-0.000674912988096743,-0.004758980168102056,0.0025822839141120824,-0.00025766095827339797,-0.0026086007276076018,-0.003012690547140373,-0.0021750036948011697,-8.275804529400688e-05,0.001303854737165544,-0.005256920641183882,0.0014508111505877608,-9.104951406158079e-07,-0.003321053399006235,-1.0999142894263514e-06,4.299999999999997,-0.0014933797306770913,0.0005966886590478282,-0.0038324905362889794,16.5407
2012-11-01,0.013514021510513174,0.015295752846657962,0.004351676140460725,0.01826004906174461,0.004604158266523939,0.0038610461930383977,0.005976441266208887,0.005919543404671046,0.004613662038917887,0.012536944212048873,0.0026116065634020913,0.011172991805382004,0.001555600004658153,0.008006224147043994,-0.00018862325326374219,0.006092775660330396,-0.00947941892872528,-0.00486902505959641,0.39270000000000493,103.0,0.011666184000000024,-0.0013895502924174963,-0.0006834888885300927,-0.09999999999999964,-0.6000000000000014,-0.005708864220320464,-0.029460870695616315,-0.03510184884244083,-0.028807414225617833,-0.03737798539553516,0.0851439628148345,0.001179949896274124,0.0002706433208228276,0.007864068940238056,0.0017608738481946773,-0.0009200786898073687,0.0004007213037002799,-0.0031326944393388345,0.0013244237683380788,0.0027494125724967233,0.00055168487736168,0.0052976244254505644,0.0008960000599440576,-0.000913534069836075,41.0,0.0,41.5,6.725033642166843,4.204692619390966,5.049856007249537,6.095824562432225,5.111987788356544,6.821107472256465,4.330733340286331,5.117993812416755,6.186208623900494,5.236441962829949,-0.007270775929988815,-0.004936152124839666,-0.05701761740119515,0.0005675051507516571,0.0038803193708236705,0.0,-0.005258242616181796,0.00022907307920405628,0.008367311062519533,0.006820065777289663,0.008024324469784183,0.008103928629713542,-0.004988367144085792,0.009090619160135205,0.0023859041828355743,-0.0005048179999999902,-0.030584978522644413,0.10479025100000028,-0.02362523493440216,0.0,0.01999999999999999,-0.010000000000000009,-0.009999999999999981,0.0,-0.039999999999999925,-0.10000000000000009,0.029999999999999805,-0.07000000000000028,0.05,-0.07,-0.02,0.02,0.51,1.49,3.34,4.35,-0.006114145078679911,-0.008569428565962767,-0.009430928331148891,0.013034009982503925,0.022876702473250354,-0.0494529761619491,-0.004373920928477659,-0.00792099808571134,-0.024497620303312928,-0.00042638325746224837,-0.010864282691664506,0.0014772728258192203,-4.0591001607026556e-05,-0.005067819333146595,-0.006041229041782614,-0.004675365853313629,-0.0036400471667423773,0.000739205233745821,-0.0128482752005743,-0.001213867511392408,0.0014266432311473842,0.0037336669812249035,0.0010449275891768472,0.10000000000000853,-0.0006144159714143171,0.0010957664565580671,0.00571919264204368,16.6799
2012-12-01,0.02450443143005998,0.028113570293362145,0.0004070004126184301,0.00369666068906227,0.003326093512969308,0.0028557344157418285,0.0019441691845285547,0.001841516993351,-0.00012568455951100788,0.02196376627011354,-0.005800057462240993,0.008235302136503364,0.0038360095344138756,0.008732614289121976,0.002991063070376221,0.007325611280695199,-0.0785218734449229,0.002043333073594944,0.49280000000000257,92.0,-0.00021535200000000199,0.0018651562168923164,-2.0930500275184727e-05,0.20000000000000018,-1.3999999999999986,0.05060603537840702,0.044044462494708725,0.0119889136120932,0.06435942200572331,-0.007730112659206867,-0.1112622859559469,0.0018006340427643153,0.00297225218138486,0.006297250029036583,0.007012651459351815,0.0008364701449661283,0.002267725910133578,-0.0015700350875675895,0.0016144548711398699,0.0004705697902593897,0.0010313678985234276,-0.00201611616600772,0.001661873185295093,0.00018277358972440538,41.2,0.10000000000000053,41.7,6.883462586413092,4.762173934797756,5.236441962829949,6.126869184114185,5.3612921657094255,6.846943139585379,4.553876891600541,5.030437921392435,6.159095388491933,5.393627546352362,-0.0008948415187433056,0.059661647532028184,0.06622067774198648,0.012805756534136847,0.003930460651991652,0.0,-0.0007247194351860387,0.005085946144870235,0.011880448402868282,-0.002377315147401582,0.0022468770313635034,0.0020779554123047106,0.006550037787768304,-0.009584543850605698,-0.0018914058187649019,-0.0024209139999999962,0.019725149615092086,-0.004090179999999943,0.024306155079782066,0.0,-0.03999999999999998,-0.01999999999999999,-0.020000000000000018,-0.01999999999999999,0.029999999999999916,0.07000000000000006,0.1499999999999999,0.1200000000000001,0.01,-0.09,-0.04,0.0,0.54,1.56,3.49,4.47,0.0030508144735854614,0.00427239899527887,0.007948129156196693,-5.3324002742272114e-05,0.05120930567698334,0.046119402497653894,0.0015596672384310395,0.0015561083313535562,0.012472986388808671,0.0008867159033467686,0.003267013134798269,-0.0007297530709919897,0.00040793220003276787,0.0018053435437916932,0.0022149826354338487,0.0016102211207380535,0.0005254667358443044,-0.0007040483483820026,0.00309785518941208,-0.00017968603295326346,-0.0009548697552359542,-0.0024885952287654334,-0.0020931457145052512,-9.799999999999997,0.0015605780128247204,-0.0004729176490556597,0.0035866007469333994,17.5331
2013-01-01,-0.05117101489187448,-0.0611969628311666,0.00444359962909413,0.003098839849119628,0.008406687098339916,-0.00015074199720999104,-0.003173381197582259,-0.005478937443263554,-0.0004752917384109878,-0.007235485974121936,0.0012746164475503363,-0.018786159942735914,0.0031034438176860135,0.001420806250638229,0.0020195478966416047,-0.0026247513778976383,0.027521696779052363,0.020738594919849973,-0.24190000000000111,-47.0,-0.008246915999999993,0.0008670771374763575,-0.00026515759587653065,0.09999999999999964,-2.0,0.008670574551133292,0.07117364710014851,-0.008635763084232195,0.015991812016206808,-0.018415167445114733,-0.01685433155498295,0.0013982549987101578,0.002640585696216391,0.005633817718256218,0.0038360988628927117,0.0019212301778939178,0.0013315581195119108,0.002913820284181412,0.0012005626935120972,0.0014495311151012658,0.0023255618011539525,0.001525901972883048,0.0010213201449502662,-0.000822744355760463,41.1,0.0,41.6,6.78897174299217,4.454347296253507,4.532599493153256,6.186208623900494,5.407171771460119,6.84587987526405,4.605170185988092,5.030437921392435,6.133398042996649,5.420534999272286,0.01763108629426391,-0.0341400166081236,0.029076093731742247,0.005368877709472031,0.007415642453851845,0.0,-0.0014749740152435464,-0.009561292620601236,0.0002427961296991299,0.013357984399969602,0.025879112334354026,0.026702034797321694,-0.00463399417435717,0.004139650507799075,-0.0008898950412197237,0.008163912999999995,0.04004407282603495,-0.06688081300000004,0.03895206352129854,-0.01999999999999999,0.01999999999999999,0.0,-0.009999999999999995,-0.010000000000000009,0.1100000000000001,0.18999999999999995,0.1499999999999999,0.10000000000000053,0.05,-0.07,-0.03,0.01,0.67,1.77,3.66,4.59,0.007662594557129587,0.010513105500274733,0.0039759001204648925,-0.006873041486174181,0.05225342268036037,-0.022236370482047185,0.0020999187021262244,0.005393547856018088,0.008607495419785671,-4.88494840089615e-05,0.005275969805391689,0.0010494594414307556,0.00010336988189685314,0.0025048584908962113,0.002947378985382443,0.002263593322141766,0.0020592969007369177,0.0007309725430904024,0.0065645954949618,0.0007805071271524966,0.00047201678497010846,0.001655629517260948,0.002088773605391836,0.8999999999999915,-0.000588124203179774,-0.005682128607960024,-0.013659479871660274,13.3738
2013-02-01,-0.0019921336778558896,-0.0020099340664607723,-0.00016881151109515713,0.004083901791961608,0.011814959758176258,0.004773986924558216,0.005210748975625457,0.005782224241908551,0.004802815237700209,0.02212679687076058,0.00029459828959232937,0.008561302068510024,0.004296648938043823,0.0042093964489762214,-0.0019004063262837434,0.004070604248261667,0.002488621360303256,0.0010922819556400398,0.2656999999999954,81.0,0.020492960000000005,-0.0028996243092098695,0.0004883936829180868,-0.2999999999999998,0.7999999999999972,-0.024395894025751375,-0.10696694170609877,-0.01765338653069115,-0.06838868749455251,0.002134017028387447,0.0,0.002104789725791534,0.0030629541128455173,0.007214859011696717,0.006591524299365048,0.0010842821863814578,0.0010639713731475098,0.0011184432437563174,0.001952122267926626,0.0010955474919995822,0.0006558597758790086,0.0016778189610118233,0.0017848041453909502,0.000548571442326562,41.3,0.20000000000000018,41.9,6.8690144506657065,4.663439094112067,4.912654885736052,6.210600077024653,5.402677381872279,6.887552571664617,4.465908118654584,5.062595033026967,6.212606095751519,5.4638318050256105,0.02973378220678491,0.05040976145435394,0.06954043520772046,0.013760456209483962,0.0012641950637846122,-0.020000000000000018,-0.009635488214878585,-0.00040417313074136985,-0.003603846525306764,0.012797950605391684,0.01580674336187826,0.01641229809798528,-0.002914313224307463,-0.004628263036016378,0.0013012088562236457,0.0009524109999999864,0.021325961667452376,-0.02599372500000019,0.015042186539982794,0.009999999999999981,-0.03,0.03,0.009999999999999995,0.010000000000000009,0.039999999999999925,0.07000000000000006,0.10000000000000009,0.11999999999999922,0.01,-0.05,-0.03,0.01,0.7,1.83,3.75,4.7,0.0004748313556701689,0.0004140909552239336,0.005397468084232138,-0.003224671109212096,-0.06380344794686987,0.011517196832683041,0.0034364080824751397,-0.005710992336723564,0.02087492182090056,-0.0007290875351158022,0.00876815054079838,-0.002009954078687315,-0.00018385864166425847,0.004258775436988493,0.0048718199718758015,0.00375752677409924,0.0016502354086913584,-0.0006866516134635958,0.008724033937201447,-0.0003793084538399327,0.0004693312340746658,-0.0008288415412667227,0.0005160728792015234,3.799999999999997,-0.003146249467519624,-0.0022278442779164465,0.0004280870844306506,13.903
2013-03-01,0.003489425286923975,0.0031294253539098094,0.001282253341953421,-0.00539819784006923,-0.007193453213268697,0.00408315791501046,0.0036470734900015955,0.004600445812743992,0.005498564129805317,0.00974355216842504,0.0043819310799788624,0.004548047055744853,0.004543197847392655,0.0004257997884149489,-0.0037790669526556186,-0.0009573045928821244,0.08440574271452839,-0.007180193779038113,-0.10129999999999484,72.0,0.013641147999999992,-0.0019786225063889162,-0.00032091754787444415,-0.20000000000000018,0.6000000000000014,-0.09708100591453217,0.009600073729019165,-0.009961171859741214,0.03559886467156126,-0.027665477401056293,-0.0034052246298390543,0.0010470510251003873,0.001179688055733763,0.0013624824056064355,0.0031072008427486253,0.0002500520954900054,0.0010628405411292619,-0.0011184432437563174,0.0010259041679478997,-0.00027377437251807635,0.00035433978011845113,-5.364662966478306e-05,0.0006366588360453562,-0.0005028456598363817,41.4,-0.10000000000000053,41.9,6.917705609835305,4.564348191467836,4.948759890378168,6.318968113746434,5.384495062789089,6.841615476477592,4.584967478670572,4.976733742420574,6.184148890937483,5.337538079701318,-0.03804508209548274,-0.07722450294911809,-0.1138664324868941,-0.0021258130521140117,-0.00012915817589131962,0.020000000000000018,0.006147124939908544,0.0035308609509971944,0.008161870028342122,-0.0060514011031829185,-0.013320566751309215,-0.013959658944313169,0.0008619082707284065,0.0005593719335106329,-0.0028860122092009277,0.0004263860000000008,0.025151988284480176,-0.03378219699999985,0.02485536710582803,-0.009999999999999981,-0.010000000000000009,-0.010000000000000009,-0.009999999999999995,-0.010000000000000009,-0.030000000000000027,-0.020000000000000018,0.03000000000000025,0.0,0.01,-0.05,-0.03,0.01,0.68,1.82,3.79,4.71,-0.01167374339785443,-0.015634389397002124,-0.01974349695830746,0.001205851596066232,-0.030733923377415096,-0.040361017062647164,-0.008231117822907308,-0.009578506854719393,-0.04287920712322979,0.0023674013994936516,-0.019724789229017325,-0.00046441613031156237,-0.0006712479701889151,-0.009759648059424642,-0.011792883157742295,-0.009041368606169442,-0.004870473799226005,-0.002790482742024203,-0.019827795609447918,-0.00013550950860974353,-0.0028397900604608672,-0.002067226423243529,-0.0031252732462747623,1.0,0.0035626282046123947,0.0060566810142539396,0.0008110881464862274,13.0279
2013-04-01,0.004070160125351663,0.0056281838009386576,0.00022478729596819846,-0.001416519737487576,-0.005459002118113787,-0.0010353980767563442,-0.0026149646243069924,-0.0036040134728363427,-0.0028292173878936566,-0.0047151155615887674,-0.002330087391984925,-0.006134666246713216,0.0006472005734785569,-0.002612925933139998,-0.001592446799164371,-0.003178830355779816,0.01651003479139579,0.007534450044063057,-0.25780000000000314,-88.0,-0.009588264000000013,0.0025064526860685277,0.0022233770323989432,0.09999999999999964,-0.5,0.010103137059005007,0.028603275408936923,0.004370227027322926,0.06505068504121247,-0.02103942073831,-0.013017850669003295,0.0013698329620410732,-0.0003752043567715191,-0.0033475947200267697,-0.0010346612407765576,8.333680574779123e-05,0.00039827415063520277,-0.0004477277889893827,0.001647791436351298,0.0011727913775843035,5.314013941770668e-05,0.0009116015324170945,0.0020345886977874983,-4.572578249018022e-05,41.2,0.0,41.8,6.727431724850855,4.3694478524670215,4.997212273764115,6.0112671744041615,5.298317366548036,6.919683849847411,4.61512051684126,5.123963979403259,6.251903883165888,5.4116460518550396,-0.013059391072420823,0.04313773260463094,0.0372800965703739,0.006600888138674321,0.002318122433926817,0.010000000000000009,0.008490499597331613,-0.0027415498943561545,0.004668552792203684,-0.005241693002979275,-0.004236184274915011,-0.004478920823585142,0.0001278108987126103,0.002493303111554823,0.00036306170571975827,0.00034742000000001494,0.012731108385052536,-0.001575254000000026,0.015798853554699566,0.009999999999999981,0.010000000000000009,-0.03,-0.020000000000000004,-0.03,-0.10999999999999999,-0.19999999999999996,-0.20000000000000018,-0.2599999999999998,0.01,-0.09,-0.06,-0.03,0.56,1.61,3.58,4.44,-0.0005432394222308901,-0.0014963902638429616,0.004400459028564008,0.0020204473989604566,0.01351484335377684,-0.027165975455406333,0.0007257178396118391,0.008613690212093239,0.0005893181514888823,-0.003674469516775858,0.0027912968541805583,-0.00022545680353935893,-0.0006715854708305713,0.000685210592187957,0.0009684732326258327,0.001059303251786048,0.00030231694905058504,0.0005602520885217288,0.0025674775572026576,-0.0005404796076247109,0.0033071262860699946,0.004132404932971401,0.0015610095819047487,-2.1999999999999886,-0.0011240446334124243,-0.0007245605811796452,0.012262366562990401,14.0954
2013-05-01,0.004808665541846224,0.004309181757124136,0.0028504115360323823,0.011251526535483336,0.006185748968169591,0.0009475571314103703,-0.0007322578893820264,-0.00260510005169845,-0.0011270238121747767,0.004942560931517015,-0.0027254805537637594,-0.005109609735831633,0.002729375224549635,0.0030722997502614646,0.010347989670812296,0.00324214321630123,-0.06067594537798371,0.018442657630162174,0.22880000000000678,157.0,0.016556226000000007,0.000913388929161485,0.001718159696737942,-0.09999999999999964,0.29999999999999716,0.07249831385848449,-0.10010155761311701,-0.01379981127761809,0.01675591372843943,-0.02745492920029946,0.0014388491690979777,0.0015737264523245642,0.0020351335216144406,0.005696609832424926,0.00567743460497816,0.0,-0.00013274042629163318,0.0002238889520160825,0.0015002858471291347,0.0010933657225731253,0.0007790644538658853,0.0018274014824797291,0.0013963823278189125,-0.00022866028042045627,41.3,0.0,41.7,6.835184586147301,4.634728988229636,4.9344739331306915,6.1779441140506,5.327876168789581,6.910750787961936,4.653960350157523,4.997212273764115,6.2324480165505225,5.484796933490655,0.006485154646247437,0.04307016893635662,0.11438646311719403,0.013779495165010758,-0.0023516106102121626,-0.020000000000000018,-0.004085289713369633,0.0006328906515484789,0.0028168725158330687,0.008536964653455215,0.010613941343640576,0.011104880768435077,-0.0035232258033985886,-0.0032239891539358467,0.0002806516342968024,1.3813000000001407e-05,0.043077296234266704,-0.06365198999999988,0.041761815594736795,-0.039999999999999994,-0.01999999999999999,-0.019999999999999997,-0.009999999999999995,0.0,0.13,0.16999999999999993,0.16000000000000014,0.14000000000000057,0.03,-0.07,-0.03,0.01,0.73,1.82,3.78,4.62,0.010213488746350308,0.014340202312422612,0.0039739095850857,0.010450092494168395,0.03980807774972739,0.03365310202705629,0.002504231885128938,0.0005987382897805205,0.01463383719521083,-0.0015261501235297459,0.005205852297917701,0.0005334069546822917,0.0007792887078847954,0.0033718294659221826,0.0035120479266952387,0.0028107839775541876,0.0017499034933186053,0.0019235158149486509,0.004119945899163646,0.0009289933544769369,-0.0023626143372506014,-0.005370282500189116,-0.0005206971833513485,8.099999999999994,0.0037845222368453335,0.005087551550937874,-0.015387762982759234,13.3657
2013-06-01,8.15175303436888e-06,-0.0002954573454942988,-0.0002017303992136732,-0.0031094861898832704,0.002692323687792708,0.0018541277295467395,0.0028002612979340924,0.0022347729516036807,0.0031605729942318916,0.013080124804641713,0.0005258526126574736,-0.001004447786800533,0.0008436385774190924,0.0016618039400846385,0.0015075930710262142,0.002126188750779079,-0.025261791106022002,0.005233424759955696,0.15399999999999636,5.0,-0.0025104389999999754,0.0013685210224920752,0.0008128359040160404,0.0,-0.3999999999999986,0.0022413158430136804,0.08030580787237884,-0.016237223972209947,-0.056980715038948304,0.0018386582978102695,-0.00909950670972215,0.0013144417902282157,0.001710590035974846,0.002959311654136876,0.004450537986267378,0.00033327779012104486,0.00079617838600754,-0.00044782804151921596,0.0012513568637952943,0.0023389087963394672,0.0009552957720497801,0.0032049383441510315,0.0005072923380833316,-0.0010982977490616719,41.2,0.0,41.8,6.732210706467206,4.454347296253507,4.812184355372417,6.052089168924417,5.3230099791384085,6.848005274576363,4.672828834461906,4.969813299576001,6.163314804034641,5.375278407684165,-0.009420945594422747,0.043279800392678425,0.06527797767415677,0.024084320032732975,0.0017094537049224812,0.010000000000000009,-0.00838919181026121,0.0021711134803030774,0.0030263796926028874,-0.007553682920434568,-0.010331454958323327,-0.010761153008356006,0.005889172566821976,0.002054651786879802,0.0005939440200428692,0.0006079950000000001,-0.012932074499374835,0.049987243999999986,-0.015839352798572737,-0.020000000000000004,0.0,0.010000000000000002,0.009999999999999995,0.020000000000000018,0.36,0.3699999999999999,0.37999999999999945,0.45999999999999996,0.05,-0.04,0.0,0.05,1.11,2.21,4.18,5.1,-0.0035780813907049236,-0.004787216398285388,0.0009977545740715854,-0.016065854943734692,-0.018726976245384108,0.024105261638451836,0.0019635097711665495,0.000535590046558454,0.010554494110081691,0.00633133713718248,0.005038516158696105,0.0003385491615608416,1.1388743811124868e-05,0.0017832407398117311,0.0029656641233373193,0.001632415884296634,0.0014847871426741932,0.0006459470056725536,0.006487528395166642,-3.754764911256814e-05,0.0004709202399491019,0.002064665543211941,0.0015569583079670934,-0.4000000000000057,-0.002897757485854413,-0.0019232671460702733,-0.0009087291398959252,17.1448
2013-07-01,-0.0020877954421045786,-0.002276304824267328,0.0012321618155013425,0.00018327340826473915,0.006401542102127067,-0.0032646777848297504,-0.008935083819050504,-0.011952530008660922,-0.010122393827425746,-0.02663234876815146,-0.005746767786695806,-0.017963096805184264,0.002724732200328539,-0.006107857209867618,-0.0019318909403711615,-0.008085078874271012,-0.0002969927258611449,0.0003541534393791679,-0.5999000000000052,-265.0,-0.010417719000000047,-0.0009635521127826507,0.0018385992975264998,-0.20000000000000018,0.8999999999999986,-0.07232998998134477,-0.029544772175111866,-0.0296438644373076,-0.04636772750545859,-0.022525043833176994,0.004054450963893785,0.0008948874652805472,-0.0009618468199050767,-0.0012319824152786651,0.0006829435129702688,-0.0016675008032578376,-0.0029224250342334557,0.00044782804151921596,0.0011903143835017005,0.0016339872916546483,0.0013782625474423327,0.0030086220983882583,0.0021531260297127375,-0.001145344301132667,41.2,0.0,41.7,6.779921907472252,4.700480365792417,5.0689042022202315,5.981414211254481,5.3706380281276624,6.904750769961838,4.770684624465665,5.049856007249537,6.159095388491933,5.521460917862246,0.026054532606060832,-0.1148553347980048,-0.2199817260878021,0.00342438029993275,0.0028269353692174093,0.0,0.009404713499588269,-0.001742131139673475,0.0017159555455688036,0.0007611017854660673,0.00027841836225839245,0.00018861590239249715,-0.0009767498624810855,-0.0025342626495774567,8.049904222406923e-05,0.0010952290000000031,0.03036629311931449,-0.03889995000000024,0.028570316369463278,0.0,0.0,-0.010000000000000002,-0.01999999999999999,-0.020000000000000018,0.19999999999999996,0.28000000000000025,0.07000000000000028,0.1299999999999999,0.05,-0.05,-0.02,0.03,1.31,2.49,4.25,5.23,-0.001529701829708685,-0.0014318670951452006,0.0009992505828648746,0.015209560703071112,0.07748318866301673,-0.018337268255793404,-0.00042204053475902725,0.004482992409118758,-0.0009081963201715837,-0.0029536710273960765,-0.0024164177379226714,2.6107892322713155e-05,0.0007702168272887278,-0.00027269203888469207,-0.0004489321195464413,-0.00022847029242889505,-0.0009752926839343701,-0.0017614156347995902,-0.002104455845501896,-0.0004732641142259908,-0.0014136496679015842,0.002480193880809889,-0.002595650700963681,1.0,0.002754126098761134,-0.00048282712729807997,-0.0035245965121335487,13.7966
2013-08-01,0.0017347636659863497,0.00179189421523418,0.001510126522352273,0.004141211151036828,-0.001754665693342261,0.005958027266512289,0.0064985210190737774,0.007403365613455115,0.005145759071996103,0.02946790587543191,-0.0013327245703926849,0.015259751408427391,0.005389914858364264,0.015451691533114875,0.004075803550430024,0.0087286692081463,-0.010077854795961017,-0.003907815600267206,0.6573000000000064,200.0,0.01943378400000001,3.85599156871308e-05,0.00042967532453630497,-0.09999999999999964,0.30000000000000426,-0.007246408520766856,-0.029327615094519643,-0.012643655374606766,-0.06576764023750226,0.008884790735274706,-0.037095804741030136,0.0017800572413815274,0.002669515733741079,0.0009857073247587778,0.0032376274340748523,0.002500209653106822,0.003983011107399292,0.0,0.00163861391280129,0.002523538173139883,0.0010941885566566611,0.0029200782623650667,-0.0002530684563666341,0.0007331714574867476,41.3,0.10000000000000053,41.9,6.821107472256465,4.584967478670572,5.075173815233827,6.113682179832232,5.332718793265369,6.871091294610546,4.844187086458591,5.0689042022202315,6.0867747269123065,5.472270673671475,0.003310032026810461,0.019476378785366677,0.0002811357904377587,0.003611615880878105,0.0051207894722509195,0.0,-0.004879684834130593,0.001739879785780829,0.0030120831050748365,0.004749132642936971,0.007402860272060607,0.007833941215604545,-0.005820882046295495,-0.0002205407952171612,0.00016834319255210062,0.0005016569999999887,0.0008446224710434436,0.02085132699999992,-0.003111289526223082,-0.009999999999999995,-0.020000000000000018,0.0,0.0,0.010000000000000009,0.1200000000000001,0.16000000000000014,0.20000000000000018,0.09999999999999964,0.04,-0.04,-0.01,0.05,1.44,2.66,4.46,5.34,0.006108957408217819,0.006668955273888777,0.0009977545740715854,-0.02685241523950399,-0.06941356750165895,0.0517016330604676,0.00042890664417516433,-0.0069323008020010235,0.0006909799434104968,0.0033691500618644454,0.001746588504807356,0.00024121088530115742,-0.0003650409760780349,0.00046366757606097764,0.00031238524511234544,0.00020590632478256765,0.0002382336561872478,-0.0012049291994973288,0.0018230134049082025,-8.988456321645799e-05,0.0014132057172289159,-0.0041330868191096215,0.003110153114221692,-3.0,-0.00039342790331353683,-0.0003086305561961211,0.004183867540454855,14.141
2013-09-01,0.004112458405774788,0.004784541324502456,0.0030022846594235375,0.0034686674429007525,0.0006634484472094471,0.005326042722885838,0.0037203028521348713,0.0035711982785429086,0.003115580716031907,0.00470236613085806,0.002689578910762158,0.008146368096473289,0.007007576311269581,0.006191458166038721,-0.011230663238335659,0.0009135476130834874,0.028761560801735975,0.009564506788674265,0.08029999999999404,43.0,0.004104667000000006,0.0005268365515114226,0.0006372427001988257,0.0,-0.20000000000000284,0.05080832832566884,0.0011154490838656272,-0.007393749024938501,0.06911212496035013,-0.038922805949171746,-0.05994998440844057,0.0013530663640537455,0.0029282597790878384,0.004914014802428923,0.0054292634212806945,0.0014971307795139666,0.0022500174934805273,0.0002238388369733002,0.0011022181133526487,0.0026332109391074,0.0021847919043658237,0.0019001028594107794,0.00012654223363917083,0.00018320890446510418,41.3,-0.10000000000000053,41.8,6.745236349484363,4.532599493153256,5.056245805348308,6.035481432524756,5.204006687076795,6.911747300251674,4.605170185988092,5.170483995038151,6.248042874508429,5.351858133476067,-0.005413829723909913,0.05616325929181443,0.12084343300466216,0.015177602149819336,0.005590142149992872,0.010000000000000009,0.009782029595045927,0.00018300738502929903,0.005200982859635772,-0.006729526792602414,-0.012232019129768013,-0.012802182112111371,0.0034955119025310566,0.0026199967154170167,0.00025924702454904747,0.00033651100000001155,0.010175051893412501,0.0017016810000001215,0.004394339243792178,0.0,-0.009999999999999995,-0.02,-0.030000000000000006,-0.010000000000000009,0.08000000000000007,0.06999999999999984,0.09999999999999964,0.04999999999999982,0.03,-0.06,-0.04,0.04,1.52,2.73,4.56,5.39,-0.007630366936144384,-0.009520205001116722,-0.001996257401418511,0.014423212043162437,-0.021193735564570382,-0.03535735389634542,-0.0020075719652394852,0.0007983535583617751,-0.0107775848718763,-0.002446228441698395,-0.005399974415783326,0.0014149920328057064,0.0001814842733693922,-0.0022065245691766933,-0.002652278151622056,-0.0019751793120130756,-0.0010435756670537089,0.002761606510765624,-0.006676122146305197,0.0002582368438233118,-0.000471364191212853,-0.00041895911275702247,-0.0015566851173209884,-4.599999999999994,-0.0002060441834501603,0.0007004435748374505,0.00028321913404560917,14.9695
2013-10-01,-0.003395246937662577,-0.0037831376341230794,0.003226598851751028,0.0054205633142832,0.0038069064892578552,-0.0011734419354878511,0.0005731172360681214,0.0008581250396533235,0.003394123863606602,0.001914494448551629,0.003798557935142277,-0.0036873846270317756,-0.0029888991011386423,0.004441159029719088,0.001374153023406599,0.001309764434678229,0.023895202286023043,0.010016850280583967,0.11480000000000246,94.0,0.012848581999999997,-0.006534370459970518,-0.006119030743723997,0.0,-2.299999999999997,0.08075142492502962,-0.019512814223581643,-0.02874449397498502,-0.033959120542454535,-0.026485118459953938,0.13253567413142164,0.001606672416547994,0.0024425223208908164,0.001469507979360074,0.0035470014385836635,0.001992694116710325,0.0015852050875651003,0.0026821652199391366,0.0014733778576516698,0.000811798177448253,-0.0020260575459811747,0.0017578529648645258,0.0011381600975717276,-0.00022901637567152022,41.2,0.0,41.9,6.829793737512425,4.8283137373023015,5.123963979403259,6.023447592961033,5.389071729816501,6.950814768442584,4.663439094112067,5.087596335232384,6.282266746896006,5.484796933490655,0.006771077586945395,-0.023705116430857487,-0.0723118865099952,0.007936180353812716,0.0058389911426175445,0.0,0.004205223370465028,0.005799610613493655,0.010853964813836825,0.0034385882265492995,0.003989226022947712,0.004184675974619356,0.0017381641605034304,-0.0006289470841611688,-0.0004481873239772227,0.0012975289999999917,0.019289163448207525,-0.027518214000000096,0.015505773520986033,0.009999999999999995,0.009999999999999995,0.030000000000000002,0.04,0.0,-0.22999999999999998,-0.18999999999999995,-0.10999999999999943,-0.16000000000000014,0.03,-0.04,-0.01,0.03,1.28,2.53,4.44,5.22,0.004574851764436616,0.006661688639036711,-0.0004996247936750464,-0.010224693417497654,-0.05298471059368648,0.011507161519835662,0.00015821419735839726,-0.0012759573547347358,0.0036172782470504927,-0.0019322759662872002,0.002072667292401853,-0.0007254147428286117,-0.0010522556216177037,7.279421043371315e-05,0.0003970183395480831,0.0003166725983110297,0.000884667576865894,-0.0007349436954173783,0.0027977562589569516,0.0004844337911649177,0.0014098845382739533,0.007037548454178477,-1.0694174932268652e-06,-4.299999999999997,0.0014739487549082497,-0.001388633784472404,0.005441305913126193,15.1417
2013-11-01,0.0025563883616577243,0.0031944983548886086,0.004101637534612124,0.012085582597617162,0.0030151494691672553,0.0025442139386067097,-0.0010400127132248471,-0.001970025914338258,6.066893567968634e-06,0.011736051362042588,-0.0032089352765511947,-0.002661893278253835,0.00628090097449352,0.006295287665755822,-0.00453406631307729,-0.00019300492222473764,0.015570581668729488,-0.009486269622975385,0.00740000000000407,-103.0,0.002717774000000006,0.003820123508173623,0.006541326585541185,-0.2999999999999998,1.5,-0.15858842563861764,-0.020287777171521526,-0.004174645130511578,-0.024476746426554286,0.004463186183992107,-0.08830548138368322,0.0019901519593954475,0.0028597170365358693,-0.002695749702604111,0.005380877284379082,0.0019059462989474696,0.0017144745379997772,0.0022296553272695974,0.0018513435978739778,0.002315798634242583,0.0019732559830423213,0.001985429844607367,-0.0001263982811519071,0.0005953335188308984,41.4,0.10000000000000053,42.0,7.003065458786462,4.51085950651685,5.3471075307174685,6.3561076606958915,5.407171771460119,6.9363427358340495,4.68213122712422,5.093750200806762,6.255750041753367,5.4680601411351315,0.0073135950465790245,0.046914729760093365,0.1415538268204788,0.013103095085988059,0.0060245401274343635,0.0,-0.014636850564701653,-0.010589528961036265,-0.0010651897044660075,-0.0028507731518949697,-0.0033228617170157904,-0.00349580837396557,-0.0003844102206222999,0.0024303174397886096,0.001402364720968663,0.0005691329999999994,0.03625842084207509,-0.060597062999999896,0.02999952525251226,-0.009999999999999995,0.0,0.020000000000000004,0.020000000000000004,0.0,0.0,0.10000000000000009,0.09999999999999964,0.07000000000000028,0.04,-0.01,0.02,0.04,1.29,2.64,4.55,5.3,0.0010090443603330002,0.0004656890893617316,0.0004988770381570973,-0.007681057295713778,-0.013135798617097016,-0.02566611528230478,0.0013077025820873445,0.005017755215913411,0.003245972027742461,-0.000926568214804746,0.0019268335731661423,-0.0004923785169772543,0.0007691560126410479,0.001546861008644207,0.001132199877487139,0.0014786027734006169,0.00016450813382373752,-6.641002852880717e-05,0.0010708506000947082,-8.112496003764846e-05,0.00046518343325718803,-0.002489764318303056,0.0010303923975683027,1.8999999999999915,-0.013194211214592855,-0.006241915542174681,0.003140221882944161,12.8516
2013-12-01,0.0022489105920087127,0.0023198455127868556,0.0009067386781316245,-0.0038103511302036708,0.005409668276660895,0.0021522736329018244,0.0014934976933398403,0.0023879217653268725,0.007445591717751832,0.0003221178744601261,0.009412631667281346,-0.008063459426815633,0.002845591256681601,-0.0024210253524499237,0.0062173685825195335,-0.0015944648534604866,0.06176886267852488,-0.014083122375756929,-0.09300000000000352,2.0,0.014249133999999997,-0.0005347128622776864,0.0020673664353410004,-0.20000000000000018,-0.10000000000000142,-0.0342021937635435,-0.01598163034717981,-0.035122446568767174,-0.011272738772522217,-0.04529553529728503,0.05281559640173228,0.0004004674600910363,-0.0015347572539710086,-0.0015963655382513764,-0.005212285865283661,0.00033109842202883044,0.00026350461285495896,0.0004453351220341517,0.0007091959366505307,0.0027334518165087474,0.0009675859487359162,0.0036636703294110617,0.0006318317010602925,-0.0010535236757593935,41.1,0.09999999999999964,41.9,6.90975328164481,4.406719247264253,4.997212273764115,6.210600077024653,5.6131281063880705,6.912742820493176,4.7535901911063645,4.955827057601261,6.169610732491456,5.594711379601839,0.0018236208891977412,-0.02198603212064043,-0.013251706785103678,0.014318690071634776,0.005197859652144032,0.0,0.010441749357979369,0.005099340916343564,0.0032559108596696973,-0.017259626775967263,-0.02667168858256197,-0.02728949402058567,0.004452792555344587,-0.0011374209365104804,-0.0019025948033064566,0.0002796459999999945,0.013499419774476884,-0.015278834999999935,0.0037751801553564945,0.009999999999999995,0.020000000000000018,0.0,0.0,0.010000000000000009,0.20999999999999996,0.17999999999999972,-0.009999999999999787,0.0,0.05,-0.02,0.01,0.04,1.49,2.81,4.53,5.29,0.0009998524884764493,0.0014044327256410583,0.004987291760820689,0.038617395904761764,0.10813186076946657,0.02371979152865311,0.000797889047788658,0.007009136200810673,0.004839439438358184,0.0005553664688076054,0.00238663187431154,-6.287036714969219e-05,-6.474169363279714e-05,0.000901566315969049,0.0013100795869780413,0.0008219272719340864,0.0002571245329345828,-0.0023077925033287983,0.0029227935085271994,-0.000253253238154727,-5.4897475121329364e-06,0.002049566285041493,0.0010240264677254807,7.400000000000006,0.008598533726777546,0.0078041930134791215,-0.00013789324372570633,14.0258
2014-01-01,0.005100063495003582,0.005654490033752069,-0.0033102531735904606,-0.010196988003794871,-0.008978343984457737,-0.0038340286899511966,-0.00942611588854092,-0.010996527965378533,-0.01634983283309044,-0.031184124170615668,-0.012307307160280168,0.0013570882451166,0.0019154603781768031,-0.00965555076746405,-0.009300875072474568,-0.010728647957875204,-0.007371426869582365,-0.007891174823817515,-0.7687999999999988,6.0,0.008430869000000007,0.0010948882697725537,0.0025661557637750576,-0.10000000000000053,-1.3999999999999986,0.060422458670087664,-0.04582795466849987,-0.04335272616740582,0.011862535309820288,-0.06856768176274208,-0.057243422553392875,0.0013385811585582275,0.002961554864373994,0.00539283081704145,0.008894914734250747,-0.00016553550774389691,-0.0010544353158330466,0.0013348166609272738,0.0010797133060727049,0.0006918021721773471,0.0027919490651111545,-0.0010904625035266235,-0.0003790511132635288,-0.0002750148983725609,41.0,-0.09999999999999964,41.6,6.78897174299217,4.7535901911063645,4.0943445622221,6.1675164908883415,5.459585514144159,6.883462586413092,4.624972813284271,5.087596335232384,6.192362489474872,5.407171771460119,-0.0012975083980055757,-0.058678283756208316,-0.1509902189123018,0.0028674080374404554,0.0033202630525064336,0.020000000000000018,0.001484134687392391,0.0004063297363856577,0.0038804531352791827,-0.005934819121364399,-0.0034079446809869296,-0.003395367529605675,-0.0022812298628078764,0.0005519083952147952,0.0012483790444965948,-2.2353000000002732e-05,0.008032791241486592,0.007195837000000038,-0.006943914733424261,-0.01999999999999999,-0.020000000000000018,-0.030000000000000006,-0.03,-0.010000000000000009,0.06999999999999984,-0.040000000000000036,-0.1299999999999999,-0.1899999999999995,0.05,-0.03,0.0,0.05,1.58,2.79,4.42,5.12,0.0034933795041300897,0.004192246734853633,0.002947312018130255,-0.0003281871604867703,-0.07069646590588619,-0.018895542222018946,-0.00021943777579114254,-0.015142227461421243,-0.0044771937585794674,0.0028645352888974074,-0.00205937946155732,-0.002441059237147769,0.0009868435814048837,-0.00034058594294616995,-0.00019283043033446745,-0.0004506550466878423,0.00032823354113986625,0.001328514232628919,0.0004705853209312494,0.00013602514624100337,-0.0014056977134297988,-0.0024718311308515872,-0.0036020173819801826,-1.2999999999999972,-0.002168582746653769,-0.007159691523588307,-0.0016701185057721446,14.4177
2014-02-01,0.005573577264419427,0.005896954159391399,0.0045363594461269585,0.008443217085591925,0.013695272645186662,0.007544235406167665,0.009374413076294275,0.011255892049658378,0.011385545511870099,0.033292392310499075,0.0053808091272662395,0.013737519250645036,0.005697749716635059,0.013630072917592884,-0.0035684434948413113,0.009305195846736503,0.0061464749821729114,-0.001026956915323396,0.7308000000000021,246.0,0.018024380000000007,0.0008428909727413725,-0.00011023687158839834,0.10000000000000053,1.3999999999999986,-0.040013587038879805,0.06335518037746013,0.018678167214391195,-0.04522929461617231,0.04764094372949046,0.025681169657456593,0.0011552673112706913,0.002689520408303281,0.006336075784727058,0.0036691168580880174,0.0020672269320698433,0.0028970259924587793,0.0006667407736706821,0.0009101021965030043,-0.0009225092905147392,0.0009639568543260424,-0.0016510934842415281,0.0023982340304939953,0.0005041362191153809,40.8,-0.10000000000000053,41.6,6.8501261661455,4.499809670330265,4.852030263919617,6.2285110035911835,5.389071729816501,6.946013991099227,4.709530201312334,4.897839799950911,6.295266001439646,5.529429087511423,0.01786009148392509,0.03211542621341401,-0.055144824361944345,0.005041693817890547,0.005535598783074747,-0.010000000000000009,-0.008895676650169548,-0.0004149110865974137,0.004792628118149622,0.024791521202963906,0.02995504188525633,0.030554098958457843,0.012773425080698786,0.0017875131458460203,-0.0003532380389437151,9.827800000000719e-05,-0.002923560910733869,0.02843558699999993,-0.017486100159710194,0.0,0.010000000000000009,0.010000000000000002,0.009999999999999995,0.0,-0.1299999999999999,-0.1499999999999999,-0.040000000000000036,-0.09000000000000075,0.06,-0.02,0.01,0.05,1.45,2.64,4.38,5.03,-0.005535830022036947,-0.006584430104994432,-0.003984149329785858,0.031742428600829875,0.09478383148606007,0.017396396867247255,-0.0013210685098741237,0.0006935465051824963,-0.006092811379046381,-0.0005179372721491049,-0.002165679378747676,0.0006761180961722957,-0.0008550226312875608,-0.0019072067179175534,-0.001811658476858824,-0.0014025569425273332,-0.0015962308028383276,-0.0007115353762188192,-0.004074276040818781,-0.0009184124117060932,0.00419005318471477,0.011384180360702878,0.002568450148417334,0.3999999999999915,-0.0027715385178108676,-0.002796920445172546,0.004089352723593009,15.4174
2014-03-01,0.005198986293775576,0.0051645611097210775,0.005702035373285064,0.008073119151754682,0.010162572458929375,0.009841523924860596,0.0080384239024891,0.008451810963286732,0.006365397707075893,0.0100011687097874,0.00535299882530893,0.010883212254443109,0.011703000559554866,0.015154246818255501,0.00177586238971017,0.008612920205544938,-0.013676186577106009,0.013330355882121836,0.6908999999999992,15.0,0.00018312700000000515,0.003499077439068188,0.0035352981638823167,0.0,-1.2000000000000028,0.02370666230098628,-0.011260068494057585,0.002033460355001182,0.05403475215651721,-0.021104028866959723,-0.04343539903177174,0.0020094530822483136,0.0025772532345804677,0.004363114423741266,0.0051473754166231345,0.0011557831716721978,0.0021016689727240134,-0.0004444444517606172,0.001918611110609092,0.0019593160189543823,0.0008755188007825154,0.0018548243892819727,0.0,0.0003664849553128846,41.6,0.20000000000000018,42.0,6.877296071497429,4.859812404361672,5.0106352940962555,6.180016653652572,5.337538079701318,6.9726062513017535,4.941642422609304,5.111987788356544,6.218600119691729,5.556828061699537,-0.011539985045162737,0.017211451394691935,0.06351421538533053,0.007522095229679948,0.004526959585362533,-0.010000000000000009,0.0010570073659303958,-0.0026781831858286864,0.0011577608096651204,-0.014143650484534476,-0.026010038963283577,-0.02661680391544663,-0.012414471379803338,0.0014960328741135953,-0.00019250535691917037,-4.904999999999493e-05,0.025258368891180716,-0.026984378999999947,0.007940464826372562,0.009999999999999995,-0.010000000000000009,0.0,0.0,0.010000000000000009,0.11999999999999988,0.010000000000000231,-0.07000000000000028,-0.040000000000000036,0.04,-0.03,0.0,0.05,1.56,2.64,4.3,4.98,0.0009925202697873559,0.0018533030079961321,-0.0019755399794094686,-0.04585451662483564,-0.06366627146869863,0.002046001940594344,0.0009397999325484463,0.0059827278631230385,-0.0012620044298783384,-0.00017828815497011874,-0.001115790662864491,-0.0002757696147721589,0.0021703719222090356,0.0010070474251007155,0.0010086869310974578,0.0010371092591219266,0.0011262663752100721,0.0001947633778049962,-0.0008697715290306718,0.0019626010588105203,-0.006519657331156559,-0.022368161111099738,-4.212085895627382e-06,-1.5999999999999943,0.005766963210048104,0.007654194275653836,0.0017385127423876767,15.0074
2014-04-01,0.002985456711202872,0.002492278036951845,0.0016341575388754137,0.0011228980542252742,0.010196434070209648,0.0008233008342406478,-0.0027834041062915205,-0.0025570786599002915,-0.0037684986236348195,-0.008853558118351756,-0.002347076456359787,-0.0012733290984501267,0.004496314807142632,-0.004183745589322108,0.006064698253287482,-0.00019097028878611866,-0.0467252468532795,0.011387677564760779,0.03300000000000125,178.0,0.047888582999999985,-0.004232545488884298,0.00013044299144837623,-0.5,-0.3999999999999986,-0.0037059955943172795,-0.07455861883933146,-0.0835422063618072,-0.13028044156811358,-0.0626684206141288,0.00543690659673679,0.002251299428884579,0.003460936857862862,0.009148974373768937,0.0075895431123989,0.001154448878937231,0.0014423394620042274,0.000666592625504947,0.0020575706937862037,0.002644743679233841,0.002674335850741727,0.0027037153158762095,0.001511716085321524,0.0009156252070354753,41.3,0.0,41.9,6.949856455000773,4.812184355372417,5.236441962829949,6.18826412308259,5.501258210544727,6.993932975223189,4.787491742782046,5.075173815233827,6.300785794663244,5.579729825986222,0.00810362764923056,0.007816434790385074,-0.032795584938972056,0.0092244531455421,0.00397635695086862,0.0,0.0020446162903082765,0.0007890856434684679,0.002122585306254976,-0.002139569521593998,0.004183110403967127,0.004234101556607417,0.0025254089923647527,-0.000692460808586759,0.0005915621793226578,0.0003629719999999892,0.00039701914261058846,0.019790505000000014,-0.013155372101851803,0.009999999999999995,0.0,-0.020000000000000004,-0.03,-0.020000000000000004,0.06000000000000005,-0.010000000000000231,-0.13999999999999968,-0.15999999999999925,0.03,-0.06,-0.04,0.02,1.61,2.62,4.15,4.81,0.0014795362061388317,0.0013685434903853988,0.000488383519436475,0.006834650721319946,0.012718889795355182,-0.003592773098081814,-0.0001775229726863614,-0.000973843236268479,0.01160698398657356,-6.387514222261359e-05,0.004978632712673736,0.000988708887282641,-0.0034658163563747735,-3.67230766000759e-05,3.722424383667544e-05,-0.00018909093664554177,0.00017273340947454585,0.002137166827673731,0.004806868469387382,-0.0017002381077224626,0.0023252572643843727,0.014229967188269299,-0.004100462738236388,4.099999999999994,0.0012169163176452003,0.00038579924197179594,-0.005989604849807151,14.3339
2014-05-01,0.002784536090697287,0.0018631434932014912,0.0021674410797096755,0.0027460556866376606,0.0016548014903481345,0.004036924819960319,0.0026827913548226334,0.001136849888138336,-0.001257314154384126,0.01845624237477761,-0.006829166390472707,0.005600843918096565,0.0054304188582881,0.010630851521960416,-0.009078456776916433,0.0028676752808953765,-0.015387244658355392,-0.01549642776597615,0.2703999999999951,181.0,0.010864380999999979,0.00202537900410249,0.0010840778853200561,0.09999999999999964,-0.5,0.06469321214259782,-0.00844956442406275,-0.04014464918622984,-0.05262573962132855,-0.034803922194692305,-0.028122189427820743,0.001459548377226838,0.001987240482456798,0.0011976049335578054,0.0041007192705837525,0.0009884679552776277,0.001963479916103239,-0.000666592625504947,0.0013749509615159639,0.0015299880585555314,0.0011688664200111276,0.0003538292221225703,0.0008807801764749712,-0.0009614284819772223,41.4,0.09999999999999964,42.1,6.914730892718563,4.499809670330265,5.117993812416755,6.322565239927284,5.262690188904886,6.925595197110468,4.74493212836325,5.099866427824199,6.236369590203704,5.429345628954441,-0.011013094421407743,-0.01384926340698911,0.016601251800523187,0.005048884952307375,0.004639955413342278,0.010000000000000009,-0.005022913366302895,0.0017157585375002782,0.0038135195509223507,-0.01635950477193404,-0.023979326963273984,-0.02406998091531498,-0.0034425711462757747,-0.001458524276083395,-0.00020596129298677823,0.0003831730000000144,0.013590937029833938,-0.006226844000000176,0.0006064980055930924,0.0,-0.009999999999999995,0.0,0.0,-0.009999999999999995,-0.10999999999999988,-0.1499999999999999,-0.08000000000000007,-0.14000000000000057,0.02,-0.06,-0.04,0.01,1.5,2.47,4.07,4.67,-0.007948594043683421,-0.01018306537664948,-0.005894881691830278,-0.023652182575279568,-0.01144338529089417,0.0005111162659847679,3.8747314177633996e-05,0.002052536876343325,-0.009987781836362508,-0.00011408586249750385,-0.0034595181306764644,-0.00037362162692744505,0.002338019442950312,-0.00020596825645036176,-0.00021429340504930394,4.948917917868556e-05,-0.00012666158685625817,-0.0028219910733042752,-0.002627864241905975,0.0011410467787698053,0.0004634958233840081,-0.004479911829486927,0.003588298834595438,-2.1999999999999886,-0.004133560461117014,9.411520982993693e-05,0.0034338507732512014,12.2317
2014-06-01,0.0037101605488807365,0.0035646681419514437,0.0035039304937027893,-0.00013474805833268988,0.002736621591399313,0.003302469696069288,-0.0005772393221761263,-0.0008633371366064679,9.065566710653172e-06,0.004537431115577917,-0.0012929771998599904,-0.004567236976968481,0.007207165391316828,0.008282368311887112,0.003384866803452624,0.003115606686024286,-0.0377772531919458,-0.023065000892227516,0.29630000000000223,235.0,0.04514948299999999,0.00014772424406572782,0.002889700441361498,-0.20000000000000018,-0.5,-0.06758517862831948,0.029266302790469823,-0.03530779345644852,0.053291297050223285,-0.07539084596661105,-0.0009564802259554028,0.002401446348127223,0.0027650989314640384,0.005133420214645135,0.003920932976216207,0.001974009524053244,0.0028728147206340537,0.0004444444517606172,0.0023431169139875863,0.002786208172539162,0.001985682838792968,0.0027020059029982946,0.0017592364426661788,0.0028815168473244057,41.5,-0.09999999999999964,42.1,6.814542897259958,4.564348191467836,5.288267030694535,5.961005339623274,5.43372200355424,6.917705609835305,4.74493212836325,5.288267030694535,6.163314804034641,5.402677381872279,-0.003391685823929791,0.01638385264114106,0.015416147013885606,0.007886790641547847,0.002072582990981786,0.0,0.00739472622405124,-0.0008490417105733172,0.0035489901762773,0.014362073601668968,0.022339789302575852,0.022408812358694852,0.0006549616217803589,0.0026229186088517764,0.0006612788357349686,0.0004317070000000034,0.02988082173855222,-0.037945842999999924,0.01906904354064487,0.010000000000000009,0.0,0.010000000000000002,0.009999999999999995,0.0,0.08999999999999986,0.040000000000000036,0.08999999999999986,0.040000000000000036,0.01,-0.06,-0.04,0.0,1.58,2.5,4.15,4.7,0.005961010228753061,0.007406561702312686,0.0024530121247599013,0.002938587016521055,0.033642921608786125,0.009150009721015984,-0.000580937202943943,-0.0007006080630977962,0.004712001986446168,-0.00018224371855790622,0.0011648609263232856,8.716501841377067e-05,-0.0016536283160473175,-5.702705476640091e-05,-0.00022660409770924872,-0.0006139455240132818,-0.0005578112735404872,0.0024435555334196835,0.0005843199600112925,-0.0014030238052002986,-0.000929583627089503,-0.0012184391056209165,-2.3620190487960713e-06,0.5999999999999943,0.003645826006147601,-0.00011559236575209297,0.00020963675663843162,11.4496
2014-07-01,0.002705491329466625,0.0024964633169499706,0.002166069758375855,0.006107696605381463,0.001633799819130033,0.002122969369626304,0.003463366451399885,0.004762654473977612,0.0010731850763985307,0.024194972770457568,-0.0057026190689688505,0.012202248822250183,0.0008321794451475739,0.005608647479332873,-0.0022725856597549665,0.004275309165137742,-0.03299766864181386,0.009577588428783201,0.39220000000000255,-136.0,-0.022267120999999945,0.0019248419552884144,0.0010387978217263338,0.10000000000000053,-1.1999999999999957,0.07336888474516812,-0.006199647879525649,-0.0012998268727848483,-0.017450107221594457,0.006397974479661173,-0.0382005000953356,0.0017487743248967291,0.003640338930974707,0.006764400088542288,0.007310567852544025,0.0015599986742635963,0.0022142633599298023,0.0004442470086392092,0.001444972291626101,0.002094082129824315,0.0005218934412063447,0.0015211610761003413,0.0018814680997056854,0.00027399762706714625,41.5,-0.09999999999999964,42.0,6.98933526597456,4.897839799950911,5.081404364984463,6.26530121273771,5.575949103146316,6.98100574072173,4.820281565605037,5.19295685089021,6.253828811575473,5.529429087511423,0.0013022160819460282,0.2301930750547534,0.5453964519575223,0.05374663392559853,0.003080838692836707,-0.010000000000000009,-0.004278484530307658,-6.722490314814422e-05,0.0036610266792642676,0.0007137520534179487,0.0008602938790662762,0.0008715691289877814,0.0028337373258509047,-0.003393603003889467,-0.0007437145047450855,0.00042127799999999715,0.01326995971007694,-0.006555007000000002,0.005054496401060149,-0.010000000000000009,0.020000000000000004,-0.010000000000000002,0.0,0.009999999999999995,0.020000000000000018,-0.06000000000000005,-0.08999999999999986,-0.0699999999999994,0.04,-0.06,-0.03,0.02,1.61,2.45,4.07,4.64,-0.0024844733276623288,-0.003241707862532195,0.0024639041940694995,-0.007182866308489189,-0.05573523002470271,0.006887095032257484,-0.0001954078760455502,-0.0019469698168723681,-0.004001370881721478,-0.000573340868911032,-0.0016464896284036357,0.001976595965243355,0.0006733987334781588,-0.00045820420890230196,-0.0008244401402039969,-0.000163925618302585,0.0003274384757467885,0.0010951347606606987,-0.0020756090959688223,0.0010099832629357763,0.002316209147523285,0.0016246954589638207,0.0005082400786458052,-0.7000000000000028,0.0023376351504023063,0.0019331864786700237,0.0034328258348947926,12.0922
2014-08-01,0.005043581524873275,0.005037514712180169,0.006772634208568107,0.0018919022813275177,0.007692451038744608,-0.001588881283078436,-0.004655408257718818,-0.005529269463663056,-0.005492811827840782,-0.028246233138721877,0.001167999362145622,-0.0080212085212219,0.0015519987374510436,-0.008212659783783494,0.003512262428940538,-0.005706134082756442,0.00884094867754559,-0.016356736414142148,-0.36350000000000193,503.0,0.05287418899999996,0.0007881155157285491,0.0008944147471456887,-0.10000000000000053,-0.7000000000000028,0.007278331306491026,-0.00958141052126571,-0.03283317949667364,0.01944412582845878,-0.058434738199554026,0.0008281573972297451,0.001300600543336472,0.0026956988848851893,0.0003547566997523788,0.005166301448996435,0.0015575688684013045,0.0016899581532605623,0.0013315581195119108,0.0010761075978091839,0.0008364065423158706,-0.00026091267400829565,0.0005087133575205627,0.0017528488274134446,-0.002102569565151313,41.5,0.0,42.0,6.891625897052253,4.709530201312334,5.231108616854587,6.171700597410915,5.332718793265369,6.953684210870537,4.795790545596741,5.117993812416755,6.298949246855942,5.3706380281276624,-0.010757268238352324,-0.23930630203015468,-0.536955298832769,0.0027696439073388035,0.0033836677510983293,0.010000000000000009,-0.024996559094808468,-0.0026888868138321698,0.0022606378816423245,0.011125874414664949,0.016248550439489584,0.016603306461579814,-0.0008905820746232251,0.0015841259206776925,-0.00032308943690573244,0.0002448200000000067,-0.0058811290252291926,0.03014794799999998,-0.012626425414787423,0.0,0.0,0.0,-0.009999999999999995,0.0,-0.07000000000000006,-0.1200000000000001,-0.08000000000000007,-0.040000000000000036,0.04,-0.06,-0.04,0.02,1.54,2.33,3.99,4.6,-0.0004964011022758896,-0.0004632842998120168,-0.0004932177802068338,-0.012834799225005078,-0.04946817290899208,-0.0061743151000568375,-0.001284866551711339,-0.004270276881666923,-0.0024352676581109733,-0.001148436771457817,-0.0012247964056273375,-0.00031757788472841497,-0.0013081881932004435,-0.0014670627685751114,-0.0016432337702827482,-0.001290805378086013,-0.0015411958255606706,-0.001246882620726808,-0.0027030656743152193,-0.0012161278525271157,-0.0009310700393334592,0.0016207434951596156,-0.0010235372732685377,0.7000000000000028,0.00018162509466002064,0.0003577162108214793,-0.009270892247266183,13.3254
2014-09-01,0.003471154923483155,0.0034860278851418514,0.0002915467656263715,-0.00021097935069569473,-0.0024123650473093505,0.0030110849076034896,0.002443784816997585,0.0028401220219018697,0.004345085207088317,-0.002004628019433241,0.00616154380824252,-0.004683083823635137,0.0036454359987425633,0.002144122274657434,-0.0012645456727611304,-1.5843544993288106e-05,0.03981629952949728,-0.010839612400596721,0.0771000000000015,-435.0,-0.02669058999999996,-0.0005766089149723541,0.0016910555395668325,-0.1999999999999993,-0.10000000000000142,-0.10239629582910936,0.06913239014779826,-0.017627575083313474,-0.04620387007884652,-0.003386389961518077,-0.023451661035050364,0.0022021305716819484,0.002843334301143585,0.006011687817124134,0.005139747903200487,0.0014733570644320793,0.0012980271812121913,0.0017726572335199364,0.0020988289247387826,0.0018983262468275086,0.0011648832522208608,0.0019737041357341667,0.0018746490524144122,0.0019199128223270634,41.6,0.09999999999999964,42.1,6.930494765951626,4.663439094112067,5.1298987149230735,6.230481447578482,5.480638923341991,6.981934677156389,4.882801922586371,5.135798437050262,6.280395838960195,5.484796933490655,-0.009289383604992096,0.0009696672768786385,-0.00562772580007298,0.0028207955359018655,0.0011483486875878413,0.010000000000000009,0.04416251599433796,0.0014831636179888363,0.003515596308456992,-0.027656521094558073,-0.039363138192724634,-0.03979769870803307,-0.0019211774457881248,-0.00200326945089202,9.144130491023361e-06,0.000421560999999987,0.01603165751778679,-0.012344331999999847,0.006871832173476644,0.0,-0.010000000000000009,-0.009999999999999998,-0.010000000000000002,0.0,0.14000000000000012,0.10999999999999988,0.03000000000000025,0.10999999999999943,0.03,-0.07,-0.05,0.02,1.68,2.44,4.02,4.71,-0.0024871913646125066,-0.003251383401019936,-0.002957366316308274,0.03614033727113064,0.03538095167838229,-0.019287141962839982,0.00023160259124743732,0.00815696135284849,-0.002832911558434681,0.001999128237428316,-0.0003113891846666661,-0.0004629819494557097,0.0005336127111190692,0.0001816047891729511,0.0003029004166643645,8.336920876672593e-05,0.00047231257757474054,-0.0001240275016840542,0.0009761728604544828,0.0003918468603876235,-0.0009259228299351996,0.0008018489195387168,-0.0015304822235888693,2.0999999999999943,0.0008704809009874026,-0.0012432614441237888,0.0074805801054322885,13.4618
2014-10-01,0.005065882107821551,0.005386488729605787,0.006392617551052915,0.0014813238543496254,0.00372430582754113,0.00018843842878624173,9.758785502178569e-05,0.0013155760288645624,-0.003551182740548775,-0.004080116585649662,-0.0034005012710238702,0.01155600299622428,0.0003439449951212481,-0.0060512566669244094,-0.003461810971166379,-0.0010848894798920483,-0.0012732443521130676,-0.01345368102094735,0.0005999999999914962,98.0,0.02695338699999994,0.0024131332179830878,0.004411896825157413,-0.20000000000000018,0.3999999999999986,0.05310982531394881,-0.10709813555636671,-0.021664825227244222,-0.026781022677642596,-0.01917867003057161,-0.021414094503816372,0.0017181642782393425,0.002474865919042557,-0.00282452818123069,0.0027197840939763296,0.0026955295063242346,0.00297908386895962,0.002211411781354755,0.0015961562633606263,0.002273244898015392,0.00038220323253312927,0.0024503045891215436,0.0011231048787685438,0.0009129502619771301,41.6,-0.09999999999999964,42.1,6.97914527506881,4.574710978503383,5.0689042022202315,6.393590753950631,5.393627546352362,6.9975959829819265,4.762173934797756,5.0369526024136295,6.297109319933935,5.634789603169249,-0.016080552861913233,-0.013790383037608933,-0.07603779148820244,0.0008307957212956296,0.002102446829225002,0.0,-0.01958731261179736,0.0028069514499442505,0.0066047584315285235,-0.0054986239671297454,-0.009721852694691613,-0.009511781485966875,-0.005090531030496059,-0.0005868636853385567,-0.0032376475373538938,-0.00024390299999998977,-0.028476672964441896,0.07212590000000008,-0.03415140184839238,0.0,0.0,0.0,0.010000000000000002,-0.009999999999999995,-0.21999999999999997,-0.22999999999999998,-0.1900000000000004,-0.10999999999999943,0.03,-0.07,-0.04,0.01,1.46,2.21,3.83,4.6,-8.928469565461228e-06,-0.0004847037127122533,-0.0074558395149910694,-0.04064109759104273,-0.06418519231187236,-0.026955884010647857,-0.00026952193306950534,-0.0039810188254776335,-0.00014835264637369505,-0.0008803009113265148,-0.0012088296043151203,0.0016699280541976336,0.00035011960875053205,-0.00011863301398307158,-0.0003809258766231949,-0.0002239462547377613,-0.0006468361759717212,0.00043986661050432474,-0.0017945466215083528,-0.00043670247276050844,-0.00046200007659136233,-0.004446816681106469,0.0030578460505816807,2.3000000000000114,-0.007494172476976146,-0.0037096408977177475,-0.006494623312806702,18.2073
2014-11-01,0.005691443244744576,0.006144016829244592,0.0025392281322931254,0.0024688829770553866,0.002618729257783059,0.0061648470871862315,0.012194203771316303,0.015456462736450405,0.019193320999859154,0.03148372320581583,0.01567780160717369,0.011558340675494883,-0.00018724427120631049,0.0020915136589634287,0.001784219658024,0.00663652034325235,0.06720616038608185,0.002114002406995219,0.5953000000000088,-169.0,-0.024725064999999935,0.0004921527306755991,-0.00015602158556227153,0.09999999999999964,0.4000000000000057,-0.008051573287549019,0.04380883381922729,-0.015023756760461637,0.0,-0.02237855626219254,0.009821738298500193,0.002029354875924483,0.0019035375522751252,-0.0016513332367757982,0.0020748551055422837,0.0020372414657181537,0.0021962414357279414,0.0017656151132783293,0.0020496486677021863,0.001928203398980699,0.0005556713347107944,0.001628046865947752,0.002242432732373345,0.0006841661422196665,41.6,0.09999999999999964,42.2,6.90875477931522,4.6443908991413725,5.135798437050262,6.12029741895095,5.605802066295998,6.9650803456014065,4.897839799950911,4.962844630259907,6.238324625039508,5.598421958998375,-0.01875008502327624,-0.02495236345523999,0.020385905979964036,-0.0006607679602783634,0.0030561202593943904,0.020000000000000018,-0.003983758822729833,-0.0028855619037706504,0.005379051083286512,-0.0318500145259506,-0.05000574471353314,-0.047838851825771744,0.008857179810021876,0.0013444941607705374,0.003129547583508696,0.0002591769999999993,0.05390773291510076,-0.08963870000000007,0.053768765757767234,0.0,0.010000000000000009,0.0,0.020000000000000004,0.03,0.07000000000000006,0.03000000000000025,0.0,0.09999999999999964,0.04,-0.07,-0.02,0.04,1.53,2.24,3.83,4.7,-0.0005101096147477335,-2.1836206614445075e-05,0.0019126654834042967,0.019798260690018665,-0.008313433306819995,0.0363849676478889,-0.0016865010937596736,-0.003569314772986054,-0.00961922224646461,0.002237285293047897,-0.004536834285438829,-0.005206324928500372,1.7778310983374013e-05,-0.002051732458009603,-0.002660426861292642,-0.0020052539560504457,-0.0006576927634052154,-0.0037552841626418143,-0.004175283648729433,0.000983961638677755,-0.00046136102317761996,0.003634162743520797,-0.0030568074677490564,1.8999999999999915,-0.0018519014454003724,0.0024581377799375304,0.001804297942312516,13.4181
2014-12-01,0.006836247823734709,0.006555060571791671,0.0027675836586356084,0.00571289315603174,-0.006229005838980228,0.0001669780215438621,-0.0038918166437245105,-0.004439874377961672,-0.0030661388764752218,-0.0043709066925323725,-0.002693354704869755,-0.010822204854105344,0.004641140351517414,0.0023856470279159936,-0.0009550442109835799,-0.0018816516966673191,-0.048658759889855574,0.024313607244698332,-0.056100000000000705,287.0,0.055721942000000024,-0.0010357196299644045,0.0014304165899616805,-0.20000000000000018,0.0,-0.04294631882325639,-0.035150771076112974,-0.03833179898843753,-0.09745533615071267,-0.0103075375010091,-0.024649746568117692,0.0019825004532076917,0.001284125815310233,-0.0043774101250457775,0.003342621496690512,0.0006510416896627902,0.00038707180665298324,0.001101928486157533,0.0020950913810899863,0.0019998874654145737,0.0013704929847282443,0.0009716725839492568,0.0007463615223937126,0.0006836983789195727,41.6,0.0,42.1,6.9782137426306985,4.74493212836325,5.135798437050262,6.202535517187923,5.683579767338681,6.977281341630747,4.543294782270004,5.1298987149230735,6.352629396319567,5.459585514144159,-0.030608885460862822,-0.0097704518282562,-0.05421777201122602,-0.006126496493884304,-0.0013156471183872753,0.010000000000000009,0.02043157377025473,0.0036691129764001573,0.010268364097894889,0.07051462705483047,0.10410434452376904,0.10232492350249034,0.0007296981119688795,0.0013321153938790076,0.0024601928733334333,0.0005966510000000036,0.004733055258622443,0.006379599999999819,0.007186229806567468,0.03,0.01999999999999999,0.009999999999999998,0.039999999999999994,0.07999999999999999,0.019999999999999796,-0.1200000000000001,-0.1299999999999999,-0.04999999999999982,0.03,-0.09,-0.01,0.09,1.52,2.09,3.67,4.62,-0.010123621160563978,-0.013317584206231636,-0.009736394495728717,-0.043849953448308554,-0.13792465632668716,-0.0061770912848553294,-0.001204942073582238,-0.0008841210960115475,-0.011088133950554635,0.0009059899254317827,-0.0032142075450760643,0.0009517346061169718,0.00014617724724796943,-0.0016199716868072755,-0.0015409334064049318,-0.0013874386814745066,-0.0008037215478786663,-0.0004412376573590393,-0.003109954448770047,-0.00015170669906083845,0.0,-0.001213339857455864,-2.592489996011693e-07,4.799999999999997,0.005696238778622131,0.008581015574344875,0.011084551987560864,16.1928
2015-01-01,0.008750246445810461,0.008131941716012392,0.002376779039362731,0.0019775411071840665,-0.005451436610067972,-0.007972624608234113,-0.003707824850509134,-0.0038452767439398627,0.0011214675696304965,-0.0035267269999552653,0.0024471923743405455,-0.006468361608141571,-0.01262582739242113,-0.010601375559014414,-0.011729012874091893,-0.0058359744949356696,0.007199634713200176,-0.006657035275754453,-0.35940000000000794,214.0,0.012957919999999956,0.00445491893971095,0.0035839908528565445,0.10000000000000053,-0.7000000000000028,0.00965785377919648,-0.00043112740482431633,0.019952000051349117,0.08089031927601731,-0.008971888640677328,0.01083737228050552,0.0013953755538942403,0.0009235506043818731,-0.010608598210569475,0.0042813036139701666,0.0,0.0,0.0,0.0014713908121919417,0.001054931904029388,0.00017334627695575477,0.0011065562965217879,0.002111670867293469,0.0005921607206076374,41.5,0.0,42.0,6.98933526597456,4.672828834461906,4.941642422609304,6.278521424165844,5.720311776607412,6.955592608396297,4.7535901911063645,4.941642422609304,6.259581464064923,5.598421958998375,-0.04635655498105429,0.006249065374587914,0.02910070020499589,-0.000655671138858338,-3.408686731098953e-05,0.029999999999999805,-0.0241174745652053,-0.00101891243205543,0.01255934974331474,-0.006038132337343072,-0.0051954247267520515,-0.0053649193269367235,-0.0022759755366799084,0.0010286317551084778,-0.0015999813664784313,0.0005253879999999878,-0.012781714508435016,0.047213300000000125,-0.009169391943723237,-0.009999999999999995,0.010000000000000009,0.0,-0.03,-0.009999999999999981,-0.2699999999999998,-0.33000000000000007,-0.33000000000000007,-0.29000000000000004,0.05,-0.08,-0.03,0.09,1.26,1.77,3.35,4.34,-0.004318346692102182,-0.007169304827894685,-0.007114421519974989,-0.041759181100808895,0.017902574042751418,-0.025251322028327472,-0.003301316834362744,0.0008408296721471586,-0.01795034737243295,-0.004924109361827966,-0.00933750156401647,-0.0011016045370499938,0.0002458238442315519,-0.0032614906044834413,-0.005289763127864333,-0.0031676136600768956,-0.00305057589531188,0.0020996875853027674,-0.010733443727218628,-0.001449220903328552,0.0023036176968926902,0.005214198977646856,0.0010185892759002613,4.5,-0.004423317943453853,-0.024288976122226913,-0.0055685321782039665,19.037
2015-02-01,0.0036398295924033874,0.003689871596250782,0.002360522962808531,-0.004021895403480968,-0.0015489203681902097,-0.006399314470937334,-0.007643008036314569,-0.008037376209617086,-0.004181071411198722,-0.025617686044275167,0.00182115093714863,-0.0069916374799818826,-0.004925728349555847,-0.009605569772674016,-0.0020769845136499043,-0.0075426497351758215,0.06402425213367469,0.001371076563826179,-0.4894999999999925,122.0,0.034192168999999994,-0.002461155179215524,-0.0006752422688123261,-0.20000000000000018,-0.8000000000000007,-0.00041797283785083295,-0.035553448383661035,-0.03930744300430611,-0.032475178549945305,-0.04271636160158554,0.04636985895797352,0.001911917367827698,0.001946921406048574,-0.014119585323087769,0.006466389537900241,0.0007319156184095732,0.0010314596066614001,0.0002202400625570533,0.0019062793313384674,0.001693098209065269,0.0020432199932756134,0.001118253830846072,0.001364002939482134,0.0008193363834028133,41.4,-0.09999999999999964,42.0,6.786716950605081,3.828641396489095,4.574710978503383,6.222576268071369,5.476463551931511,7.027314514039777,4.499809670330265,5.081404364984463,6.3835066348840055,5.648974238161206,0.022254225969378538,-0.038924421511145724,-0.06624188267936226,-0.006374370126868811,0.0033171800605220625,0.010000000000000009,0.020100720773600145,0.0028198110983037594,0.0064389419388000135,-0.06573412308438265,-0.10097488956668244,-0.09888282941637327,-0.00108081178947117,0.0019949468778719393,-0.0013121466120971093,8.198500000000664e-05,0.026286187871833455,-0.029102399999999973,0.02116265965453179,0.0,-0.010000000000000009,-0.009999999999999998,-0.009999999999999995,0.01999999999999999,0.09999999999999987,0.10000000000000009,0.1499999999999999,0.05999999999999961,0.04,-0.09,-0.04,0.11,1.36,1.87,3.5,4.4,0.0189787246594193,0.02566081431813494,0.02118142637315934,0.06643209641209591,0.296361835646362,0.026668321617602686,0.008922130380985216,0.0026787368477467766,0.0578923158599558,-0.00031060379474467936,0.02496031507608265,0.00620126659263498,-0.0009075713756194759,0.010175950300975067,0.013364836720808349,0.00969266831678528,0.0065773702242371,0.005386594390315302,0.025828165004575965,0.0006437493548601125,-0.004146087126447817,-0.01809564653971485,0.0040627224702540765,-2.6999999999999886,-0.0009320485540591505,0.010705212950799847,0.001522503127839414,15.8675
2015-03-01,-0.0018345066915586017,-0.0033294711644700214,0.0030010786102012688,0.0055356713949628045,0.01469231815683436,-0.003429720878593834,0.001144256461985016,0.0031516948187331195,0.010964524866006187,0.02975395966559624,0.005719294558931942,0.00014544709143660128,-0.008666638614439393,-0.0002237532297071354,0.003684290132730972,0.003565244080852459,-0.004474095448951054,-0.004111281131529587,0.35299999999999443,-256.0,-0.02379388800000004,-6.383922729114033e-06,0.0005604832457581921,-0.09999999999999964,-0.6999999999999993,0.02150620522096336,0.029064132943911858,-0.052467677146937675,-0.06829651127990122,-0.04462278752379145,-0.05896624664365824,0.000667244023109248,-0.0016392606508777163,-0.020257276087826348,-0.004253649580219232,0.0008938366499293693,0.0005153311116377068,0.0015403237724758156,0.0010382591141731012,0.0017277648528839507,0.00031131096757874843,0.0020071321215731075,0.001362144969453638,-0.00036406662821342195,41.2,-0.10000000000000053,41.8,6.866933284461882,4.624972813284271,4.969813299576001,6.244166900663736,5.293304824724492,6.977281341630747,4.8283137373023015,5.030437921392435,6.26530121273771,5.5909869805108565,0.012963314510415103,0.05347587041754487,0.06430297761981763,-0.001224312745710776,0.0016778261317842436,-0.010000000000000009,-0.02348092020625625,-0.007927686357938057,-0.0016256942517784978,0.09327036460499372,0.13839762799868183,0.13811436365232455,0.004782997541018297,0.0031362378566406335,0.0008090905324467101,0.0010715839999999865,-0.001061941049154136,0.02401439999999999,-0.0067200350398932684,0.0,-0.009999999999999981,0.009999999999999998,0.039999999999999994,0.03,0.050000000000000044,0.06000000000000005,0.03000000000000025,0.03000000000000025,0.03,-0.08,0.0,0.14,1.41,1.93,3.53,4.43,0.002576917131836609,0.0034219094574723385,0.0026242544612289365,0.024098904003837518,-0.12485098879609247,-0.025538039924185796,0.00015889270808333578,0.006614260146422524,-0.001147579244848984,0.004733822498359075,-0.0004166251773085605,-0.0007077611249819427,0.0005374655450154364,0.0006667046602100157,9.242201028936137e-05,-0.00022013622569261315,0.0001205897716269888,-0.0033026651375696048,0.0007142282863927818,0.0004521939685524501,0.008276315152624392,0.02773710371673621,-0.0025466999602028473,-2.4000000000000057,0.0069638915086756015,0.004443450447416453,-0.00583357149283259,14.7123
2015-04-01,0.0029813324773808603,0.002840312889087926,0.0018301557566653415,0.007754980873869499,0.0024229778755557874,-0.005530710745190959,-0.0064696928909206974,-0.01053034115196727,-0.008493996282898486,0.008541422796220388,-0.013348716341326394,-0.007146987773245961,-0.004354785863083244,-0.0035097110941926246,0.0033836248500174193,-0.0001962965718664833,-0.0853217121191685,0.004092897118699312,0.06010000000000559,388.0,0.04287542100000008,0.002658567151812008,0.002582264724619421,0.0,0.3999999999999986,0.10552416838710155,0.017638659064597384,-0.03657304624615776,-0.13204082306573728,0.007056085724208572,0.007017572658645221,0.001963655297139155,0.002457884385517417,-0.02016980371368593,0.009115260347526188,0.00048721072827362377,-0.00012880788322178205,0.0015379548236307272,0.0018842391893070243,0.0006377670865749252,-0.0006400221631537306,0.0008700107850092564,0.000618543967268792,0.0015918138665362846,41.2,0.0,41.8,7.081708586105575,5.267858159063328,5.123963979403259,6.251903883165888,5.733341276897746,7.061334366910438,5.262690188904886,4.990432586778736,6.329720905522696,5.579729825986222,9.381743134717624e-05,-0.015801678241116335,-0.000281118854886131,-0.0031975228500957797,0.003330051140688184,0.0,0.005128993861273301,0.002272586494557416,0.0022791919729421295,-0.04119275060451422,-0.058209661323494366,-0.060383141932047524,-0.006091975348216927,-0.006616824652825315,-0.0010630085979581594,0.0002898709999999971,0.007123639356141354,0.0008709999999998441,0.006332040422643903,0.009999999999999995,-0.010000000000000009,-0.009999999999999998,-0.020000000000000004,-0.01999999999999999,-0.16999999999999993,-0.10000000000000009,-0.1200000000000001,-0.05999999999999961,0.01,-0.1,-0.03,0.11,1.23,1.82,3.4,4.36,-0.010327679332929662,-0.012735572087570368,-0.006350338048906501,0.016061080121773763,0.18595116656043098,0.030919187290297856,-0.0016483937041993357,-0.0071389588527681624,-0.012686012216835074,0.0023114561959074464,-0.005496546272165226,0.00027263164527457917,0.000658630995364895,-0.0021567032511757844,-0.00237268405392399,-0.001985840583103915,-0.0010020918369022525,0.0026065056097035466,-0.007386806395462742,0.000439719236577929,-0.004603181596245065,-0.012882420025344121,-0.0005090166300369958,2.9000000000000057,-0.0010204663190496177,0.0010832256344119884,0.000723664078046582,13.5328
2015-05-01,0.002091772277417192,0.002138303155431842,0.003007711501060051,-0.010338101147407741,0.007079249568601398,-0.004534818383618244,-0.001830591274677218,-0.0019423351423970558,-0.00158685523737212,0.021635111525432293,-0.00836405459092493,0.002498826754100847,-0.007760431415732683,0.00019190060794382902,-0.0013866659242243173,0.00020426719216004585,-0.016476453441451433,-0.01681063752786649,0.08199999999999363,-35.0,-0.025010784000000008,0.0037558311894621,0.0020583336116128947,0.1999999999999993,-0.1999999999999993,-0.09453728268997708,0.0679973512454497,0.0291518619085398,0.14083736119507329,-0.022517246041833694,-0.04286370443178278,0.002383808217306438,0.0014309809770516324,-0.02823596206548551,0.005460657925175028,0.0012169893189994951,0.001287332824539078,0.001097092814374534,0.0025368742747122752,0.0023973640490169146,0.0011759417534680239,0.002168507315071011,0.0013594514853974005,0.0003180589344573548,41.1,0.0,41.8,6.983789965258135,4.983606621708336,4.976733742420574,6.240275845170769,5.616771097666572,7.148345743900068,5.659482215759621,5.1647859739235145,6.302618975744905,5.575949103146316,-0.0031006320058519776,-0.037665011716120134,-0.11660888489904053,-0.007347478612132363,0.002519993706624035,0.0,-0.007626043140896321,-0.0007045325826204873,-0.0006733073506239862,-0.03459144199045561,-0.05128265862498971,-0.050498429300501524,0.00033937443014320223,-2.951794586358858e-05,0.00037940021249482925,0.00025040200000001067,0.008120230984057564,-0.0011961999999998696,0.0059605491230709795,0.0,0.01999999999999999,0.0,-0.009999999999999995,0.009999999999999981,0.18999999999999995,0.26000000000000023,0.45999999999999996,0.40999999999999925,0.03,-0.1,-0.04,0.12,1.42,2.08,3.86,4.77,0.018056963662924197,0.02397168965503571,0.013752751712224232,0.024328188025542374,-0.04501846092801376,0.01792767663491368,0.002250383811671419,-0.0025671326430680708,0.020592672991816663,-0.004414959643015415,0.008052873702972363,-0.0015813290418345005,-0.0012202661970412976,0.002412483705385604,0.0037514552819466473,0.002811098384796651,0.0015107294772853663,-0.0022445163563329373,0.009640063259985787,-0.00044451650332533177,0.0004529632643142101,-0.0015948805578904768,0.001005768914745353,-5.200000000000003,0.001106795312402653,0.000816372146731581,0.003301579026331325,13.1924
2015-06-01,0.00041329400854905884,0.0005872326639604353,0.0007057646515269411,0.0017223123888658876,0.0010261167760816647,-0.003068189815841116,-0.0019436933290633007,-0.0025744787911508027,-0.0010513202816824219,-0.026335861303928176,0.006295719497298791,-0.00589130265746185,-0.004418900882560806,-0.006629001040937332,-0.003721333737946253,-0.003698208764090438,0.014763454406223175,-0.0005335237277854787,-0.22690000000000055,-315.0,0.0066265549999999784,-0.0037430972835270637,-6.71968498267006e-06,-0.2999999999999998,-2.3000000000000007,-0.06780839663411431,-0.046482072890489334,-0.05439241971810205,0.10711057576561167,-0.146456293232621,-0.000912825257358918,0.0011015627768884428,0.0005616113286777136,-0.004697294649492534,0.002175941175604379,8.107998545092698e-05,-0.0001286587328888089,0.00043850033590153714,0.0011882276730847963,0.0012712658283415834,-0.00025928006713549223,0.0006232992005745785,0.0022205782625768222,0.00013628001020471459,41.2,0.10000000000000053,41.8,7.094234845924755,5.389071729816501,4.983606621708336,6.313548046277095,5.662960480135946,7.229113877793302,5.638354669333745,5.220355825078324,6.410174881966167,5.720311776607412,0.007998168076440493,0.05308370826604225,0.11662227330334396,0.0002524649962545311,0.0062281188756738715,0.0,0.018474470104896668,0.0013261445153354146,0.001187883727089556,0.019897449938772738,0.030960602054193487,0.030168931848811864,0.0008100608843584212,0.0026597118162126065,0.0015187770450619809,0.0008456010000000014,-0.006007764025358853,0.02658779999999994,-0.0046646597966195635,0.010000000000000009,0.03,0.0,0.009999999999999995,0.040000000000000036,0.1399999999999999,0.1599999999999997,0.2100000000000004,0.2400000000000002,0.05,-0.11,-0.04,0.15,1.55,2.23,4.06,5.0,-0.005718028215185633,-0.008381523287646964,-0.0026640431974769285,-0.02505088528965782,-0.07558364901872183,-0.05464856937267104,-0.0005282225323384182,0.0018783277260139286,-0.010368602542456529,-0.002988612443041383,-0.003663726994902916,-0.0002558623098654067,0.001413742406193741,-0.0009232065316142624,-0.0012093029689630441,-0.0003234016446302945,-0.000456837454366088,-0.0008670394272334292,-0.004181449046802399,0.0007736358333669813,0.00044985950452192114,-2.515535000746638e-06,0.0004960415101957771,5.3999999999999915,0.0005721411708083934,0.0008984115567045592,-0.007077375429238586,14.5708
2015-07-01,0.0016398973256794847,0.001713966193596761,0.0037102283936594205,0.0027431491883422865,0.007964668545659137,0.006256591421490931,0.007274899396367829,0.009803220237824206,0.014792909790384279,0.04737218658096065,0.005283299747532055,-0.0024384559055032895,0.005001743015034421,0.01296866962022225,0.0011226940184076994,0.007374849851998988,-0.0025361049283549875,0.016225344790377072,0.6066000000000003,808.0,0.10516814099999994,-0.00041393496717567757,9.407148095696982e-05,-0.09999999999999964,-0.29999999999999716,0.10864657880157669,-0.0753929890357643,-0.04922565223902353,-0.10313758682883556,-0.01632118299891605,0.014506147389029778,0.002072729553002972,0.0017848496540757708,-0.014756526004371828,0.004801372191437281,0.0012154115663829401,0.0002573009148374439,0.0028455748652884694,0.002118913520583021,0.0014935407152396607,-1.7287728306669692e-05,0.0009310120773022845,0.0023386065184798355,0.0015885626851375179,41.2,-0.10000000000000053,41.8,7.044032897274685,5.043425116919247,5.147494476813453,6.311734809152915,5.5909869805108565,7.038783541388542,4.770684624465665,5.1647859739235145,6.345636360828596,5.6240175061873385,-0.005194654802982868,-0.008765869023205752,-0.04327002948245351,-0.001978262586771251,0.00019115585632256682,0.0,-0.004670915907918349,0.00020837708579080072,0.0025689175277712195,0.018131462747028593,0.02617492650150144,0.026175998854958582,-0.0039232668117481495,-0.002094512161528783,-0.002152981974605339,0.00046441699999999475,-0.002456224422098252,0.017146099999999942,0.004256445322062152,0.0,0.010000000000000009,0.009999999999999998,0.03,0.019999999999999962,-0.050000000000000044,-0.040000000000000036,-0.040000000000000036,0.07000000000000028,0.06,-0.1,-0.01,0.17,1.5,2.19,4.02,5.07,-0.0066421874029432,-0.008212711558872599,-0.005789340965046463,-0.03639774393917161,-0.17071390704738,-0.0018534364935582914,-0.0011790342677207022,0.003979465280649741,-0.006295533866839342,0.002319751399230796,-0.00298136555140438,-0.001308297944736303,-0.00022958400307970805,-0.0010466368477066723,-0.0022497953794839987,-0.0014691482349435958,-0.001027769604070805,-0.0012723301113064522,-0.0021096290173066023,-0.0006428668919280511,-0.0031885494746166643,-0.004756874691715485,-0.0015124644853181657,-3.0,-0.00183319344076871,-0.0005129501252127966,-0.005209252537856202,14.6217
2015-08-01,0.001984583611696067,0.0020376981070153732,0.002462371511309236,0.0012486196235652613,5.553636466970602e-05,-0.001710842383224609,0.0011463452348090541,7.86609546103989e-05,0.00044239958251157674,-0.02391350566327155,0.007594247350826144,-0.0031444869426113797,-0.005355146913699649,-0.011440501184536878,-0.004539879704928751,-0.0032104703334727702,0.010837108221682712,0.007300546524633411,-0.2184000000000026,-589.0,-0.05746169499999998,0.0011140501965467564,0.002355618834918971,-0.10000000000000053,0.29999999999999716,-0.21646427572029303,0.04703129968476549,0.018998087099571848,0.017296028650716444,0.02093586585358853,-0.009223322460551131,0.0009925419389453793,0.00010189525176862446,-0.016730631835328857,0.0027773509598087998,-0.00032396533854139875,0.0,-0.0008746993778778744,0.0011353288567939046,0.0007086511681606567,0.00015557879665273333,0.0004106539079469229,0.0013514345689742413,0.0004534119325025898,41.3,0.0,41.8,7.029972911706386,4.727387818712341,5.017279836814924,6.432940092739179,5.497168225293202,7.060476365999801,4.74493212836325,5.159055299214529,6.368187186350492,5.680172609017068,-0.0216758812574529,-0.02174736970862945,-0.013781283575557524,-0.00518467326124572,0.0014599279873959148,0.020000000000000018,-0.012496599943052189,-4.195677768592532e-05,0.0041162452628533686,-0.004818071828141868,-0.008202589405364336,-0.00828808251954527,0.002262215637074405,0.0010226367602914621,-0.0007252288697108256,0.000429140999999994,-0.026256887566729503,0.0659364,-0.016030643050175097,0.010000000000000009,0.07,0.04000000000000001,0.1,0.08000000000000002,-0.08999999999999986,-0.1499999999999999,-0.11000000000000032,-0.009999999999999787,0.12,-0.07,0.08,0.24,1.4,2.03,3.9,5.05,-0.002557933447137728,-0.0033894675145287323,-0.004765091135018551,-0.0009851016429465176,-0.01021351330126663,-0.0026193155095750598,-0.0015892639933374753,0.0023627332065929707,-0.009155279803033878,-0.0021580898806679016,-0.0027839255954908992,-2.114509711148571e-05,-0.0008841922522320189,-0.002101918440197359,-0.0015728171817830372,-0.0015454425391538962,-0.0008405394446757697,-0.0006023597277504678,-0.003606838936896395,-2.4627064689752842e-06,0.002728307476971281,0.004759390226716231,0.0004983622291279133,-1.1999999999999886,0.0020564010382830844,-0.0014778145249003671,0.008193124238808025,19.9964
2015-09-01,0.0026647701598516704,0.002677662098314215,0.0005858843882942111,0.009743476678540475,-0.004626741330289619,-0.002813206551951275,-0.004853728515064937,-0.006019676741467528,-0.0034598635604128347,-0.00420517252981778,-0.0032476180556617606,-0.01010627729361957,-0.00016185302886650987,-0.0047393500866599325,0.007452194767029852,-0.0027114137743398103,-0.0037241882175882424,0.01798353687147536,-0.19310000000000116,21.0,0.01000948800000001,-0.0027970264010104273,-0.0023824954979136947,-0.09999999999999964,-2.6999999999999993,0.13135826609020906,-0.023898595573859538,-0.035960255419890785,-0.038940160150302994,-0.03514065015190582,-0.02092971571013713,0.0009493838509104791,0.0006111535713522187,-0.019351925800020986,0.002769658640792372,0.0007287744765633875,-0.00012864218194863497,0.002185315554998013,0.001003569691572892,-0.00044751072907978084,-0.001660756371679284,-0.0006481401493019234,0.0008590538664154934,-0.0009070295406434781,41.2,-0.09999999999999964,41.8,7.1098794630722715,4.867534450455582,4.9344739331306915,6.481577129276431,5.71042701737487,7.042286171939743,4.762173934797756,5.181783550292085,6.342121418721152,5.638354669333745,-0.005877623773088203,-0.02274032169437845,-0.08629776014581125,-0.009426856882123857,0.0020501768897176476,0.0,0.014525302038297383,0.0007887222502489522,0.0071482732435139695,0.005368428455419405,0.006795131916673469,0.006900263611682389,-0.0011727590744987637,0.0003343646513283005,0.0036086257728422666,0.001149844000000011,-0.047413328564345214,0.11489349999999998,-0.03547864129932421,0.0,0.010000000000000009,-0.05,-0.04000000000000001,-0.010000000000000009,-0.050000000000000044,0.0,0.03000000000000025,0.14999999999999947,0.13,-0.12,0.04,0.23,1.35,2.03,3.93,5.2,-0.008787096623065871,-0.012275548995650531,-0.0070124488672727026,0.010952331822618788,0.2307910312190411,0.05329692493968352,-0.002245916045929164,-0.005017193808273035,-0.01959691240018202,0.003080235511320417,-0.0070093591738364935,0.0025290015184173953,0.0006904099082545301,-0.00272342618573429,-0.0037570378097040447,-0.0026880352293492393,-0.001455699006989164,0.004575847178287518,-0.008539041392571889,-0.00016933721842171678,-0.003636571625878826,-0.012751692205455356,0.0024903809011238565,-4.700000000000003,0.0065213482134360845,0.006696693104538909,-0.0075703271704732344,24.2515
2015-10-01,0.002410092335370706,0.002647845823517514,0.0006900662110034261,-0.0021137608827892507,-0.0026480610337653587,-0.004748269909224945,-0.0030268898342926676,-0.005798417395137534,-0.004266944622121294,-0.0006185809949679211,-0.00533246806887977,-0.008203055646729851,-0.006960579167393455,-0.00030170252360228744,-0.000901075820722852,-0.0013149731955648392,-0.012323317405786405,-0.002031987317431927,-0.09890000000000043,285.0,0.034661571999999974,0.0027652136129034943,0.002818112925478289,0.0,1.8000000000000007,0.0033783815916272886,0.0013183917532577638,0.002996705868605787,-0.017989037836073862,0.015614227801550307,-0.009319731948801646,0.0022397841197179247,0.0019836734970439807,-0.011208862943171916,0.005974740102162812,0.000647353963374897,-0.00038602586852576337,0.0023983441126596006,0.0022807999200171736,0.001602654039388085,0.000259675061400344,0.0026412642129347574,0.0018383484557151775,0.0007256894367824174,41.3,0.0,41.8,6.964135612418245,4.882801922586371,5.14166355650266,6.249975242259483,5.4680601411351315,7.05617528410041,4.844187086458591,5.153291594497779,6.391917113392602,5.572154032177765,-0.010710905331276166,0.03870091346315441,0.14467363873266947,0.00014239247529346244,0.0015198506373472753,0.010000000000000009,-0.015133959915733186,-0.0015459350711282127,0.002358468674040992,-0.0031957380075446906,-0.00405089798738878,-0.004059530195147598,0.0015559442748269703,4.2926850493785196e-05,-0.002685265500648626,0.0005277059999999889,0.06264574139961088,-0.07232409999999989,0.0537858132444442,-0.020000000000000018,-0.020000000000000018,0.0,-0.06999999999999999,-0.10999999999999999,-0.10000000000000009,-0.10000000000000009,-0.1200000000000001,0.0,0.13,-0.1,-0.01,0.14,1.27,1.95,3.83,5.22,0.009769536290872516,0.014148183229520939,0.00957134498503276,0.007278898942196577,-0.0429604523085505,-0.010787363183448306,0.003239109937318574,-0.004245504762505625,0.023609055584661753,0.004435562301842388,0.007960084079489782,-0.0022368278967741517,0.0004000230122089832,0.0040957220570936315,0.005059502656781234,0.003132268061426302,0.0013839839411593502,-0.0038539013015448376,0.009940049261404127,-0.0004916467355862153,0.0077096762241524175,0.028258823644183195,-0.004992769862296242,2.799999999999997,-0.014788714740825881,-0.0087284398031926,0.0063637703789858335,16.4927
2015-11-01,-0.00015664451981756145,-0.0006121639430123338,0.0016604794140580026,-0.0019889304822395815,0.004093154435773627,-0.007211710629219326,-0.004246087198908732,-0.006353752320628736,-0.00285477833284542,-0.008438834814681329,-0.0012282243913599444,-0.014389367045555268,-0.011064769332755908,-0.007147535971478547,0.002639585750347173,-0.002427646111409665,-0.04697751924787674,0.0011966566928558464,-0.195699999999988,-65.0,-0.015230118999999931,0.0018815757386647647,0.0014529193172840849,0.09999999999999964,0.3999999999999986,0.004206989797629568,0.008309691375717243,0.0014949920559885754,0.049104431928147285,-0.026642869913997558,0.005602255548669888,0.0015837757432919375,0.001573963920684207,-0.020384483154330724,0.007759643347435841,-0.0004045471150284641,-0.0018034269991513696,0.001958012156066502,0.0015853468522060155,0.0008933889813995677,0.0002423025678623958,0.000403268399784551,0.0018349751310680062,0.0011328365169163135,41.2,0.0,41.8,7.066466970136958,4.836281906951478,5.117993812416755,6.408528791059498,5.605802066295998,7.126087273299125,4.812184355372417,5.3230099791384085,6.418364935936212,5.713732805509369,-0.004859768857144786,-0.017883202798806508,-0.09660261389416291,-0.003538493999812431,-0.001920022645482078,0.010000000000000009,0.024918778310325962,0.003971990579422879,0.006133202464114973,-0.021250179373646816,-0.03342526062557738,-0.03317528546855075,0.00047635775073029407,0.004595396399015073,-0.000799194366773115,0.0007172649999999947,0.004547433049563843,-0.042605500000000074,0.042617056991026026,0.0,0.04999999999999999,0.09999999999999999,0.21000000000000002,0.21999999999999997,0.28,0.18999999999999995,0.10999999999999943,0.1200000000000001,0.18,0.0,0.2,0.36,1.55,2.14,3.94,5.34,0.003634342812496527,0.004445545090880465,-1.865958846281046e-05,-0.034205795579218545,-0.10146122706435134,-0.054600850386869126,0.00020491170130476632,0.008669423858347791,0.004655725359921092,-0.003332491443815755,0.0006613699980864141,-0.0007096683231671008,-0.00017320205103299458,0.000574541253431704,0.0002998808881251591,0.0005048981029496247,0.000625592923513274,-0.000489031612869617,0.0010775945293950429,0.000634115118264944,-0.005894576278756336,-0.014339068498569585,-2.4850675428567115e-07,1.2999999999999972,-0.003943253397023838,-0.0027477334613248416,0.004289953527825574,16.177
2015-12-01,0.004232817610194672,0.0038104769959801388,0.0031566965313816198,-0.0014414801386859466,0.004136390964015746,-0.004934891257751595,-0.0058816904608614,-0.0074913342129416804,-0.006296752413626372,0.0009255310391633742,-0.00841552304753801,-0.010195429485273522,-0.003701423103186663,-0.0020479703498370583,0.0003792382173104514,-0.0026395487749004687,-0.028211587930762505,-0.01083569787392058,-0.2219000000000051,137.0,0.025718413999999967,0.0036260174500082343,0.004439392986858692,-0.09999999999999964,0.0,0.00711151292444967,-0.046810417843990315,0.003578888400966207,-0.03273745446394205,0.025233426410764537,0.009267906930780612,0.0019098059971902615,0.0013688562050244713,-0.014736656989438934,0.004838231391380177,0.0004045471150284641,-0.0007738940151487128,0.002387931233480245,0.0019963974104051374,0.0012642696809095355,-0.000380787542463068,0.00040310583993452553,0.0008551707808450715,0.0007243424645562158,41.3,0.0,41.8,7.044032897274685,5.043425116919247,5.099866427824199,6.373319789577012,5.484796933490655,7.099201743553092,5.147494476813453,5.147494476813453,6.411818267709897,5.552959584921617,-0.017770923458691357,-0.01985865404550502,-0.11065319129216356,-0.0026760637345581983,-0.001948951904637397,0.010000000000000009,-0.012067288444564284,-0.002420752492163558,0.005980417546469496,-0.030251782984869635,-0.0453368338456448,-0.043295240711081595,-0.00459827244312816,-0.00306071317885781,-0.04021600462635355,-0.006317945999999991,-0.01283786707892709,0.04104350000000023,0.004543612131651109,0.12,0.24000000000000005,0.11000000000000001,0.16999999999999998,0.17000000000000004,0.030000000000000027,-0.019999999999999574,-0.08999999999999941,0.0,0.3,-0.01,0.25,0.41,1.46,2.0,3.73,5.22,-0.007811584050237741,-0.010909590978982031,-0.007124618348290923,0.005446839252541302,-0.04673011470835142,0.04098106048128969,-0.0022700367528676324,-0.0006684670617085331,-0.01080376776289338,-0.002299576079748178,-0.0039323896990755,3.238203357014413e-05,-0.0010595899212511029,-0.0025949403786134084,-0.003320791224081354,-0.002267311211656242,-0.0014666444926252353,0.0009555546867838771,-0.005717623761595014,-0.0004907975225361128,0.002704937408313235,-0.0019695102033914225,0.0029892900936636657,1.2999999999999972,-0.11297593861376853,-0.19192583196570112,0.0008970316231859954,18.3855
2016-01-01,0.0013139610276180491,0.0012569103490811528,0.0016732752803738649,0.0006835433243139732,-0.007176185116946954,0.004960032589750973,0.006472365028371563,0.007848717868094823,0.013573312373369006,0.011357265184272158,0.0142248866333059,-4.5559643275794315e-05,0.0029711379864494347,0.000831580761902373,0.006125101838099667,0.003755496218799337,0.061253221778592604,0.012371703243146293,0.25509999999999877,167.0,0.04903384799999999,0.001549089034622142,0.003490915537609496,-0.20000000000000018,1.2000000000000028,-0.102169835278759,0.044193756952818575,-0.04319406237326717,-0.08112554481236778,-0.02186398880660345,0.03124118947995491,0.0007894397134879938,0.00040522743944215733,-0.02038509727363369,0.00015081818895978927,0.0016973129958799404,0.0015471895814584968,0.0019495294813172137,0.0008509087002188664,0.00014863258053487982,0.00036348216308468295,0.002108856056569408,0.0021956583595237333,0.0007690394172410464,41.4,0.09999999999999964,41.9,6.9957661563048505,4.955827057601261,4.990432586778736,6.322565239927284,5.5053315359323625,7.065613363597717,4.465908118654584,5.288267030694535,6.3473892096560105,5.752572638825633,-0.015230477862253622,0.04998916542923659,0.23423152862531005,0.003789464216643168,-1.4812543152942226e-05,0.010000000000000009,-0.006916467682406946,0.005499325435112112,0.010865721441359,0.03229009034726715,0.052952309460549074,0.05072022711380775,0.0019841331162977482,-0.0010236677147084094,0.04125115474294638,0.0006578500000000154,-0.06823230573956618,0.15767679999999995,-0.05533598158202091,0.10000000000000003,0.029999999999999916,0.03,-0.06,-0.10999999999999999,-0.17999999999999994,-0.15000000000000036,0.029999999999999805,-0.009999999999999787,0.23,-0.08,0.09,0.2,1.18,1.75,3.66,5.11,0.004155505485798017,0.005931376997278193,0.00042207796253102003,0.036374160590623816,-0.02830293518195015,0.0005219856292626446,0.0006175835690642728,-0.01083560405406736,-0.000947749209752935,0.002103585266510777,-0.0003162710432516036,-0.0007524480063230143,0.0010670549488693837,0.0004015481000951837,0.00041533449697261915,0.000473774251211978,0.0012514089961843666,0.0018317903761539966,0.00017658938850484418,0.0014619254994681086,-0.002706564320697602,-0.0015717093146783156,0.0004899668256852507,-0.5999999999999943,0.11370329494108056,0.19208317400325292,-0.006249890191416085,23.5714
2016-02-01,0.000550146034825616,-0.0005116051723526027,0.006644611489022623,0.007965863480574598,0.010057086304591678,-0.005201604974451435,-0.004233526960310208,-0.005065329153651987,-0.0019337296643247015,-0.0037082399090628826,-0.0014117427027144913,-0.005223066192751702,-0.0064897357242710285,-0.002934278550910996,-0.00193098126375002,-0.00348620415385259,0.007090422458161605,0.040443606713653324,-0.3024999999999949,-242.0,-0.03909619899999994,0.0022718676943167537,0.001896602600407249,0.10000000000000053,0.29999999999999716,0.03135907948673289,-0.046021075871516715,0.02940487506086953,0.023489553237567407,0.032619294728074344,-0.04704812017779325,0.001500312555723582,-0.0015204503461276886,-0.03122685934224112,0.0013563411016122018,-0.0014546632595813236,-0.001805287401964506,-0.0008659883632766707,0.0019826424184614666,0.002449253460261147,-0.00039810640351944926,0.0032949588942781105,0.0003654748167623012,0.0010846968432218773,41.1,0.0,41.8,7.110696122978827,4.406719247264253,5.342334251964811,6.437751649736401,5.733341276897746,7.066466970136958,4.8283137373023015,5.176149732573829,6.342121418721152,5.71042701737487,0.002068136829498357,-0.05368359812066359,-0.12810967695873465,-0.005560248251091693,-0.0026054806709012723,-0.010000000000000009,0.00927130501400697,-0.0050718827863018845,0.006674908636165711,0.03212197830235475,0.045387490118018015,0.04566410584036629,0.006179825943068096,0.0016238118971276805,5.626855026186206e-05,0.0009440099999999951,-0.008148400629719,0.025478999999999807,0.006186872229638762,0.03999999999999998,-0.029999999999999916,0.04999999999999999,0.010000000000000009,-0.010000000000000009,-0.30000000000000004,-0.30999999999999983,-0.040000000000000036,-0.11000000000000032,0.16,-0.07,0.06,0.15,0.84,1.4,3.58,4.96,-0.004747460830188288,-0.007065188296262015,0.003236411780747517,-0.012908411010777776,0.1164763348186999,0.050674961177859856,-0.0008720114457840822,0.015475765501609118,-0.009522161607594448,0.0027641978337511475,-0.0018073611662083877,0.0030911541662375086,-0.0003467714126559329,-0.0010695207756947767,-0.0010252497807030636,-0.0012168546853343898,-0.0009335926742854994,-0.0007832326936485501,-0.001597976028992143,-0.0007719373500965077,-0.0013506416383979314,-0.002758153777389971,-0.0014936390165591895,-0.29999999999999716,-0.0034638590612949827,-0.004341905098188548,0.0008164696887060785,22.5028
2016-03-01,-6.245761141698836e-05,-0.0001279422004039077,-0.003730865577798781,0.0004007970962103258,-0.003182767880279158,-0.00770933566450438,-0.0076984227725676035,-0.008709351468130677,-0.00904891932351326,-0.003865282005564019,-0.0105833774809998,-0.006330929353666193,-0.007739406967969487,-0.004290758983645837,0.004503814022138286,-0.000884514619993837,-0.09567901753740582,0.006332755827748393,-0.10970000000000368,359.0,0.02072209299999994,0.0033918709501747912,0.0018467225931644293,0.09999999999999964,-1.0999999999999979,0.07911300356235884,-0.008725658117231028,0.019725684414394706,-0.012981575639153142,0.03698207331082415,-0.013207739167777177,0.0017765273223986355,-0.00025363329833894,-0.030667323542239444,0.005706578033120024,-0.0018618210745042774,-0.002714056593303482,-0.00043327557003713935,0.0020997383042686835,0.002775980315089299,0.0006576556544466428,0.003455353832046981,0.0019469463438941403,0.0018052175675933313,41.0,0.0,41.8,7.01301578963963,5.030437921392435,5.081404364984463,6.285998094508865,5.560681631015528,7.0192966537150445,4.584967478670572,5.214935757608986,6.35088571671474,5.572154032177765,0.009281859292167738,0.007544332730365255,-0.05768502902655648,-0.0019068458013364875,0.0033080119236341687,0.0,-0.0022988805373405086,-0.00036104178240314866,0.0018315888012025994,-0.014156207558050582,-0.025144623100162633,-0.025513881021731688,0.003394667090943493,-0.00014468144411772244,0.00046336560162263396,0.0006605349999999899,0.060615039528459924,-0.12535479999999977,0.0689771881943444,-0.020000000000000018,0.010000000000000009,-0.020000000000000018,0.020000000000000018,0.13,0.15999999999999992,0.10999999999999988,-0.14000000000000012,-0.20999999999999996,0.19,-0.07,0.1,0.3,1.02,1.53,3.46,4.77,0.009474283686058627,0.014093503256376039,0.010586098804619581,0.03303248622569743,0.2577438236080263,-0.01043725750796387,0.0044604531351639665,-0.007603275068499116,0.034978815869019186,-0.004236778782138906,0.01169848341094859,-0.0013954696837208402,0.0001941488532546387,0.0057335895464287745,0.006984948727137841,0.00526182376464579,0.0028602836361271144,-0.0019205177846650656,0.012928049688282428,0.0005134678847609209,0.008081854741914807,0.01725627029871113,0.0024675390175841194,-0.7000000000000028,0.005911299279619087,0.0069180431106588,0.0011554345275381905,15.6595
2016-04-01,-0.0015369655405894633,-0.0017627521570524607,0.002647145525610739,-0.0009196700797122759,0.003934867157438404,0.003193639850108454,0.005367911964036409,0.006306201441250714,0.010888960671047165,0.012845712700596756,0.010306505229170426,-0.0010658786253463504,0.0002965697979249171,0.0013042637881266472,-0.009557948568273744,-0.0013070956820513402,0.11165731509324672,-0.02013620853303877,-0.14449999999999363,-326.0,-0.050527715999999945,-0.00023875345677737414,-0.0009527212820188424,0.09999999999999964,-0.40000000000000213,0.06984685426636172,-0.016744577273802186,-0.006532089734255564,0.05177227373528126,-0.038378396553751415,0.010392157767613597,0.001321638188775509,0.0010648278267009204,-0.020873623142753317,0.00358744779365594,0.0008908686558015688,0.0005175313868903686,0.0015156438973740194,0.0013624694242011515,0.000665090181181327,0.0008473917272464604,-0.00017755794459972662,0.0027921110703630347,0.00027050178245247025,41.1,0.0,41.8,7.0587581525186645,4.77912349311153,5.332718793265369,6.398594934535208,5.4638318050256105,7.05617528410041,4.709530201312334,5.231108616854587,6.3578422665081,5.652489180268651,0.004816425076350939,0.05083149396783604,0.17914816767228814,0.005617388111602395,0.0030025375779274555,0.0,0.007393963635372813,0.0016219398991790257,0.0027693281830298844,-0.013228551364100838,-0.016561274202427256,-0.016562109661418245,-0.007364072309242964,-0.002228170556639597,-0.0004987004891141567,0.0006696380000000002,0.026158968489260026,-0.04672020000000021,0.03387303404942177,0.010000000000000009,0.0,-0.05999999999999997,-0.09000000000000002,-0.09999999999999998,-0.11999999999999988,-0.07999999999999985,-0.19999999999999973,-0.33999999999999986,0.18,-0.14,0.0,0.19,0.89,1.44,3.25,4.42,0.0010465307575877603,-1.2435915381026064e-05,0.0016584364395200168,0.01113750906522526,-0.13208335595924448,-0.034860872933756504,0.0006934339142823376,-4.789145615990975e-05,0.0003471236783658682,0.0015681394030595541,0.000883445530203808,-0.0006958893955042456,0.0005285139719717336,0.00028282694430092903,0.0008382161320676929,0.0006112940580482729,0.0009338344961857814,0.006740742058513938,0.0002866844488602638,0.0002421961731968736,-0.003164393507300023,-0.012934354395737646,0.0014575391915077063,-2.0,-0.0009712948025768497,-0.0009980783986449637,0.0029216518883377063,14.216
2016-05-01,-0.0004751252673251827,-0.0007467161807355183,0.0016406048120627403,-0.005628755256378071,0.00366391326913984,-0.002262973409519198,-0.0027965273514221067,-0.0034010563219819545,-0.004071582362664472,-0.014326391717463416,-0.0010145393516127754,-0.002304374657888353,-0.001577242043374838,0.002035144909105391,0.002069003950900594,-0.000706079209920496,-0.011980576640536533,0.005457643165382997,-0.09830000000000894,-26.0,0.03561558199999992,-0.0022458136356018343,0.0003838441375219048,-0.2999999999999998,-1.0,-0.13606792555331548,0.06007265403733886,-0.10512885414735074,-0.0981263831068313,-0.10914555115689684,0.03145495216788596,0.0003127638970852331,-0.0022831639335425535,-0.01773381957034026,-0.0019416031788477284,-0.0017014385307732027,-0.0031092135424799494,0.0006488591122000287,0.0007248186257466926,0.0006277348211227718,-0.000414959288075778,0.0003043657485211071,0.0019377503943935892,0.0006759345051534638,41.1,-0.09999999999999964,41.9,7.045776576879511,4.418840607796598,5.25227342804663,6.391917113392602,5.6240175061873385,7.094234845924755,4.663439094112067,5.181783550292085,6.375024819828097,5.811140992976701,0.0005865946688476953,-0.03320085449001553,-0.024724384290076173,0.0010619020009912106,0.0028055224935030765,0.0,-0.0020801568600443687,-0.0009272906786037538,0.0033056018680888144,-0.0028804556599162368,-0.00446027792469561,-0.00435360145758068,-0.0007724213499029631,0.0023003801458454376,-0.000165762237928746,0.000738967000000007,-0.004824826014268702,0.019630999999999954,0.0024294393081465415,0.0,0.019999999999999907,0.04000000000000001,0.03999999999999998,0.029999999999999916,0.040000000000000036,0.0,0.029999999999999805,-0.11000000000000032,0.2,-0.1,0.04,0.22,0.93,1.44,3.28,4.31,0.0005134927075243212,0.0014872767073699222,0.0016363770370269037,0.007448455904972562,0.05471997335041712,0.010105447053464722,-0.0014620211320552912,0.007811933145997152,-0.01002326564809497,-0.0006188506737556665,-0.004371339162939414,-0.00044897703739898986,0.0003266125454510771,-0.0013144716612822904,-0.0026490835607555496,-0.001538120190966552,-0.0016394447167167314,-0.006875049090589336,-0.005713137898593068,0.0004150043921491431,-0.0013479251709869189,0.005423662795037032,-0.003941118303495195,5.700000000000003,0.002318129912509903,0.0009021888865330396,0.0002464919582081393,14.7401
2016-06-01,0.0010482839873660055,0.0014853410155275526,0.00443368469490224,0.005976452441919022,0.010547878935110333,0.0048389221791156345,0.004736985698984064,0.006080812185802031,0.009204581094510722,0.020784192895018094,0.005749225381157075,0.0005096242918423144,0.004955412543931281,0.004917842553891383,-0.005946734219708816,0.002317817680553169,0.036343351651921374,0.0197753457359946,0.13400000000000034,-35.0,-0.013488748999999967,0.0011518454401908684,0.0006019414446445381,0.10000000000000053,1.1000000000000014,0.05666751991226615,-0.03095111381380189,0.026450521615695166,0.018979331561239654,0.031196597883234034,-0.034278483455493,0.0017427352850098998,0.0010661252437671465,-0.016399186799118226,0.0017923828547630194,0.0014585530500816901,-0.00038933230003301844,0.00453026338382756,0.0018499309541049058,0.0007011199755844189,-0.0006400664503676268,0.0010518846178122487,0.0019340027785741398,-0.0008562608964091112,41.2,0.09999999999999964,41.8,7.0925737159746784,4.7535901911063645,5.25227342804663,6.3818160174060985,5.720311776607412,7.0967213784947605,4.770684624465665,5.1647859739235145,6.418364935936212,5.71042701737487,0.019319031696577227,-0.07130551448962841,-0.19582842420431845,-0.011544280769781423,0.00045174982983020584,-0.020000000000000018,-0.010239400293828638,-0.0005769134215682925,0.0023224028568051835,0.006571772839931711,0.010830676204040657,0.010659889411958168,-0.005619589528309987,-0.001181693460925004,-0.0013516374295816647,0.00025259899999999225,0.008839804613195668,-0.00958300000000012,0.015332959185482498,0.010000000000000009,-0.019999999999999907,0.0,-0.009999999999999953,-0.039999999999999925,-0.13000000000000012,-0.17000000000000015,-0.1499999999999999,-0.14999999999999947,0.17,-0.11,0.02,0.17,0.79,1.26,3.12,4.15,0.003109958096416676,0.002952719307766749,0.0010590778134940138,-0.008290482049356562,-0.09355040472809106,0.003503031068535556,0.00041080564287998556,-0.010734431524704213,0.003932114274930676,0.0007742637995651336,0.0015616738151127407,-0.0014674719950722448,-0.0002735348896285572,0.00033835018412720075,0.0006836852638123503,0.0003736263286526764,0.0001193944331054908,-0.0027779151699327542,0.004618708833210583,-0.000817871808591164,0.002647763996427077,0.0007295318007178864,0.0019528743223786726,-1.2000000000000028,0.0015312890037293414,-0.0009453829119685508,-0.0014655392699474135,18.5502
2016-07-01,0.004246666132841526,0.004645332586603601,0.0018253607078273504,-0.0007992080454375383,-0.0017826658514010774,0.001150945557358618,0.0008422424246310456,-0.0011290328649016246,-0.0018217651406917668,0.0016641168780795468,-0.0028670383626883122,0.000416963159416639,0.0015418848480557301,0.0011055521668543733,0.0009549848311021236,0.000500498498901436,0.008481135729107692,0.0027544424519980737,0.0031000000000034333,220.0,0.038787090000000024,0.001426950748317779,0.002186428505872584,-0.10000000000000053,-0.1999999999999993,-0.08398061243299715,0.03887020491274917,0.01978367012989679,0.08984234066234009,-0.021889395227677966,-0.022301505611748595,0.0025150099688548977,0.0025338279405655584,-0.007634891859056303,0.005061040871293443,0.0017797917488380222,0.0018155886196034032,0.001720430531882755,0.002512029763874324,0.001584932419282481,0.0005190042155849284,0.0009432201219006231,0.002773592371969613,0.004902301301834555,41.3,0.0,42.0,7.122059881629142,4.890349128221754,5.062595033026967,6.466144724237619,5.720311776607412,7.088408778675395,4.700480365792417,5.278114659230517,6.419994928147142,5.627621113690637,-0.015597203375259383,0.03916415864839884,0.09129273574125563,-0.004260866018537257,0.0007472006194539915,0.010000000000000009,-0.002037210100613862,-0.0003435055799343445,0.005261598824233715,-0.011079951084088435,-0.016773481346771035,-0.01648336118731808,0.002117532471521244,0.00021144817034013386,0.0009895390067571341,0.0001491630000000077,0.03071974391774024,-0.05570274999999958,0.04064195963079431,0.010000000000000009,0.06999999999999995,0.02999999999999997,-0.010000000000000009,-0.040000000000000036,-0.09999999999999987,-0.1399999999999999,-0.2200000000000002,-0.3100000000000005,0.23,-0.09,0.0,0.12,0.68,1.11,2.89,3.83,-0.0067796869853786745,-0.006969651556692824,-0.004410366880466476,-0.021028828954317902,-0.1310080273896168,0.017816020494809237,-0.0032759390773478003,0.00027437556475184977,-0.02215096077266754,0.001595496129184859,-0.008623917781801715,0.001967329737220247,-0.0003277655523516998,-0.0038917574228873875,-0.004459523702537993,-0.0037198598277026207,-0.0015779515381444398,0.002756999823541939,-0.010540675594013393,0.0005171507752788074,-0.004433412443207718,-0.006163936702246353,-0.0024477373764981714,-3.5,-0.0008596852261568699,-3.561944597052502e-06,0.0047561736783006126,13.0704
2016-08-01,0.0011102550604604744,0.0007721284515618265,0.001075197351076973,0.007601861195622561,0.0010499101119521015,-0.0010375130176951686,-0.0003637456192180366,0.0010093473660646168,0.0016235451944055512,-0.004720730532895345,0.0035445361960491084,-0.002519128721612418,-0.0019510007747127744,-0.005310555238688508,-0.002773789834211726,-0.0037548162078282488,0.024548750443593725,0.0076354477300260015,-0.30920000000000414,-285.0,-0.05094781599999998,0.00230897717059797,0.0014835183858359358,0.10000000000000053,-0.6000000000000014,0.03654595652596182,0.030213778596496432,-0.032758227745501856,-0.11064815674961448,0.013800372354594082,0.01568209609907356,0.001030503689310791,-0.0013674696349585957,-0.006519036877206119,0.00014846707769855527,-0.0019417481829115957,-0.002724620563247626,-0.0006448146381394793,0.0014097483211052975,0.0016927326948970034,0.0004322978426483104,0.0010813922554877564,0.0019249284095845809,-0.00022435106548712724,41.1,0.0,41.8,7.065613363597717,4.897839799950911,5.135798437050262,6.349138991379798,5.68697535633982,7.0909098220799835,4.8283137373023015,5.247024072160486,6.385194398997726,5.680172609017068,0.004800207163478731,0.010770888375912335,-0.012814339951306764,-0.0022814292261355007,6.587064803476039e-05,0.0,0.02188159606038731,0.0019504320226442218,0.004845231551652063,0.02559952928849185,0.041147585062492276,0.04103506953963132,-0.006675794482479347,6.687734773969112e-05,0.001052034382613698,0.0006371149999999937,0.013212161550955948,-0.01235203500000015,0.015499216705973318,0.010000000000000009,0.10999999999999999,0.0,0.04999999999999999,0.05999999999999994,0.05999999999999983,0.06000000000000005,0.040000000000000036,0.020000000000000462,0.33,-0.1,0.04,0.17,0.73,1.16,2.92,3.84,-0.0031233757822679564,-0.004958848657317105,-0.003280782358639378,-0.016280866710096653,0.08962251881489847,-0.02895919882871656,0.002351341723498379,0.005251775889422383,0.01086803636706879,0.004744637513098837,0.005757024249027687,6.229420635062155e-05,0.0002755341491127439,0.0026512259577362585,0.0032899330274434035,0.0021180560503850643,0.001219247034020654,0.0009315498349442564,0.0069300753053544994,-0.0004963572742671118,0.00044023464691100855,-5.880915572298306e-07,0.001459968824825797,-0.20000000000000284,0.018500292829072507,0.007896252765867473,-0.0047762460216542735,12.2931
2016-09-01,0.0023537347415807375,0.003022800485018351,0.002667635819674885,0.0014181466242124685,0.006577719348163313,-0.0008865343119746072,-0.000828467141959166,-0.002008628208832519,-0.001954863909815252,0.004205592074366216,-0.003792436179512748,-0.004145750484009447,-0.0009764176485882459,-0.002245394421033886,0.010160153138780714,0.0020361958094987642,-0.032268941818442975,0.006390536754041776,0.1396000000000015,191.0,0.008518232000000014,0.0009521543209238814,-0.00011860051407452943,0.09999999999999964,-0.6999999999999993,0.12914542068126877,-0.02758795651882906,0.01747617293456294,0.07905783246202436,-0.01896034252370349,-0.0466103784416223,0.002050928642942651,0.0014686893323982986,-0.0036962407673648556,0.004739345363896419,-8.09880543055641e-05,-0.0006498148256461889,0.0008596604870696467,0.0021428522515964943,0.00040435973863139907,0.0018826379756351486,0.00030965719931685953,0.0008409924205654562,0.001748604924664221,41.2,0.0,41.9,6.97354301952014,4.543294782270004,5.0238805208462765,6.297109319933935,5.631211781821365,7.172424577124845,5.0238805208462765,5.220355825078324,6.439350371100098,5.8289456176102075,0.0032584646153264174,-0.005195748425663282,-0.0035097309937981436,-0.004362781637976099,0.001643727202489842,-0.010000000000000009,-0.017448428491356083,-0.002165252404783047,0.0019056611286085712,-0.03304568476396952,-0.05499674725011783,-0.05447091379570723,0.012306170409627448,-0.0008599978238628125,4.076573309852449e-05,0.00035849800000001264,-0.009130039869454265,0.021498889000000077,-0.004113439660787588,0.0,0.020000000000000018,-0.010000000000000009,0.020000000000000018,0.020000000000000018,0.050000000000000044,0.06999999999999984,0.0900000000000003,0.0699999999999994,0.35,-0.11,0.06,0.19,0.78,1.23,3.01,3.91,0.0072857126969552155,0.00942056512373668,0.004364138218702074,0.007252993910657146,0.008667160668677898,-0.005768965230544154,0.0007722611045837269,-0.003975491167928169,0.010294654866452646,-0.008119468604316893,0.004030286943801364,0.00019377515498142373,-0.0008521928109352928,0.0009330215176088785,0.0008846441308953956,0.0016029629324352257,0.0005049533004202189,0.0015079513275111367,0.003713957449416938,-0.0006358305075098158,0.0008785320743927016,0.0019118249432108492,-0.0019495551531605315,1.4000000000000057,-0.006566911920373286,-0.003611438496026409,0.003992129016404888,14.1336
2016-10-01,0.001715900843580087,0.0012692441489523532,-0.0004594298046560752,0.0012302124728318375,0.0020827883107639167,0.0006940965093038542,-0.001703327537209809,-0.0014160136947829471,-0.005124323601003233,0.005954475045364838,-0.008465374638028322,0.005282036529474787,0.00386426216547342,0.005555202234715395,0.0006025032543082176,0.001381967259930228,-0.0523023698028533,-0.011402625321160542,0.1039999999999992,-277.0,-0.022049348000000024,-0.0006827029035765264,0.00021083563463974997,-0.09999999999999964,0.10000000000000142,-0.06597545046210129,-0.0065775286471456695,0.00607710170296194,0.005054770661623742,0.006702783537619439,0.016952899604948612,0.0007447505774713647,0.001416001045740245,-0.001853256363969713,0.0045699202404012595,-0.00016199578846354257,0.0,-0.0004297378665185647,0.0006387684761399726,0.0008082292872018115,0.0003278038037350939,0.000202173364348468,0.0007202881463879152,-0.001255099003794058,41.3,0.10000000000000053,42.0,7.180069874302796,5.075173815233827,5.262690188904886,6.431331081933479,5.82600010738045,7.134093721192866,4.787491742782046,5.278114659230517,6.38856140554563,5.8377304471659395,0.002642774046762497,0.07426963743155035,0.21627614861725242,0.011372069500726667,0.0008289969015251586,0.0,-0.000676472126309946,0.00042959640737549876,0.002621281867169145,-0.023437673764593825,-0.038147087455364215,-0.03606095835240619,-0.001487322156279447,0.0006223060084984411,-0.0008836615941740789,0.0002934419999999771,-0.006822155828836607,0.024707631999999702,-0.005337370222195492,0.0,-0.030000000000000027,0.040000000000000036,0.009999999999999953,0.07000000000000006,0.09000000000000008,0.13000000000000012,0.09999999999999964,0.07000000000000028,0.32,-0.07,0.07,0.26,0.87,1.36,3.11,3.98,0.0015327341342379341,0.001935070666808869,-0.0010997077795327215,-0.004619521084080702,0.08672510370657527,0.023546317672371586,-0.0002798275010134077,0.006665854649048342,-0.0009150365784629244,-0.001838336421179143,-0.0005027471650267401,-0.00010553690505155089,-8.988717120228529e-05,-0.0003371193631958036,-0.00042693193526144313,-0.00013727390927531502,0.00014813684730086152,-0.00132854899396051,-0.00027385299070292746,0.0005062687495351881,-0.0004439167937047017,-7.154679572796141e-06,0.0004857901742183479,-4.0,-0.01415942677559201,-0.006368786892428702,-0.0027026646736310056,14.5743
2016-11-01,0.002658360292461026,0.003612249813768287,0.0016835450243295469,0.00038668696759280863,-0.00028336792702710056,-0.003850452318468811,-0.004477497339384406,-0.006472160605401456,-0.010543827033139053,-0.015825575054214447,-0.008933013412308455,0.000578168378733146,-0.0030310746429274005,-0.0037192492351589834,0.006169957754405431,-0.0006696233568703747,-0.05201556640305416,0.003964846555550849,-0.036000000000001364,380.0,0.07476137199999999,-0.0006204737735533428,0.0010600928738551119,-0.20000000000000018,-0.7000000000000028,-0.01240197789237385,-0.049604397899484454,-0.05337655847220191,-0.0713967187983453,-0.0425149306680348,-0.04008113011746772,0.0008199630442486949,0.0012121213605293946,0.006722714394876483,0.003523715288963558,-0.00024304289826737602,-0.000780335583881353,0.0006445375666253028,0.0007580079913882543,-0.0008082292872018115,0.000655285417479945,-0.002732795223014506,0.0013191822984008894,-0.0008076819967026694,41.3,-0.10000000000000053,41.9,7.038783541388542,4.406719247264253,5.365976015021851,6.361302477572996,5.579729825986222,7.114769448366463,4.7535901911063645,5.220355825078324,6.393590753950631,5.802118375377063,-0.0070702998416276586,-0.08173795277358842,-0.28150798635235574,-0.0036029981769232222,0.006291184376911119,0.010000000000000009,0.0012105298879880877,0.0003321030726954888,0.004121061852979224,0.060858987467035774,0.09639076978332284,0.09388894222597033,-0.0062102275548729935,-0.002504349727498578,-0.0007744421415463165,0.0002924070000000223,0.010199693347098027,-0.011113157999999679,0.011599885809078891,0.009999999999999953,-0.010000000000000009,0.12,0.09999999999999998,0.07999999999999996,0.33000000000000007,0.3800000000000001,0.3500000000000001,0.33000000000000007,0.3,0.04,0.16,0.33,1.19,1.73,3.45,4.3,-0.007762255247590666,-0.010828028817210011,-0.0016329442988389786,0.014878850043452907,-0.18334944173738554,0.015888721872483025,-0.001161694380113154,-0.004145466956202881,-0.006157707685887637,0.0004938089296899761,-0.004709565003436111,-0.0006325393145418801,0.0005801914705898525,-0.0012670962545566766,-0.001463770437920786,-0.001308243166710632,-0.00171149556553285,-0.004958779343872344,-0.005416614773520401,-6.480983849055377e-05,-0.0004415863264490838,-0.0022902225720891067,-0.0004864991851443179,6.599999999999994,8.32809229525111e-05,0.0011020745053169634,-0.008833788277442522,14.994
2016-12-01,0.0029248240444506024,0.003599248415264711,0.007009730536254644,0.012117947661518969,0.012087240463820592,0.007055280199313785,0.009442461396672819,0.014218514311705732,0.015043557275739694,0.0036755635477483395,0.018448590369788853,0.01221757127443368,0.0038885681533864513,-0.0004662596503370864,-0.011222023694936745,0.00046958767144555935,0.12460162368034755,-0.0005617576213285957,0.06530000000000769,-7.0,0.002432853999999929,0.0010777483623787276,0.001335039049235931,0.0,0.40000000000000213,-0.021018007834876506,-0.021496154818192892,0.04215309610235174,0.11336091789737779,-0.0026845653706688566,0.02590766450354387,0.0015278841780528296,0.0004541669898667777,0.0016736405580290992,-0.0007330841175754443,0.0010527595416967017,0.0010403121874507093,0.0010733069614676793,0.0016974482588700823,0.0023127339102035904,-0.0006897860212440321,0.0021577575295630425,0.0031111668029133455,0.001211278495377499,41.1,-0.09999999999999964,41.9,7.132497551660044,4.499809670330265,5.3981627015177525,6.318968113746434,5.955837369464831,7.129297548929373,4.770684624465665,5.204006687076795,6.416732282512326,5.817111159963204,0.04122193430401211,0.01778276777896437,0.06453447706527093,-0.00264467148513603,0.002191681868596973,-0.030000000000000027,-0.0075276409334943395,-0.0028011114911894452,-3.6720155696556844e-05,-0.04345041649193426,-0.0704618031006854,-0.06952613204758806,-0.0040155691565537666,-0.0016570367812249742,9.719362266125131e-05,3.718299999999619e-05,0.037015573142006986,-0.06639075000000005,0.03354446623386487,0.13000000000000006,0.16000000000000003,0.06,0.06000000000000005,0.13,0.3599999999999999,0.3500000000000001,0.19999999999999973,0.1200000000000001,0.33,-0.03,0.09,0.33,1.42,1.95,3.52,4.29,0.010823356548127272,0.01470148111040448,0.0048623836237089435,0.06341360605170365,0.21583464375649797,-0.042467859717473466,0.0013430876020397164,-0.003986620418214848,0.008243113010582448,0.0009779571554764388,0.004143589747753751,0.001040538890771714,-1.5999416630663177e-05,0.0015125437869034641,0.002040922268425227,0.0013718154704651653,0.0013836923264562984,0.004471274578586204,0.004094102020053114,5.7085339780549305e-05,-0.0008781555488455162,-1.4512472734651283e-07,0.001455015409667304,4.400000000000006,-2.639861544651012e-05,0.0006613006609903493,-0.00027519013066878983,12.3985
2017-01-01,0.0029946702569585426,0.003106442443950641,0.0005971085953575539,0.002777802995506562,0.010983550231157935,-0.0022723560797777154,-0.005500117664684723,-0.00769387298286528,-0.012619335430556156,0.0022688317756882626,-0.017048004696119,0.0008841128006418231,0.0019925385691248465,0.009036538223200274,0.004529517671609362,0.0017577380133069198,-0.0909635185472446,-0.006901766280195787,0.17839999999999634,-347.0,-0.04083718199999997,-0.0003632969867517488,-3.286133502733435e-05,0.0,-1.0,0.029303059368983142,-0.039995694526360204,-0.012329812267674711,-0.03609907964663428,0.0032206147000426455,-0.03305419823761824,0.0015530194225217286,0.0016635164516713985,0.0003343922452163639,0.003221557918747564,0.0008899316958039805,0.0010392310626148316,0.0006434316575862908,0.0015355791871343172,0.0016486841742135994,0.0013790965656941268,0.0033507845108591283,0.0032206147000426455,0.0005378754051683643,41.1,-0.10000000000000053,41.9,7.081708586105575,4.77912349311153,5.262690188904886,6.481577129276431,5.41610040220442,7.172424577124845,4.990432586778736,5.288267030694535,6.499787040655854,5.680172609017068,-0.0016403087035588015,0.002588243172082727,0.048674612337084255,-0.002555952480678414,0.002183665336373153,0.0,0.017053168826754117,0.002873063700109313,0.0013394128769608216,0.04535856180999431,0.0792498428245354,0.07854040131596485,0.001905511406503635,0.003188610288566096,0.00038088757120746664,-0.0002608739999999943,0.01260148261642513,-0.015509726999999973,0.0009517002846322065,0.10999999999999999,0.030000000000000027,0.0,-0.020000000000000018,-0.040000000000000036,-0.040000000000000036,-0.06000000000000005,-0.13999999999999968,-0.16999999999999993,0.25,-0.14,-0.04,0.18,1.27,1.78,3.27,4.01,-0.0005845232001426837,-0.0006069751108439547,0.005842490619976992,-0.03333343292570312,-0.11929744734147363,0.02163375014751079,0.0015135845179763407,0.00220488756572923,0.0054796293190397805,0.0006771742190370134,0.004005431659142467,0.004316212467391445,0.00030888373480486564,0.0015281185748303727,0.002511926563139255,0.0015888217039936592,0.002110880740575638,0.007399925027522514,0.003946612494637236,0.0007336343226729269,0.0021884714024915652,0.004936261440603218,-0.001940806043462029,0.29999999999999716,0.0002581233244232095,-0.0023733540762389538,0.004978026431594174,11.6213
2017-02-01,0.0029437982918434358,0.003531084924372152,0.000536081861410409,-0.0015959085970873588,-0.00015645415713727573,-0.0038549837501049566,-0.007421828240133266,-0.010005829301943159,-0.01467168682399489,-0.004444835797959179,-0.017742512342198147,-0.00012966246803181036,0.00082456538335407,-0.0024612654409352785,0.0026429086563677373,-0.0011045031712555442,-0.11510366797951654,-0.00040194373328983346,-0.023099999999999454,306.0,0.05054081500000007,0.0014961862569045081,0.002153418726532408,-0.10000000000000053,0.1999999999999993,0.03526201196838041,0.04564808828497391,-0.07735289067092221,-0.1483197595164647,-0.03434515820397177,-0.05800255015778433,0.0014546255532472685,0.0031179306124062833,0.01113800891702077,0.005976258585883798,0.0011314961200739049,-0.0005194805311639072,0.0038519200205282544,0.0011918289626766665,0.0,0.0004477971898051436,-0.0012039802135781486,0.0003572066478412239,0.0004480086092577551,41.2,0.10000000000000053,41.9,7.147559271189454,4.727387818712341,5.19295685089021,6.4692503167957724,5.808142489980444,7.1180162044653335,4.68213122712422,5.484796933490655,6.413458957167357,5.616771097666572,-0.003320488010873035,0.009894547294441836,0.02787631988971917,-0.0005872431139106737,0.0015895681316990817,0.0,-0.011363488480292006,-0.0005003936173064716,0.0032767408386007446,0.023180277811661654,0.035038867457967804,0.0366863960670154,0.0006848100587264483,-0.002309285678959938,-0.0012113217672986565,-4.38590000000072e-05,0.023796841957566706,-0.03774182900000023,0.013428190214183733,0.010000000000000009,-0.030000000000000027,0.010000000000000009,0.030000000000000027,-0.010000000000000009,-0.020000000000000018,-0.010000000000000231,0.03000000000000025,-0.020000000000000462,0.21,-0.14,-0.02,0.16,1.24,1.76,3.29,3.98,-0.005124414693850277,-0.007287656822081878,-0.0048879900777931695,-0.0372519857674396,0.008161038785834407,0.018824881806572158,-0.0024435350003608747,0.0012290979023248383,-0.01719201600377751,0.0014977258841826213,-0.007327021151484203,-0.003900501053553107,7.737893464643264e-05,-0.003036607468886565,-0.0037925670737521955,-0.0028034234560694316,-0.0024717638384270657,-0.005016748911950586,-0.007481342993768791,-0.0005312185718935325,-0.0030643214064185464,-0.00797217792167304,0.000484613530201905,-2.200000000000003,-0.004662242020552654,-0.003486355910805372,0.00365588231282743,11.4539
2017-03-01,0.0036590533893789967,0.003936550324423749,0.0044293620592696925,-0.002097537705445518,-0.0016844889253793127,0.006214169136645964,0.004643703765711216,0.006226238009074514,0.005516705992766546,-0.014305303252191592,0.011444491841571924,0.007276525415215396,0.008265927660827899,-0.003205098685224783,-0.0007578243227417403,-0.0035527126521754937,0.12261060860410478,0.006719782888475301,-0.19480000000000075,-112.0,0.018891714000000004,0.0017375221561515275,0.0038292278703320193,-0.1999999999999993,-0.3999999999999986,-0.07610119585529329,-0.02762080349789464,-0.048049697641707745,-0.007782140442055052,-0.07244546138010843,0.015086493033379611,0.0008772411330717489,0.0019061957113795103,0.00806787944128562,0.003047234455468839,0.001049529826286033,0.0009089139105249444,0.0012806832059926165,0.0007144161539649474,-0.000549259429030613,0.00017217630896482206,-0.0018687228049714122,0.000832986303890948,0.000134363453343056,41.0,0.0,41.8,7.081708586105575,4.7535901911063645,4.955827057601261,6.453624998892692,5.6937321388027,7.148345743900068,4.890349128221754,5.220355825078324,6.455198563340122,5.762051382780177,-0.009846266146540827,0.005433049730662276,0.007292201979547386,-0.0006189698335354876,0.0017728667142407062,0.010000000000000009,0.01115083876717371,0.00028200185575677494,0.005613180162553633,-0.012199519662130953,-0.02855242060112051,-0.030031749455543988,-0.008649939618874392,-0.00017758335887485543,4.1371253337807445e-05,0.00015303399999999634,0.006865059565405396,-0.02131492199999996,0.006164893061482157,0.13,0.10999999999999999,0.21999999999999997,0.22999999999999998,0.19000000000000006,0.10999999999999988,0.06000000000000005,0.05999999999999961,0.040000000000000036,0.19,-0.05,0.08,0.22,1.22,1.69,3.22,3.89,-0.003554462465329422,-0.004326811842530809,-0.0069020714671799155,-0.0316382225962073,-0.09889591307805556,-0.03743696363815552,-0.002058701222171777,0.0025745625997899424,0.0005652800938475977,-0.0023507174228498684,-1.6920346150861576e-05,-0.0027402901525164225,-0.003248712187532199,-0.0022869563328766773,-0.002574970867470938,-0.0020397278902812843,-0.0018687832640189583,-0.003182414676096812,0.0004998984303741238,-0.002400841154958755,0.0034947881711739903,0.006445791752032193,0.0019349376138877439,0.6000000000000085,0.010110096014972925,0.007253037483934577,-0.0025467201113880122,11.7747
2017-04-01,0.0017968574982294427,0.0029130426741872384,0.0003321673952880744,-0.0035263611140674556,0.003883171658053186,0.009969403101062646,0.012175618622968898,0.015066332795437454,0.009124091523061928,0.024889569127714672,0.004443824940696395,0.0299990694444503,0.007097873478684846,0.010807208371032218,0.007478269709671359,0.011228829798391793,0.006750715332740853,0.004170371469172096,0.940100000000001,280.0,0.03764350399999994,0.0012980450022475054,0.0012405329352720429,0.0,-1.0,-0.0012900453304904858,-0.0004829751361699053,-0.0051948168771041026,-0.04494016306894277,0.01890192129238155,-0.02578411715571427,0.0013486271036935449,0.0015523676719713109,0.014327825696815566,0.00202634314523209,0.0005646755282544547,0.0003892817800412729,0.000852878516518274,0.001316363538087728,-0.00010988809739664873,-0.00017217630896482206,-0.0012583032273703054,0.002020082678514612,0.0002686727581995285,41.2,0.09999999999999964,42.0,7.044032897274685,4.442651256490317,5.318119993844216,6.318968113746434,5.71042701737487,7.1316985104669115,4.8283137373023015,5.25227342804663,6.396929655216146,5.814130531825066,-0.001075645825611815,0.008647940339690408,0.016390521773873346,0.001365463319013216,-0.0008228023847642874,-0.010000000000000009,-0.014324996049086991,-0.000619611005220122,0.003284015615754754,-0.03792562041478753,-0.054375571171923376,-0.05487476794800594,0.009892891076166421,0.0019119005534093958,0.00012105498577419382,8.146600000000226e-05,0.005674503619333748,0.018105519000000125,-0.016830688595021126,0.10999999999999999,0.050000000000000044,0.06000000000000005,0.06000000000000005,0.030000000000000027,-0.18999999999999972,-0.18000000000000016,-0.13999999999999968,-0.10999999999999943,0.13,-0.1,0.03,0.14,0.92,1.4,2.97,3.67,0.005567967555691666,0.006710510919702983,0.005803234434741178,0.0533215949851682,0.1150573302826845,0.024148585561324154,0.001700702680034638,-0.0034454290280736544,0.0006931195442581028,-0.0025856858549317963,0.0002755093616775284,0.002009995541831344,0.002494296438353416,0.002076619999047402,0.0021212917913455698,0.0021072122163054985,0.0024193080414338652,0.002127939440258686,-0.0009503865773252684,0.0034922878471821406,-0.002621423671736789,-0.00606348335898188,0.0004762037751659953,0.09999999999999432,-0.00998517497762208,-0.006011999898126064,-0.004409952992773469,13.1576
2017-05-01,0.0063145214803430605,0.0071441099385598505,0.0006338315327063526,0.004032787558733375,-0.004983005522372963,0.0008632680023907824,0.0018637642046890335,0.003047900390924063,0.003914335265591262,-0.012543850333739393,0.008794094797435648,-0.0011019571351855717,-0.0004394533031470971,-0.006835577082947353,0.0006502732712965198,-0.001652340442691802,0.0428346365354324,0.008567510053629768,-0.030500000000003524,-265.0,-0.026932794000000038,-0.0017290189162597613,-0.0012144005879974884,0.0,0.5999999999999979,-0.09376232499361148,-0.049515064527380304,0.03939240171066061,0.09354429803125264,0.006997113095948748,0.047995500918428746,0.001476610354364638,0.0015000002812488589,0.010292789485431442,0.0021665351148030254,0.0007255431814918722,0.001166936923345574,0.0,0.001472905929050583,0.00029300809644361436,-0.0002927677769708481,-0.001278893994467012,0.0014234877848551264,0.0005371290581663857,41.3,0.0,41.9,7.053585727193677,4.454347296253507,5.093750200806762,6.368187186350492,5.783825182329737,7.0967213784947605,4.812184355372417,5.1647859739235145,6.386879319362645,5.755742213586912,0.0015034418803701044,-0.011772045150095778,-0.03390533621432823,-0.0043605787497043025,0.0022102828057946056,0.010000000000000009,0.019151499985371245,-0.0001828796716996095,0.005131181309531385,-0.003441095380305015,-0.0059564280834738526,-0.005831777960117912,0.0006484533790063196,-8.304121553592836e-05,-0.000772001794614674,-0.0004058630000000063,0.015160154565969641,-0.018066752000000186,0.002659267659249398,0.010000000000000009,0.020000000000000018,0.08999999999999997,0.08999999999999997,0.08000000000000007,0.020000000000000018,0.0,-0.020000000000000018,-0.020000000000000462,0.14,-0.02,0.11,0.21,0.93,1.39,2.94,3.64,-0.015207960048035929,-0.018250058816597026,-0.008964459406644032,-0.025424522392119897,-0.08631906661996958,-0.029996370987028342,-0.0020076695167965397,-0.0043999241359351515,-0.010120341640460495,0.001377387295612209,-0.0054403497349984065,-0.0005226132761686486,2.1686069366033678e-05,-0.0023478126520526388,-0.0030196724384898843,-0.002325520688930993,-0.0023383354337251916,-0.0006192824565456334,-0.006453113251270182,-0.0013333999524087758,0.004347642910021321,0.009075475573754765,-0.0004890148886906864,0.09999999999999432,0.010468795209725101,0.00869991114133839,0.0038806013520851224,10.7091
2017-06-01,0.0010136154217175175,0.0007398918064467352,0.003193222643862903,0.0033100709989550836,0.004054276927188738,0.0020851527770453515,-0.0013366092218989323,-0.002484250599041893,-0.004481473083816745,-0.005864991119791441,-0.004076810338906611,3.701826851987278e-05,0.006559671358226105,0.005244450321586491,0.00421108130107406,0.0005670524705418956,-0.008713499698020932,-0.004871662954138323,0.1466000000000065,479.0,0.08507206300000003,0.0007743708624019519,0.0016253956911995715,-0.10000000000000053,-0.09999999999999787,0.09247061329624717,-0.02362719050638251,-0.08428392546443586,-0.1600595758876331,-0.03970892062790288,0.036965194233470555,0.0013584686211096653,0.002395330253527561,0.00637960696403983,0.004462686453400977,0.0010470783446283605,0.0010361353083432334,0.0010650762536279501,0.0011941527482814962,0.00047595512275755425,0.0009985023295904227,-0.0005386377664589048,0.0018948371372822237,0.0005815644246496277,41.3,0.0,42.0,7.130098510125578,5.093750200806762,5.342334251964811,6.2878585601617845,5.82600010738045,7.210079628170788,4.672828834461906,5.393627546352362,6.492239835020471,5.902633333401366,-0.007550688841488906,0.06192170810017572,0.1967006638822273,0.009875465525649219,0.004580031581125965,0.0,-0.016306016675740054,-0.002544337929458962,0.0011346956901299166,0.00937585157482701,0.015705068950900625,0.01540798844985769,-0.0012138155032408449,-0.001019484322315023,0.000521952620532673,0.000344904000000007,0.016002528120612425,-0.019605712999999803,0.002398591754021684,0.13,0.10999999999999988,0.08999999999999997,0.07000000000000006,0.07999999999999985,-0.07000000000000006,-0.10999999999999988,-0.16999999999999993,-0.17999999999999972,0.12,-0.06,0.05,0.16,0.73,1.15,2.64,3.33,0.01065703443116739,0.012500162764231604,0.003161224971902854,0.006325798637692337,-0.018646760668923346,0.019831260625249314,0.0014256940796917306,0.004021003395340728,0.008590183857640099,0.003244508488258191,0.0038659020948434986,-0.0018927573131684028,7.030816243247529e-05,0.0020271705476195834,0.0021013787546406704,0.0012569841988900876,0.0012736036144485041,-0.0007128273701360044,0.006263872881326904,4.629345150863884e-05,-0.002184002897801296,-0.0019182739632777057,-0.00048550985267103997,-2.0999999999999943,-0.005302610559111187,0.0018122186104854165,-0.006421434900156342,10.4414
2017-07-01,0.003350577215126549,0.0033877970480560293,0.002513255987696361,0.004020120608787536,1.267028332918585e-05,-0.002499708172327253,-0.00233436933662734,-0.0031945557939803138,-0.0036307143041218737,-0.028475073490027647,0.0034849239320351444,-0.0032729021932418334,-0.002702285736849497,-0.008578068399399008,-0.003098580685708008,-0.003938060222155038,0.0020417415548044104,-0.010944417538204299,-0.19429999999999836,-67.0,-0.012250405999999936,0.0016840586040487437,0.0016357816132206437,0.0,0.0,-0.11203697360963893,0.051657053582976786,0.063321827959129,0.10557883243633803,0.039127694223862086,0.011227062593784254,0.0012544315798237449,0.00044848636605721026,0.003333071889753292,0.0008614501609542913,8.04990944285322e-05,-0.0009065596683814903,0.0017017659924860595,0.0013821702269520841,0.00014640216701344855,0.0004644801776283458,-0.0005262440562354698,0.0015369158312878994,0.0006259221378392965,41.2,0.10000000000000053,41.9,7.095064377287131,4.77912349311153,5.081404364984463,6.428105272684596,5.726847747587197,7.135687347028144,4.787491742782046,5.187385805840755,6.461468176353717,5.75890177387728,6.463984833438019e-05,-0.08289209423304378,-0.26599059875282727,-0.005796980557477127,0.0036972409535351858,0.010000000000000009,0.0036365337067962855,0.0029654554030997815,0.004454270345696898,0.01170451457769417,0.020336412191463538,0.020416488562070012,0.0009580147182726151,0.0014416532857399744,0.0010551276167900525,0.00021166699999999872,0.008228209161258881,-0.0029939039999999917,-0.004723841661848027,0.10999999999999988,0.06000000000000005,0.09000000000000008,0.020000000000000018,0.020000000000000018,0.10000000000000009,0.1299999999999999,0.020000000000000018,0.019999999999999574,0.07,-0.08,-0.04,0.07,0.72,1.17,2.55,3.24,-2.597778099300285e-07,0.0009671180637749188,0.0,0.004221642153828142,0.10208643050157429,-0.0016343249746757493,-0.0003238201380506567,2.263167378480091e-05,-0.0030404487148221193,0.0005695194166817075,-0.0001931490622011367,-0.0010557317703154823,-0.0005564204877464007,-0.0007772607729279457,-9.310524617944793e-08,-0.00041190405058699753,-0.000471525790047167,-0.0008288101264097847,0.0013317594819497458,-0.0009732042587895506,0.0012871995423431315,-0.0015168368746363292,0.0019101921336619476,-1.5999999999999943,0.001929625218521025,-0.005961079272420733,0.0034183831517911045,10.2381
2017-08-01,0.0018196117688820124,0.001639101966000922,0.00011999760019154593,0.005556905510060162,0.0018924036318406223,-0.0045484028848497005,-0.0018134931426523337,-0.000509394537075103,-0.002450556809174387,0.008113813081911836,-0.005442678189713668,0.0032328823834308906,-0.008076540796115417,7.556701714861447e-05,-0.020488196669628422,-0.0022951780260891397,-0.017650619795809064,-0.0147800627744612,-0.06690000000000396,38.0,-0.01891702900000003,0.0007724701986369098,-0.00042986661770605394,0.10000000000000053,-0.6000000000000014,0.08451831204480875,0.019066820586504107,0.02024653396851317,0.08381373559816918,-0.019372487261530402,-0.012235635548668355,0.0009193712148913846,0.0040769707940899735,0.008205821648552103,0.004867582982271301,0.003535560131298965,0.004524602121394494,0.0019110314765953262,0.00041822350315534607,0.0002927400489287635,0.0003267271427542795,-0.0003869343116278401,0.0012986248209543305,-0.0028645619802976086,41.3,0.0,42.0,7.055312843339752,4.68213122712422,5.1298987149230735,6.3578422665081,5.720311776607412,7.1846291527173145,4.770684624465665,5.241747015059643,6.4457198193855785,5.945420608606575,0.019110594885670906,0.020336294941902366,0.04320837596593918,-0.0043226686959432215,0.005661423154796452,-0.010000000000000009,0.004768834146259948,-0.0004389429633580022,0.00048374527275996115,0.021121120837452878,0.03499113507584184,0.035995307320650705,0.0021099184300013007,-0.0018155482572552728,-0.0021858481631902293,-0.00020581899999999598,0.0008634875656676755,0.011220599999999914,-0.015766658292823532,0.010000000000000009,0.030000000000000027,-0.06000000000000005,0.0,0.010000000000000009,-0.09000000000000008,-0.10999999999999988,-0.07000000000000028,-0.08000000000000007,0.09,-0.15,-0.05,0.07,0.62,1.05,2.47,3.15,0.005078471565813203,0.006256607063939157,0.005263170044274901,-0.010031006260667219,-0.001799713388818791,0.04161109593586332,0.0035136428427833266,0.0012915573207488151,0.01942293203519707,-0.0018292812314681939,0.007333475228628927,0.003212582770389716,0.001283035587594128,0.004158321817065769,0.004009662793268198,0.004015691383824738,0.0018711074825397134,0.0010433756261356564,0.005332970107112089,0.000947325638534835,-0.0013039859677208554,0.0003609286102999043,-0.002875856065887028,3.3999999999999915,-0.0015035893866635064,-0.0002739289614517304,1.913049383084342e-05,11.9212
2017-09-01,0.002720869854007546,0.003133522948084888,0.005454658698304193,0.004839165576218107,0.020267496165647714,0.0011626012880352476,0.0034399331927152943,0.0031482836389509217,-0.001013635998805107,0.01280368682374533,-0.004968434393053833,0.015397833804277283,-0.001775252010515871,0.010713820921793626,-0.0351414366969367,0.0004628702354168013,-0.014940041263239223,-0.03453455816517348,0.1419999999999959,44.0,0.03589894900000001,0.0034439277370559296,0.005087912102876402,-0.10000000000000053,2.1000000000000014,-0.0057739445332520845,-0.08064821783433107,-0.03163325020260643,-0.07793712710918399,-0.002373888355162279,0.09485140106525947,0.0006260505263924188,0.0011405619743296569,0.0015703520815018024,0.0015697470222999499,0.0008017960660460233,0.001546591363828398,-0.0004243581646541372,0.0005442177005061666,0.0006949143523442558,-0.00027513154900660197,-0.000736222829505806,0.00035387791581342753,0.0010303967938973813,41.1,0.0,41.9,7.074116816197362,4.61512051684126,5.25227342804663,6.322565239927284,5.805134968916488,7.149131598557407,4.859812404361672,5.272999558563747,6.405228458030842,5.840641657373398,0.002933884221532068,0.026094401923844046,0.08357737115384012,0.00022802009738676077,0.0018091599824039406,-0.020000000000000018,-0.015461200429697897,-0.0009865873642329603,-0.0017569340649519205,-0.038868318634941446,-0.06759671255895938,-0.06846172569064124,0.005189918096125901,-0.0011408972712647625,0.00045476184776749307,-0.0005238899999999991,0.01479903995825893,-0.015916900000000123,-0.00398063947716798,-0.010000000000000009,0.0,0.020000000000000018,0.039999999999999813,0.050000000000000044,0.020000000000000018,-0.009999999999999787,0.0,-0.009999999999999787,0.1,-0.12,0.0,0.13,0.65,1.05,2.48,3.15,0.0024846720081450613,0.0037522858032170703,0.0020590384026233366,0.010564987336406872,0.0065926262306978956,-0.0262064828685169,0.0012521573773192074,0.002763028811358481,0.010763342147591892,-0.0019486379227906525,0.005269149936410145,0.001758123147368451,-0.0008349305484198766,0.0014030312869630635,0.002613055330455083,0.0015486902755412757,0.0014801511541895351,-0.0009937654629865733,0.0067922466634078305,0.00022519176843083244,0.0017071424512535849,0.0029480175699525546,0.002857593760745125,-1.7000000000000028,0.0032720335524309974,0.0011027537479879612,0.0020341153558405267,10.4955
2017-10-01,0.003958106221398694,0.004255921104650895,0.0009443105992348322,0.005663991875707097,0.001413812875400211,0.012365560140723098,0.007653738243386776,0.008183000390260986,0.008079468120310906,0.007531638396404361,0.008226245368864404,0.011188472986506603,0.018460079002280416,0.003549227438834457,0.04177643253593466,0.010626044181901051,0.01915861576481248,0.048154108149929264,0.921599999999998,88.0,0.03432861899999995,-0.005170349580966516,-0.004397610166064325,-0.09999999999999964,0.09999999999999787,-0.05446324127446189,0.02897253863554461,-0.06604192873321679,-0.10167806808702817,-0.044965047198422425,-0.1173013235044813,0.0009995071290536117,0.001584707903569793,0.002350914020609274,0.002563373662251678,0.001041374708600884,0.001415610557486957,0.0004243581646541372,0.0009063718557591471,0.0007309674679465417,0.001065713355243858,-0.00015238966065567183,0.00035375273053261935,0.0012529647676711164,41.3,0.09999999999999964,42.0,7.136483208590247,5.003946305945459,5.298317366548036,6.424869023905388,5.673323267171493,7.212294468500341,4.820281565605037,5.278114659230517,6.484635235635252,5.942799375126701,0.013523337765244392,-0.0005392123684799799,-0.027521806614689837,-0.0008136232981694747,0.0004904483701437812,-0.009999999999999787,0.014863680861740391,0.0006345526193385354,0.0032067674091198484,-0.0024571772553425575,0.0005585205888607447,0.0005896598226474703,-0.004434570769886292,0.004037713019453548,0.002327879460053417,5.4915999999988196e-05,0.025412073530402424,-0.03857849999999985,0.012778019270682783,0.0,0.010000000000000009,0.040000000000000036,0.08000000000000007,0.11999999999999988,0.17999999999999994,0.1599999999999997,-0.029999999999999805,0.020000000000000462,0.11,-0.08,0.08,0.25,0.83,1.21,2.45,3.17,-0.005062158572239461,-0.007186333254741051,-0.0016064225556666756,-0.007923524506124657,-0.0016650220030873797,-0.012214399850898339,-0.0043186444789826695,-0.0013335385586552562,-0.030305850572191595,0.0010263368002263462,-0.013063322591973403,-0.002633711582851639,0.0006400836359850004,-0.004911664966140705,-0.007022877640125991,-0.004812669017763227,-0.0024181273233336853,0.00647321649679089,-0.015862518393578995,0.00034289062272385706,-0.0047181847146275935,-0.011865623218767052,-0.000962801782057543,5.6000000000000085,-0.002403470227370974,-0.0009978100123202438,0.0002252938274569516,10.0785
2017-11-01,0.002504976270799375,0.004644291949274404,0.005469367418132087,0.007444953784409236,0.010596481610049224,0.0025712217474040955,-3.9649184015999595e-06,-0.001534300933776933,-0.004528223734216574,-0.009240697477173043,-0.0032028777471362346,0.005401329793685683,0.005869358192746255,0.006046490900050827,0.004375718184837396,0.0007287537343509953,0.011964445562361092,0.0027276584168705043,0.1548000000000087,-137.0,-0.030672411999999927,0.0016828305434817281,0.001275153549013197,0.0,-0.5,0.06905558510523413,-0.03899636300294329,0.016438726343159793,0.06487630192105698,-0.012507980455667145,0.022449922439221837,0.0015550676939710684,0.0028165552900158985,0.007175198464068444,0.005248611240425305,0.0012002401920963024,0.0024404353516018773,-0.0008488964856123715,0.001354085687481188,0.0017521450001840577,0.00027483853409115966,0.0022517317712633655,0.0009427292708572566,0.0008046491270086165,41.5,0.0,42.1,7.149131598557407,4.5217885770490405,5.204006687076795,6.481577129276431,5.846438775057725,7.1693500166706,4.74493212836325,5.214935757608986,6.470799503782602,5.869296913133774,0.02682390922449862,0.007644495650284355,0.05263525777785816,-0.0023765716114390045,0.00470333214753893,-0.010000000000000009,-0.004423349217070438,-0.002076632523602129,-0.000769402856118262,0.03168820146453122,0.04888322105059384,0.049059655805800184,-0.008105808370352463,-0.0011133726019760815,-0.0007640522372422964,0.0001487149999999937,0.014216031327456413,-0.016963599999999968,0.0017034796878547809,0.010000000000000009,0.06000000000000005,0.15999999999999992,0.13000000000000012,0.16000000000000014,0.06999999999999984,-0.009999999999999787,-0.03000000000000025,-0.05000000000000071,0.16,0.07,0.2,0.4,0.89,1.19,2.41,3.11,0.00547042961551103,0.006090430923516799,0.0004825810611075454,0.029780481469369846,0.05886395831310143,-0.020449006080247578,0.0018897025671948953,-0.00907157459114849,0.017803363796701888,-0.0007562891810710681,0.006626141199101099,0.004061515445542341,-0.0010390278314593715,0.002227565948597743,0.0036853918305892464,0.002131079184908735,0.00012743870059939155,-0.005899862770439412,0.006266641775946269,-0.0008189843117270001,0.0034215478997849935,0.008527941819190588,-0.0014282200372885967,-2.200000000000003,0.002662537253282693,0.0033121029440135175,-0.00012694330902185413,10.5077
2017-12-01,0.002111895466393676,0.002427868265094446,0.007775859331887958,0.006585444475172508,0.005222932474845621,0.002345904426205081,0.0027775348492831142,0.0024780780112845235,0.003812819191274741,0.0059994950361241806,0.00318197066864645,0.00019087824883978755,0.0018209377456450682,-0.004440696197904437,-0.004483953705435084,-0.0019620930047823393,0.05550383329201214,-0.01257020625116656,-0.06119999999999948,65.0,0.029622414999999958,-0.00027404597915747786,0.0006434651142210868,-0.10000000000000053,-1.5,-0.018162182516997305,0.0415428375137088,-0.050966443592026955,-0.057337224747890936,-0.04702960033439929,-0.021006176700147705,0.0009901796696389908,0.0025133689893479527,0.0,0.003248819864408503,0.002236601299802743,0.002946264861023451,0.0010610080570945257,0.0007471108784748992,-0.0004742362149983137,0.00039494810380169554,-0.0025057661561831424,0.0007064641763268042,0.00022339879010857544,41.2,-0.09999999999999964,41.8,7.0707241072602764,4.465908118654584,5.099866427824199,6.345636360828596,5.87493073085203,7.1785454837637,4.927253685157205,5.384495062789089,6.406879986069314,5.855071922202427,-0.003965301249195363,0.04434183059515284,0.0025838796038204492,0.00698741524359292,0.003941995190363201,-0.010000000000000009,-0.01041504021754136,0.0013970647377483658,0.0011807010441575727,-0.03472638322590704,-0.057973893747286454,-0.057970684528486416,0.002851209283577738,-0.0011353040802983827,-0.0011346052925906847,2.218700000000684e-05,0.02690564452555222,-0.040314799999999984,0.016023187330505007,0.14000000000000012,0.21999999999999997,0.09000000000000008,0.10999999999999988,0.1399999999999999,0.13000000000000034,0.04999999999999982,-0.06000000000000005,-0.04999999999999982,0.24,0.02,0.17,0.4,0.88,1.1,2.21,2.92,-0.0060001934946196656,-0.006141786489100021,-0.002087364245817014,-0.017896811099542553,-0.07192499655444662,-0.005787275369137923,-0.0005597817481461931,0.0011277815332686458,-0.008737447858663039,0.0020484283384005764,-0.0030594057584512058,0.0021951820875862893,0.0012002645578093052,-0.0008742591946298006,-0.0014868063195532244,-0.0007979855615181108,1.7791444464343442e-05,0.000860881539535896,-0.002612688593996104,0.0006896541479513019,0.0016924705150347386,-1.111117284002816e-05,0.0037751331385398323,-2.5999999999999943,-0.00038011978180385597,-0.002678051431395545,0.00678858427914264,10.234
2018-01-01,0.0011434269429155819,-0.001387648727742885,-0.0010398376436020484,-0.01322386906097961,-0.004380452678697466,-1.8721766468665635e-05,0.0013848926452313393,0.004953552177916265,0.0045070610886419615,0.0028061890445565396,0.004970532207876133,0.005724883841043749,-0.0017639217841098898,0.0007900409656098617,-0.016484586566755333,-0.0032521293237186555,0.06132603110667123,-0.008921357252140716,-0.16910000000000025,285.0,0.06497420399999998,0.002358073446298903,0.003379510171702904,-0.09999999999999964,0.0,-0.01033484822154751,-0.036782183190585016,-0.012330612457478907,0.02123222010577397,-0.032855788059335644,-0.030765218044461307,0.000989200183648009,0.001819478754265802,0.009898008430074157,0.0002820078980914076,0.0022316100757304724,0.0026825078358232446,0.001483522577899521,0.0008565243709757198,-0.0011683097349344251,-0.00010301490291375615,-0.002410183711027969,0.0008235779040717262,-0.000446847498388081,41.1,0.09999999999999964,41.9,7.1693500166706,4.718498871295094,4.919980925828125,6.522092798170152,5.91350300563827,7.183111701743281,4.6443908991413725,5.135798437050262,6.511745329644728,5.91350300563827,0.014696875842201251,-0.05624446608771905,-0.1150400853156448,-0.005435354828076555,0.0045134140086648955,0.020000000000000018,0.014852872996247157,-0.0026534802647191214,-0.0036001221012273987,0.007789434289110275,0.0166780086500653,0.016377440439085067,0.0026920439045712286,0.0007344953629466744,0.0004352840358370358,-0.0001234300000000077,0.046013536513940245,-0.06980350000000013,0.0299011244762748,0.10999999999999988,0.08999999999999986,0.08999999999999986,0.1200000000000001,0.10000000000000009,0.19999999999999973,0.18000000000000016,0.040000000000000036,0.040000000000000036,0.22,0.0,0.18,0.39,0.97,1.17,2.14,2.85,-0.0005005766069006157,-0.0014089476587892946,0.0035518700390468894,0.007989251106732098,0.07415620843701554,0.06382065078280252,0.002139651595654435,0.011325014756177865,0.009598018118541773,0.0016725137729247663,0.005553766977240748,-0.004424793473346789,-7.221558372449977e-05,0.002370479431431427,0.0034551781005465187,0.0021854235978358005,0.0022930475746845147,0.005437379864341452,0.006543378268196953,0.0004776228587823894,-0.0012916962115494535,0.001459551033641926,-0.0014343317960650026,-0.20000000000000284,-0.002506092276753691,-0.0035077210956817595,-0.013013697181433415,10.987
2018-02-01,0.001490510001247003,0.0018355547744981493,0.00044157259434918217,0.004990439108164324,0.005912028279354331,0.002427946478813503,0.0007499255359677548,-0.00328187106778266,-0.007471774215829008,0.018686644249022777,-0.014911922742558481,0.004629493292188869,0.004552733467475534,0.009804072599813196,0.004569469613402433,0.008445508641323762,-0.1298111291474271,-0.01888135009601033,0.7286000000000001,-69.0,-0.02474874199999999,0.005354964267134221,0.004986736083424148,0.09999999999999964,-1.3000000000000007,0.1090123760765973,-0.0010559663072040593,-0.047426330345733625,-0.08662947895176298,-0.02414743062239033,-0.062486076947735114,0.0026173333711607683,0.005878335727839357,0.010105735980936004,0.012747948779948004,0.00182939005086169,0.0026753312345295654,0.0004234596717953565,0.0020949974903636814,0.002772510166465736,0.00039483284492192183,0.002994366348207933,0.00281855735625669,0.0020092431915248454,41.6,0.20000000000000018,42.3,7.152268856032539,4.882801922586371,5.003946305945459,6.413458957167357,5.955837369464831,7.186144304522325,4.912654885736052,5.204006687076795,6.459904454377535,5.8971538676367405,0.002515183676671029,0.036162220319877036,0.07250766993944424,0.0001482577164892973,0.005067243343310324,0.0,-0.02050963516908766,0.0021014122420517367,5.382855606050896e-05,0.014717445189331713,0.023143873917762292,0.023035238021862803,-0.001266588600266516,-0.0006363442958452481,0.0007493579345432266,0.00020622000000000695,-0.030808848404093148,0.0684610000000001,-0.04579345574882909,0.010000000000000009,0.15000000000000013,0.16000000000000014,0.15999999999999992,0.15999999999999992,0.2200000000000002,0.2799999999999998,0.27,0.25,0.36,0.15,0.33,0.54,1.18,1.44,2.4,3.09,0.0009827664637951372,0.0013863752948291008,0.0004466496496204897,-0.0017570587641291269,-0.11916002481182542,-0.0416321866261109,-0.0015556545756503226,0.00286406820550944,-0.005513334802220271,-0.002303379102595926,-0.0042531978217486,0.0006872487807818572,0.00012922740369525343,-0.0013159057728220347,-0.0018707536005750924,-0.001489488088441071,-0.0016002138545854194,-0.006292431924245001,-0.0038293252097778563,-0.00015575247401411474,0.0012540746739531095,0.0028979665998756232,-0.0023554797616629486,4.0,-0.0014613488726666901,-0.0012491032106112243,-0.0021298353147880533,22.5922
2018-03-01,0.002654003677886152,0.0024421770220683925,0.002889934759162216,-0.002214183605758535,-0.0006326316470044446,0.004534981699050533,0.0006596667295371006,0.0012529154115847874,0.000963247778021703,0.01209076019809796,-0.00227206590391571,5.752951025783659e-05,0.00936371266008873,0.0015422531812392393,0.006326098701605609,-0.0007828339084792191,0.04324928147022966,0.009958658665906839,0.001599999999996271,266.0,0.057867688000000084,-0.0005688422976319885,0.00010953220096610039,-0.09999999999999964,1.1000000000000014,-0.06960058952449444,0.05598380866584307,-0.07470859281310727,-0.09359344118526991,-0.06267805548465155,0.021486950197807886,0.0015253062005484708,0.0021467611679408805,0.011361176509177895,0.0013910142735333864,0.0020639842208520776,0.0034292279747383247,-0.0002117074211351877,0.0014255393223283619,0.002546845109602458,0.002314359484291373,0.0011673424620433082,0.0012891885758588018,0.0003567765278891244,41.5,-0.10000000000000053,42.2,7.183870715062453,4.77912349311153,5.204006687076795,6.432940092739179,5.978885764901122,7.233455418621439,4.852030263919617,5.298317366548036,6.516193076042964,5.942799375126701,-0.002309931729184811,0.03215224600984534,0.0637579546515834,0.005506575524986346,-0.000532757767752301,0.0,0.023868658975203516,0.0014972349513691086,0.004046776163843191,-0.022128766697269597,-0.04340260484810887,-0.042840858511526636,0.004420240906327422,-0.000912599256963631,-0.0017968745324123958,-0.00010425899999999544,-0.0008838872380376728,0.014819099999999974,-0.013263501095484465,0.09000000000000008,0.30000000000000004,0.1299999999999999,0.1200000000000001,0.10000000000000009,0.029999999999999805,-0.020000000000000018,0.050000000000000266,0.1299999999999999,0.57,0.19,0.36,0.55,1.12,1.33,2.36,3.13,-0.0029629651306573024,-0.005107538419469648,-0.008614445405159543,-0.047622393620214254,0.03134996752451613,-0.013717209621471937,-0.0024963259746719757,-0.0026982123927368207,-0.015832837137785383,0.0013954869092298594,-0.005686939263119584,0.0026617474812971054,-0.000612718144056501,-0.003011984141391366,-0.004433281836083047,-0.0028647360363107666,-0.001077640158072768,0.0015499349266310247,-0.005696117872912687,-7.603068263328794e-05,-0.002542515789525801,-0.0076853077261920255,0.0014015308431751805,1.7000000000000028,-0.007374659270794837,-0.002475456540384613,0.0009946068340322967,18.8985
2018-04-01,0.0011190773695783918,0.0013321619838091436,0.0008995620131022619,0.00010657027192984003,0.0029893087717187683,0.011294728569692047,0.013886610458609283,0.016233948120519592,0.01801577680244204,0.003958787093821137,0.02203924262415846,0.010204019297451516,0.008114964544165382,0.007332540401100651,0.007037200915737785,0.006845577568917349,0.11358865246940475,0.00200506507303988,0.5904999999999916,59.0,0.011254836999999851,0.0005255721901615829,0.0006311871035187266,0.0,-1.5,-0.0724726488129912,-0.0040040093533821874,0.055885537617640146,0.11062962833783807,0.022059718064731726,-0.01922706223037096,0.0009841392609786226,0.0022880520168673257,0.010935619427882237,0.0024989600676388335,0.0016639598150085533,0.0022796362455821395,0.000634987850736124,0.0007745782261370238,-7.267705951718995e-05,-0.004169711330725079,4.4382872022907804e-05,0.0009365488860630933,0.0007577277445740549,41.6,0.10000000000000053,42.3,7.151485463904735,4.564348191467836,5.093750200806762,6.513230110912307,5.8377304471659395,7.228388451573604,4.634728988229636,5.267858159063328,6.60934924316738,5.82600010738045,0.009733479252540533,-0.003919076801910393,-0.054984187007885765,0.002334165766493257,0.0023155084030150874,-0.010000000000000009,-0.015924180123665366,-0.0026022561780632003,-0.0009654408702264305,-0.0052904996254419245,-0.0036665128839281635,-0.0035836652095327937,0.015472651463711351,0.0008694878187682775,0.0009655385160378671,9.159100000000198e-05,-0.018348659050624327,0.04669330000000005,-0.03212172417193404,0.17999999999999994,0.1200000000000001,0.06000000000000005,0.05999999999999983,0.08999999999999986,0.07000000000000028,0.03000000000000025,-0.020000000000000018,0.03000000000000025,0.51,0.07,0.24,0.46,1.01,1.18,2.16,2.98,0.0,0.001391788672822969,0.006547237465932554,0.04030999995084539,0.046593059230154665,0.023029519411160493,0.002408677154569716,0.0014433430467635233,0.012941487860881118,-0.0020318109578489896,0.007680195523653843,-0.005810966670765083,-0.0007799397927108487,0.0025412219908877987,0.003775361656018994,0.002827937271545622,0.0013164822878621862,0.0031619897357293425,0.007835281536253902,-0.0009857810929538857,0.0008348535824689307,0.0025486997230137476,0.0004582234971834964,-2.6000000000000085,0.013154035408629028,0.009788881562172946,-0.0025716906977102383,18.2708
2018-05-01,0.0026368176305382462,0.0029555905469749177,0.0030739078905082096,0.007412669339673883,0.0129232641989514,-0.00946948327533903,-0.017184359427980134,-0.02299558671720181,-0.027656985919759514,-0.03973343820361208,-0.024275068616364415,-0.020013493529292603,-3.4617681369475406e-05,-0.005068085681561918,-0.0022151864990131998,-0.008519194909372807,-0.13090854915142902,-0.004176540552649044,-0.6232999999999862,139.0,0.06762754700000007,0.0004758682367409506,0.0021867491766656144,-0.20000000000000018,-1.3999999999999986,-0.07009391759187888,-0.026424301670513017,-0.04334764409717806,0.05157478629651724,-0.1090035069363271,-0.0011293055971517418,0.002214139762688916,0.0044636433337288395,0.005793672894828461,0.008560041223727666,0.002056312018474671,0.0018957351648989373,0.002324845176897128,0.0018518596160337353,0.0018516170628668505,0.0009109268880660437,0.0010265965426992096,0.003037740389496335,0.0002227518776045656,41.6,-0.20000000000000018,42.1,7.213031659834869,4.6913478822291435,5.476463551931511,6.489204931325317,5.860786223465865,7.198931240688173,5.003946305945459,5.3612921657094255,6.464588303689961,5.811140992976701,0.0055514365928797105,-0.003607065810101062,-0.008026083729609113,0.0016782786004210237,0.0014783956769175433,-0.020000000000000018,0.0014468505150464495,0.0030969490858474558,0.002483230546003412,0.005396755682845367,0.0060753379770126514,0.0058290888723884215,-0.01778128821181557,-0.003557240366005132,0.0005639753695332317,4.25139999999935e-05,0.01787495866465605,-0.02138580000000001,0.0033226700263901954,0.010000000000000009,-0.040000000000000036,0.10000000000000009,0.09000000000000008,0.1200000000000001,0.11999999999999966,0.10999999999999988,0.1499999999999999,0.16000000000000014,0.46,0.16,0.32,0.57,1.12,1.28,2.3,3.13,0.004918849071596121,0.0060171438200251615,0.002455612214428804,0.019873043522914635,0.00017835931553111806,-0.005943236289312814,-0.0003456166223090307,-0.005512133660829477,0.0006516542104373357,0.0009631946948100989,-0.0026765164830457877,-0.0006633366629866799,0.001192264807989396,-9.509576646937745e-05,-0.0007954425346827776,-0.0004665769490461713,-0.0006626819465971323,-0.003656585244938171,-0.0032293062892403412,0.0006032386232455167,-0.0025211856878453176,-0.0014583852410234854,-0.005132886291188132,-0.7999999999999972,0.0029436493588761437,0.0006429576475657228,0.011181978973644036,14.1243
2018-06-01,0.003957200116875725,0.004395983070436316,0.0009641370990083331,-0.004682196174471187,-0.003423496666693282,0.008215735786215816,0.009307355863427347,0.012028384894346544,0.011079356799753803,0.030301831666467827,0.005666599238136172,0.013259979700964486,0.0069150776598787544,0.007798166467957834,0.0028224783213897098,0.006729938823377246,0.027949867326081623,0.008158338662205722,0.5629999999999882,214.0,-0.010891608999999969,0.002234168886911192,0.0007064551020494747,0.20000000000000018,-0.3000000000000007,0.12769315136402604,-0.04045731677335507,0.05302230179194556,-0.05948890335250745,0.12987508142141202,0.006083154953406833,0.0014308604732633512,0.002707277457268731,0.009288677179041471,0.002471510251618625,0.002682659017715139,0.003277451566072287,0.001687408120277567,0.0012248736673985405,-0.0008346185733518752,0.00048090961543678645,-0.0029495459105550736,0.002097658384833778,0.0014689192732753042,41.6,0.09999999999999964,42.2,7.083387847625295,4.672828834461906,5.099866427824199,6.3473892096560105,5.857933154483459,7.20414929203594,4.795790545596741,5.187385805840755,6.55250788703459,5.840641657373398,0.004696818492229582,-0.003803138432720843,-0.044714932985080225,0.00021011425989492238,0.001392401705869517,0.010000000000000009,0.0011490764165476008,-0.0003481006661836261,0.003491088810106291,0.007497177052378845,0.01401695592312624,0.01373874890083393,0.0053348459087594335,0.0036026120977297182,-0.0031746741708289505,-0.0005558380000000029,0.019378007455770785,-0.02400789999999997,0.006995276007062401,0.1200000000000001,0.029999999999999805,0.039999999999999813,0.040000000000000036,0.06000000000000005,-0.040000000000000036,-0.06999999999999984,-0.040000000000000036,0.0,0.37,0.08,0.24,0.51,0.96,1.09,2.14,3.01,-0.003937976016004541,-0.005555782796847097,-0.004523753531113783,-0.03493622652178896,-0.08538939829708614,-0.0010064021671167822,-0.0013546650592184406,-0.009592325497384202,-0.003716948055766167,0.001436772888978588,-0.0019165442084254636,0.002092162115515883,-0.0010028294682049577,-0.0017485942054777937,-0.0008821530121316812,-0.00162236648972236,-0.0008552823934833143,-0.00201079491803835,-0.0018607649350883548,-0.0003658676141871098,0.0012563688661666461,-1.1874910486042722e-06,0.004197219054036694,0.20000000000000284,-0.011658676478779384,-0.005789689413584043,0.004853924910671381,13.5986
2018-07-01,0.004593921371096599,0.0050833603477666855,0.0021197779254498172,0.002228556066251386,0.006065084749621974,0.0012634228235999245,-0.0018398294815753502,-0.002558125057969818,-0.0009678524112191056,-0.02085066931900581,0.00458345910024871,-0.007898657896140193,0.005000231898656615,-0.004730650958820526,0.00940233128422907,0.00048158338453685445,-0.014370890029227645,-0.005295855380750503,0.06560000000000343,-40.0,0.03916155999999993,0.0008072691633316254,0.002462265757904092,-0.20000000000000018,2.3000000000000007,-0.14232140716764263,-0.03325463145534702,0.05822762078473254,0.13267972472350475,0.0085106896679088,-0.06065269947925245,0.0003691386694519849,0.0022183651072715804,-0.0020567070567141243,0.003559209780599204,0.0015746794845039602,0.002137155882900643,0.0006320446855294648,7.017024082855983e-05,3.6302252558684245e-05,0.002212636941235857,-0.0010487078022087815,0.0011634672632983012,-0.0020481773935152603,41.6,-0.09999999999999964,42.2,7.0967213784947605,4.634728988229636,5.19295685089021,6.453624998892692,5.66988092298052,7.195937226475569,4.90527477843843,5.236441962829949,6.530877627725885,5.783825182329737,0.006280315483714105,-0.030120991222371885,-0.06116210458883664,-0.0050609035001052405,0.006123366258812268,0.0,0.006622258950629956,-0.0015931162589559733,0.0020071945990167706,-0.0022252773376614243,-0.0023553879038171743,-0.0023632386285268314,-0.001905118935208172,-0.0008090010574033357,0.0028958494110913335,-0.00021678799999999554,0.01416392489912166,-0.009928200000000054,0.0027100240015118793,0.08999999999999986,-0.020000000000000018,0.06000000000000005,0.04999999999999982,0.06000000000000005,0.0,-0.020000000000000018,-0.08999999999999986,-0.040000000000000036,0.26,0.05,0.2,0.48,0.87,0.98,1.96,2.88,0.0009779914297416425,0.0013819574711106952,-0.001992993689868605,0.016826645593124745,0.07541941272655883,-0.06059815330969176,-0.00012022356735386097,0.0028913555230891674,-0.0029287387352372463,-0.005414987698953766,-0.0008233043099838966,0.0046960890269440725,0.0001989607253038983,-0.00021599436268981975,-0.000957843134039571,0.00038300280954750576,0.00019509069240886134,0.00465070748191998,-0.001694583074136169,6.455594219456628e-05,0.00041499478874129636,0.005060286491287425,-0.0032635133877505496,-0.29999999999999716,0.01170259689954456,0.005114859818981188,-0.005569736607952791,13.2849
2018-08-01,0.0036386976384470415,0.00406209553784187,0.002105600995292889,0.004863032083651575,-0.0005835392316893007,0.006772933873277154,0.0053687777273188075,0.007259563568909222,0.007890056010399604,0.02251411916788726,0.003807882397834028,0.0022183815303877807,0.008463877719241175,0.004316422647134388,-0.007242283127140148,0.00253114404329402,0.013517310743134558,0.012945148114866356,0.22129999999999939,18.0,0.010276790000000036,-0.004203696919656608,-0.004120012245374838,0.0,-0.7000000000000028,0.12990439618872873,-0.04188501313074422,-0.059541393691016076,-0.010994613501091877,-0.09552206665753804,-0.004784698123335929,0.0016828869163170168,0.0025018054906169596,0.014453861381911182,0.003955000041123924,0.0011008021240552779,0.0011295890752407445,0.0010525208844516243,0.001550285243517635,0.0019945971181503097,0.0031304819646535975,0.00013989126656177575,0.0013943762426542605,0.0014252630240960684,41.4,0.0,42.1,7.160845906664299,4.605170185988092,5.214935757608986,6.505784060128229,5.814130531825066,7.149131598557407,4.727387818712341,5.267858159063328,6.4692503167957724,5.771441123130016,0.0021917443362458044,0.043590822108548366,0.10480291631249727,0.001819053450271113,0.005424512332954379,0.0,-0.003399762837192455,0.0006611703157517468,0.0016843527647303347,-0.0005254657255484574,-0.0005601239792714097,-0.0005514906335112313,-0.003939318924039981,-0.0018778577848408418,0.00017300665758401834,2.8946000000001915e-05,0.0227136914158228,-0.025605600000000006,0.009812233296611073,0.0,0.020000000000000018,0.06999999999999984,0.08000000000000007,0.06000000000000005,-0.009999999999999787,0.0,0.009999999999999787,-0.020000000000000462,0.28,0.12,0.28,0.54,0.86,0.98,1.97,2.86,-0.0009808692973560795,-0.0013830192916852724,0.000983249598969671,-0.04447276574479364,-0.08681251464827433,0.028585678937266046,0.0010052095960375595,-0.012245125532049705,0.008239813338492219,-2.4587784250407196e-05,0.002203933306083705,-0.003714971303492298,6.555226877136278e-05,0.0012140625492476076,0.0013626041215228923,0.0011055697778115103,-0.00036305948157622225,-0.003482116452746986,0.0015963693280243163,-0.000470222746868032,0.0024935576298337203,-0.002909086614618861,0.006047067183433619,-1.7000000000000028,0.0018769045551554342,0.0003619920253772335,-0.003911116953068117,12.5651
2018-09-01,-0.0003828335627371615,-0.00018808318905172428,-0.0017851084051550004,-0.00034212311453174493,-0.003850323371107578,0.00043523731929440146,-0.0008879108452788387,-0.00039639573309901976,2.872187175739782e-05,0.01270645257343972,-0.0035719633169843945,-0.005031615897953756,0.002032187182368972,0.0035053310768331514,-0.0015901096950132754,0.0002837886490816288,-0.003954362028614433,0.004643016525823107,0.04000000000000625,203.0,0.04942925900000006,0.002637863810940999,0.003280701712091272,-0.09999999999999964,1.8000000000000007,-0.07744308501145447,0.0005778676843846142,0.0026258220776673724,-0.06112726068100116,0.048531130364072084,-0.01595392794224182,0.0005826510788171646,0.0022558746277479003,0.00043475111183965964,0.003803835587744331,0.0014920101711606293,0.0022553574276340527,0.0002103713061298862,0.0003113252362023644,-0.0009061418913223207,-0.0006834219200211322,-0.0026039111557274452,0.0019720440240540427,0.00026701081552360506,41.2,0.0,42.0,7.1308988302963465,4.955827057601261,5.170483995038151,6.340359303727752,5.8998973535824915,7.1808311990445555,4.653960350157523,5.187385805840755,6.5337888379333435,5.834810737062605,0.009027876090554443,0.004238795568261011,-0.055131905466675235,0.002066668529728588,0.005491298228667674,0.010000000000000009,-0.0017135934302494604,-0.0011911262391510746,0.0001948471784309902,0.0024706771641067604,-0.00017323267022106847,-0.00012129491228274336,0.0050709003019679955,0.003917561542658987,-0.0010171730252661604,0.0003001579999999948,0.015168748229911877,-0.011825799999999997,0.0004979371150235501,0.040000000000000036,0.050000000000000266,0.10000000000000009,0.10000000000000009,0.10999999999999988,0.1200000000000001,0.10999999999999988,0.10000000000000009,0.11000000000000032,0.29,0.18,0.34,0.61,0.94,1.05,2.03,2.93,0.002437475319384319,0.0032144867425962786,0.00048300110812693475,0.04522095588624353,0.07339437924376035,0.02622932572433445,0.00027443270509319717,0.03147561760413797,-0.002319438338003188,0.003587684342772235,0.0017004671452207631,-0.0023664779651069168,-0.00039376498208554267,0.0003063516621724105,0.0010999840947372164,-4.609582364611953e-05,0.0013576225597979885,0.0003496586242128785,0.003993315024324318,0.0006962619718917651,-0.0012634133367726008,0.0017794040027023783,-0.0027986761887714984,3.8999999999999915,-0.012571915577083814,-0.0054458043281737645,0.000522047110992574,12.845
2018-10-01,0.0014505204492056833,0.0011279688706817836,0.002918549391401015,-0.0032179957215348054,0.011115258299939867,-0.0016737692789394742,-0.0017997279835615387,-0.0016409524331653103,-0.0002624891614484426,-0.01139106973605486,0.002892477388678927,-0.008196314119898851,-0.0015131585549079674,-0.002061610934874558,-0.004841804410061101,-0.004756470368875831,0.04624976543958059,0.016794110995735245,-0.35949999999999704,-107.0,-0.044341344000000005,0.003172269044426912,0.002407125225207807,0.09999999999999964,-1.0999999999999979,-0.009203261859138223,0.06106629542682196,-0.008779687652046064,-0.017241806434505236,-0.0022230464879466894,0.03730705241281029,0.0010974084865722489,0.001915892912897732,0.0039042779694327123,0.0018965055806265951,0.001803144230466458,0.0026248374547979125,0.0004206098905328304,0.0009644927438454687,-0.0002901389060347981,0.0011103235598302064,-0.0028216506853446788,0.0016211212443302259,0.00022245456457348212,41.3,0.0,42.1,7.107425474110705,4.574710978503383,5.220355825078324,6.405228458030842,5.811140992976701,7.148345743900068,4.9344739331306915,5.214935757608986,6.439350371100098,5.777652323222656,0.0020325993434493483,-0.03585934679946767,-0.02487339252148857,-0.0047816372266211715,0.005010229087794471,0.0,0.0044881895651567305,-0.0015690119321849494,-0.0016485419458476258,-0.0040730939630790886,-0.0025469085677256587,-0.0024434612206053474,0.003915160862325351,-0.002197938802575905,0.0008140133041649733,0.00018624600000000102,-0.04081481435188028,0.09202279999999985,-0.057326659404768776,0.24,0.1299999999999999,0.1200000000000001,0.10999999999999988,0.08999999999999986,0.10999999999999988,0.1499999999999999,0.1599999999999997,0.1900000000000004,0.18,0.06,0.21,0.46,0.81,0.96,1.95,2.88,0.00434779021924836,0.005907765135796161,0.002923578896278478,0.021159684122839195,-0.024008934745752164,-0.006272890407280407,0.00027668946974124253,-0.006621290931172474,0.00089485589519267,-0.0003174848322249346,-0.00026064372676248837,0.006075593778024135,0.0006783511171013501,0.0006172426663013653,-0.0001509061584910043,0.0003392052932706946,-0.0003258056171304702,0.0028201571355284116,-0.001709090071615904,-0.0003918964808065084,0.00040197540283548605,-0.0014495735616075756,0.0018396655496206726,-1.5,0.00687638197639906,0.0037856135732941,0.0002731577372454552,19.7307
2018-11-01,0.0022416568241379053,0.002842125097297199,0.005320625339604312,0.0032987558300519026,0.003269822243971987,0.0007973366110878288,-0.002059965095571492,-0.0007299598944054964,0.003047559985100534,-0.00043276896150157285,0.004024346428059822,-0.012161581286220802,0.0042410275472333225,-2.034691489960494e-05,-0.00010145548448381447,-0.0025523950943826534,0.03147619551940206,-0.0031261214078099897,-0.18590000000000373,290.0,0.065886165,0.0014380621828209428,0.002107872724048221,0.0,-1.0,0.05352923562920253,-0.018097560010802205,-0.06230703274902538,-0.01754430965091025,-0.09323518276516474,0.05591873077902143,0.0006485106211968628,9.569835884626343e-05,-0.005934735519814716,-0.00040609137613856205,0.0007829627709732279,0.0009981285919113958,0.00042043305223060656,0.0007382970543137191,0.002572045830977032,0.0014330560661850456,0.002815275837942721,0.000925176427736929,-0.000266951416428185,41.2,0.0,41.9,7.074116816197362,4.663439094112067,5.003946305945459,6.473890696352274,5.627621113690637,7.200424892944957,4.867534450455582,5.176149732573829,6.5638555265321274,5.780743515792329,-0.030217114316542393,-0.01464464889733108,-0.032912637640507114,-0.00833233744790185,-0.0003083798086471745,0.010000000000000009,-0.01232967195376311,4.861125150945611e-05,0.0014536947674166356,-0.001760404205855437,-0.007425052866014248,-0.007235016795548832,-0.0005877619448861893,-0.0009194848459372906,0.00031480341994605254,0.00033653000000000155,-0.022594354509174686,0.06058350000000012,-0.03336459410524206,0.010000000000000231,0.18999999999999995,0.08000000000000007,0.06000000000000005,0.050000000000000266,-0.04999999999999982,-0.029999999999999805,0.08000000000000007,0.14999999999999947,0.36,0.13,0.26,0.5,0.75,0.92,2.02,3.02,-0.016013732181493268,-0.021460260387788033,-0.014218033133688301,-0.06362391034607295,-0.22418023577204416,-0.00639218653598661,-0.003041287567648432,-0.01433461219285892,-0.018278343370323746,0.0027708240661432626,-0.007975339265797743,0.0009490245282748333,-0.0002649981332085716,-0.004019923409210868,-0.0044930069418080976,-0.003596478288951488,-0.001385631146104238,0.0004781242966735988,-0.008718959103490853,0.0005860595271620639,-1.3808284920369118e-05,0.00034234990526149645,-0.0004762330692185124,-1.0999999999999943,0.001188006970988198,-0.0017614170786899308,0.0038142615076779407,19.3379
2018-12-01,0.011411689852202755,0.012974839383543824,-0.008588808105129964,-0.002221153061388037,-0.020523478123013916,0.0003124133378804572,-0.0002953283685345198,-0.0008313940331605707,-0.0012392689702407367,0.021793114681566195,-0.007804808779344086,-0.005519060352766836,0.0010525344978447038,0.004592731347090151,0.0031103007439883257,0.003433945891916146,-0.06365174752508285,0.007519070518360316,0.2843000000000018,-105.0,-0.06969334900000002,0.002269647216197157,0.0006123659843453311,0.10000000000000009,-0.20000000000000284,-0.008802465917026936,0.11784452303611825,0.049884512750468346,0.03264707783666676,0.061582201129288805,-0.002889854184104479,0.0012156594444956426,0.0016732405003416773,0.00708863727773501,0.001352997094505426,0.0014859424780855335,0.00199327336458488,0.0006303183316163086,0.0011413443478822671,-0.002354433759903074,0.000817968076690434,-0.003499543777913061,0.0011552681506703522,0.0016894899981707567,41.4,0.0,42.1,6.9985096422506015,4.6913478822291435,4.859812404361672,6.436150368369428,5.4510384535657,7.183111701743281,4.762173934797756,4.927253685157205,6.56244409369372,5.869296913133774,-0.015508370961580198,0.02881902198765829,0.07363028965550988,-0.002414801896687635,0.007248626348648202,0.029999999999999805,0.021989409230030788,0.007024812145969506,0.00707864454963314,-0.009239088024550313,-0.015502617187205914,-0.014988864652156764,0.002031494021522917,0.0006541960271917446,0.00018930918966475474,-0.0011998980000000048,-0.058960017652593955,0.13713090000000006,-0.06979502042660979,0.06999999999999984,0.1299999999999999,0.040000000000000036,0.020000000000000018,-0.040000000000000036,-0.27,-0.29000000000000004,-0.20000000000000018,-0.08999999999999986,0.42,0.1,0.21,0.39,0.41,0.56,1.75,2.86,0.004344216487818464,0.005885527284018366,-0.004040188703142711,0.06022115799515859,0.07683063069224705,0.017433297897937905,0.001389099091614554,0.001386132049278288,0.0016327589146678534,-0.0015656785261697337,0.0013297994556467074,-0.002170002178603525,0.0016503918984653865,0.001442390573257235,0.002018462970931445,0.0016733722345687596,0.0003504772759166386,-0.001109672609136858,-0.0007259450777059584,0.0008803260501926147,-0.0020649890025183915,-0.003202783976226531,-0.0018449940582905278,0.7999999999999972,-0.00018524230437932943,0.0025840804756391833,0.012427653191773302,25.1541
2019-01-01,0.004184428507432614,-6.164869152591734e-05,0.002871140242866943,0.0020915086658650495,0.006488313252996036,-0.006608353938973188,-0.006916531272355364,-0.008712823529900326,-0.008202566122887944,-0.0530636057078091,0.004414132367914547,-0.01396456357934639,-0.0062244257049766105,-0.01608487612031606,-0.007939817251430448,-0.00921071390243089,-0.002307132555013247,0.020182397558196286,-0.7062999999999988,13.0,-0.013560879999999997,-0.0014900253853600276,-0.0021065809695137716,0.10000000000000009,-1.3999999999999986,0.08343744730560765,-0.02641568993976584,-0.03267078228954823,-0.05841881229266299,-0.014655102240249462,-0.008270975953424298,0.001720769034585956,0.003100038252314974,0.004889282101097514,0.003913371163886126,0.002497659743635694,0.0034786965134081527,0.000839806893782935,0.001496524543540545,0.0021735201456607456,0.0015318891184854522,-0.0009920603986302012,0.0011539350461156062,-0.00013327706099452996,41.6,0.0,42.0,7.111512116496157,4.90527477843843,4.890349128221754,6.519147287940395,5.634789603169249,7.13966033596492,4.927253685157205,5.187385805840755,6.429719478039138,5.780743515792329,0.004808655785184968,-0.027903863156629072,-0.027134503815997135,-0.006388973141461918,0.007165713625052916,0.010000000000000009,-0.02139514046052504,-0.003407770043919456,0.005175677153017588,0.006040468490173367,0.014599456526013022,0.014060910740380517,-0.0035682635269331797,0.001442392813265414,-0.0003451157955227657,0.00013089600000001922,0.015491062866141547,-0.016969500000000082,-0.0003014966609802272,0.1299999999999999,-0.10000000000000009,0.0,-0.029999999999999805,-0.08000000000000007,-0.14000000000000012,-0.1200000000000001,-0.08999999999999941,-0.009999999999999787,0.19,-0.03,0.05,0.18,0.14,0.31,1.53,2.72,-0.005432716815890082,-0.008443458644550539,0.001368708592827339,-0.08139823724509654,0.17684500203277675,-0.014861268122405846,-0.0014999711921515058,0.006841170094411986,-0.0023298091860377568,-0.00012240419715059403,-0.000814449848911103,0.002920224450686071,-0.002063453294461226,-0.0015349833530509116,-0.0022192305603612184,-0.0016367906148166966,-0.0012077607205629448,0.00386032694753613,0.0019750295608362833,-0.0029701057281084076,0.0012265579533927706,-0.0003550504196931925,-3.36055664229562e-06,-7.099999999999994,-0.001345173693191981,-0.0034538399805228437,-0.005975877245637307,19.4215
2019-02-01,0.0022742432974052207,0.0024151543788271113,0.0004938582533542402,-0.0019104830594756095,0.0014383662641908046,-0.00518661840574719,-0.004169624661006566,-0.0014418971452876406,0.0019542228175906118,0.014030482206381478,-0.0013694700079520672,-0.009667833836540574,-0.0064038043901337716,-0.0037667860747365722,-0.0054942189931956875,-0.005230178132864971,0.014632976609994408,-0.026709611839206282,-0.38870000000000005,-436.0,-0.007045501999999981,0.0002208846438946921,0.0023998734990318127,-0.20000000000000018,1.3000000000000007,-0.036621354688536556,-0.11098799252355462,0.004142698675010159,0.014648149237333818,-0.0031128429804905267,-0.0011229647446224789,3.331900616387884e-05,-0.0021451563463870116,-0.005033447026021598,-0.0040485885260004295,-0.0007798487488734906,-0.0007444169078265617,-0.000839806893782935,0.00038733567768289845,-0.0015934526965555307,0.0009519924559580062,-0.0021025783552222066,0.0013829666834848098,0.0007550019233697469,40.9,-0.09999999999999964,41.7,7.02197642307216,4.442651256490317,5.030437921392435,6.459904454377535,5.497168225293202,7.160069207596127,4.927253685157205,5.198497031265826,6.529418838262226,5.645446897643238,0.010297930453194937,-0.02251453342412013,-0.08164802739681853,-0.011215911552953983,0.003237234256465271,0.0,0.007114928753605199,-0.0017450955188618167,-0.0003675537588758715,0.017916780780632635,0.0340854143485938,0.033697164136292534,-0.006861060159821797,-0.0005246803252525467,-0.0008398685461559197,-7.787500000000502e-05,0.05501690361573264,-0.09676667000000005,0.03767345543345213,0.0,-0.09999999999999964,0.020000000000000018,-0.010000000000000231,-0.03000000000000025,-0.04999999999999982,-0.029999999999999805,-0.14000000000000012,-0.16999999999999993,0.09,-0.01,0.04,0.15,0.09,0.28,1.39,2.55,0.014265090119010893,0.02051468674370671,0.013032963650298157,0.028295901366268694,0.030302325862495927,0.035917934253884454,0.003812072447292536,-0.0004022230444018504,0.022479496117385978,-0.0019539737313669647,0.009912192118311403,-0.003984048664340989,0.0003238246875589823,0.004364726761761695,0.005384849927128066,0.004368631635840892,0.002346021069810078,-0.004397474194165696,0.009279855205734933,0.0013074205686578466,-0.004099875608689629,-0.0031955838196506825,0.0018214697552236814,2.5999999999999943,-0.005792307451045531,-0.005123271263512308,-0.007022022247626936,15.0976
2019-03-01,0.0017871213028683997,0.0016387066081318125,0.006994283576824856,-0.002222848491028273,0.015875612669180583,0.00010697204927723192,0.0008351186710857661,0.0019388598047713757,0.003549056491721103,-0.007112946800402753,0.006493793988958885,-0.0038229611028164356,-0.0007620674888659806,-0.005431573817324953,-0.008606449869030364,-0.0023466974310464295,0.026284835366522152,0.005102559425065323,-0.16130000000001132,251.0,0.028216178999999952,-0.000582995570404421,-0.0010332819737826071,0.0,0.3999999999999986,-0.035249921578426324,0.0495423266719861,-0.0032206147000417573,0.013333530869465982,-0.014919789908833359,-0.0492846684389896,0.0015115147653546046,0.0016688524555057427,-0.003032274361518539,0.0040485885260004295,0.0005459579747988386,0.00012410797409678764,0.0012594460103070304,0.0014859763739867304,3.624304586935523e-05,-0.000322895868889006,-0.0006675953336525708,0.002530482141644086,0.0019514797517921068,41.2,0.0,41.7,7.0825485693553,4.406719247264253,4.867534450455582,6.484635235635252,5.780743515792329,7.173958319756794,4.795790545596741,5.198497031265826,6.51471269087253,5.793013608384144,-0.00035727754890757524,0.040471072714314715,0.0895833128132022,-0.0021879962696189637,1.0875438167801121e-05,-0.010000000000000009,-0.006142368486246497,0.0003790878096019412,-0.0007880704067133593,0.0063447891981560645,0.00335227748093736,0.0033116950892304597,0.00036074314917922123,1.7877511551134262e-05,0.0002659180255930593,-2.6095000000003754e-05,0.017673211862536675,-0.020537159999999943,-8.092684853977516e-05,0.010000000000000231,-0.010000000000000231,0.009999999999999787,0.0,-0.05999999999999961,-0.1200000000000001,-0.11000000000000032,-0.020000000000000018,-0.11000000000000032,0.07,0.0,0.04,0.09,-0.03,0.17,1.37,2.44,0.0029055418596293237,0.00458648512103732,0.0024955710604581682,0.025729674448992768,-0.01057249105285063,-0.022708001445896464,0.0007778995492548901,-0.007412089558138213,0.003866002763248666,0.0021592258282217003,0.0016239176205390393,0.0015085065852806778,0.00024442031316773694,0.0010713093753924596,0.001321191850646386,0.0006401694215290021,0.0004333539105916273,-0.003050860784246545,0.002958313596836959,0.00017969568963938087,0.007767898467430534,0.011692092879899807,-0.0022865405492566993,4.6000000000000085,0.007189981620706831,0.00669197337643368,0.002269842089146934,14.5147
2019-04-01,-0.0006130061632578787,-0.0009829016865854356,8.651891164568326e-05,-0.007628407790813085,0.0012174672689493349,-0.005473150389978976,-0.01149984081024602,-0.014304710496718442,-0.013476162832723126,-0.0041056319697725385,-0.01604937760182512,-0.022253583516793185,0.0018723364520072394,-0.004938222878209331,0.00038997588478029144,-0.0065445088653683925,-0.06698106878990728,-0.007478104068254332,-0.48339999999998895,-45.0,0.040148826000000026,-0.0019539777024046856,-0.0004851177463116585,-0.09999999999999964,0.3000000000000007,-0.10056776697404324,0.006957480567498564,-0.07510102089471449,-0.14590661005217687,-0.02726712634034012,-0.00972608781999007,0.0020472196876788473,0.0018087491246596699,-0.002316491552750044,0.005774540990712396,-0.0002339454917681394,-0.0007448789916093546,0.0006291286775610416,0.002085925400377775,0.0013038755921854772,0.001155146475298352,1.926380171113351e-05,0.002065642230929754,0.002212977799651128,41.1,-0.20000000000000018,41.6,7.148345743900068,4.867534450455582,5.123963979403259,6.48768401848461,5.75890177387728,7.1785454837637,4.955827057601261,5.225746673713202,6.473890696352274,5.814130531825066,0.006288255389257813,-0.03564676043868609,-0.06743021193058851,-0.007876266682682598,0.005130868833200353,0.010000000000000009,0.01611895892109594,-0.0006411266708212793,-0.0014025493629681307,-0.03675019762522602,-0.06801186793686842,-0.06621869923408719,-0.005877215201948616,0.000355309485074784,-0.00036934735186111567,0.00021661700000000228,0.034980387588162465,-0.054267889999999985,0.018819424810819996,0.009999999999999787,-0.009999999999999787,-0.020000000000000018,-0.04999999999999982,-0.07000000000000028,-0.040000000000000036,-0.040000000000000036,-0.08000000000000007,-0.13999999999999968,0.05,-0.04,-0.03,0.0,-0.09,0.11,1.27,2.28,0.0004228173602536245,0.00034375431094968434,-0.0020160163069320447,0.014236710051055645,0.03706511020692016,-0.006754198042187021,-2.2030441504838905e-05,0.008828622892179006,0.0014344448704379786,0.0006144290548890652,-0.0010414174697013223,-0.006621572500168149,0.0004129664718428572,0.0004384681952558367,-0.00026003214297354305,-8.479308632303173e-05,0.0005561925891628405,0.0003643115458151769,-0.0008380751981462708,0.0010111478637284677,-0.005724309720142262,-0.007442234832959471,-0.002277178424773485,-1.2000000000000028,-0.0005871210695627127,0.0002827272250893742,0.005301468734465686,12.7691
2019-05-01,0.0003708918509222059,-9.561143519931647e-05,0.0036940950947261797,0.006178907244418497,0.006583925498098608,0.001395264535141827,0.002301967304433994,0.0014708307136528376,0.0038687561575585505,0.012095024641102015,0.00158671978289604,-0.0032823003463322564,0.00031834672205999226,0.0011772719352451944,-0.00264581051850854,0.0006091946212150035,0.01756263718916795,-0.001900720087664176,0.07089999999999463,3.0,0.006883273999999995,0.001014332917232963,0.0012506143038741868,-0.10000000000000009,1.5,0.07258086572307132,-0.19035372849121845,0.034183015621180424,0.0012763243596047857,0.05458056830413671,0.04086966918832857,0.0002522888588014638,9.510675740820318e-05,-0.0056690318261782835,0.0013381508754459759,-0.00031201248303069917,-0.0008697273331996769,0.0006287331235093063,0.00027779492739909983,0.0003618861545664487,-0.00016979081811996366,-0.0008608119143715953,0.0014892035514666446,-0.00252318586311695,41.0,-0.10000000000000053,41.5,7.164720378771857,4.454347296253507,5.062595033026967,6.582025138892826,5.7899601708972535,7.205635176410364,4.6443908991413725,5.170483995038151,6.570882962339584,5.8664680569332965,-0.002399811537079799,-0.037087046641165244,-0.11803765055273097,-0.015151879083884268,0.0018685895526342478,0.0,-0.009491620686223001,0.005363274365208781,0.007480852184244213,0.015512609346275852,0.031167655227769764,0.029787450445670327,0.004662163216553772,0.0014944361493292035,-0.0001282872958228154,0.00037730199999999603,-0.017049962300823118,0.04600789000000005,-0.028452593269084225,-0.029999999999999805,-0.03000000000000025,-0.029999999999999805,-0.040000000000000036,-0.08000000000000007,-0.14000000000000012,-0.1299999999999999,-0.020000000000000018,-0.07000000000000028,0.05,-0.04,-0.04,-0.05,-0.2,0.01,1.28,2.24,-0.010190586582805139,-0.014207826046585659,-0.008489906137532977,-0.039146726690489686,-0.14227740727598448,-0.024340231577834714,-0.0035058266475829214,-0.003004809802811259,-0.019904110018864607,0.0006591127918227357,-0.007019224975729266,-0.0004613774525701331,-0.001275536590438442,-0.004541664248650434,-0.004825987888258609,-0.003895316514257452,-0.002094017116109903,0.0029676873828874406,-0.006360476219512634,-0.001554004994484437,0.0016246933068000402,-0.002113172426553067,0.005002591638872289,2.799999999999997,0.003208794856687902,0.003998938638774874,-0.005125982254531536,16.5037
2019-06-01,0.0015701831486971685,0.001249057397197717,0.0033751029988158265,0.0011855289968671912,0.0015311999531864018,0.0012187739512290463,0.005083980278895339,0.007123215364480018,0.007969035688605075,0.015613050880999069,0.005831177497317874,0.0026227408518835205,-0.003491239632569254,-0.0007608460657033689,-0.006810595216204973,0.004636458408547206,-0.03704079277256955,-0.012107055641710218,0.38410000000000366,-81.0,-0.01468139199999996,0.0025589194097026535,0.0026173940999640877,0.0,-2.3999999999999986,-0.11253429892867395,0.15230566085368835,0.03999592129856566,0.06302270450044745,0.02583730350810942,0.03020288172989183,0.0013533058546020271,0.0013305457199592752,-0.003650971561880212,0.0032042751047729467,0.00046798222521715616,-0.00012430853394107544,0.0014655084796046935,0.0013569987741348655,0.00028941466087317735,-0.0013933732075930294,-0.0014277539743119405,0.0014869891215791853,0.0018598065848696166,41.2,0.20000000000000018,41.7,7.1252830915107115,4.718498871295094,5.198497031265826,6.453624998892692,5.752572638825633,7.181591944611865,4.859812404361672,5.204006687076795,6.498282149476434,5.8289456176102075,-0.0172787352541679,-0.004756327230786894,-0.03209152281084293,-0.016779130774539297,0.001025919142467302,0.010000000000000009,0.009275412451277276,0.0005769778098301259,0.008617230461107184,0.02221831024481702,0.04548580553447934,0.045108635203505276,0.0009180408350504266,-0.002132489368399604,0.0008513471062379097,0.00036299500000000484,0.012345062157089082,-0.010821774000000062,0.004137893981118079,-0.010000000000000231,-0.14000000000000012,-0.18000000000000016,-0.2400000000000002,-0.33999999999999986,-0.3599999999999999,-0.33000000000000007,-0.25,-0.16999999999999993,-0.08,-0.21,-0.27,-0.38,-0.56,-0.31,1.04,2.08,-0.002920627086083094,-0.003690120456968593,-0.005587344953053908,-0.002260722751445954,-0.0583408088786701,0.028512732646543526,-0.0005719684981952966,0.009041541533041375,-0.005920991556167543,-0.0020357451291026507,-0.003433666517389078,0.005061367454949561,0.001173048330051607,-0.0004512821548292578,-0.0009592293899620685,-0.00043492455141791453,-0.00025174077245804227,0.0036029495165879055,-0.005324200526080958,0.0006946911022147617,0.0008037822687136931,0.00176037756529146,0.0004350982322431918,-1.7999999999999972,-0.008284762121467892,-0.005108665496655007,0.0018732827785576944,15.8726
2019-07-01,-0.00034313631272731016,-0.0005731441204925858,0.004713688397468552,0.000637397164817699,0.008833476367932747,-0.005248652711969726,-0.005514319823431535,-0.006970149009916327,-0.004415409322469976,-0.0187680967503443,-0.00036889099689485505,-0.01587981144845063,-0.0048886245998049915,-0.006141690374254161,0.0005783588609320489,-0.0072928028093670605,0.03789589846310992,-0.003864914884151638,-0.5353000000000065,-152.0,-0.05027694400000016,0.0025829527333343094,0.0018871466804526449,0.10000000000000009,-2.0,0.11064035896860336,0.014301673907529455,-0.020033281201020436,0.07273834345134489,-0.08285987546779783,-0.07704985502667938,0.000596464968740662,0.0009967487831890054,-0.007784426472466244,0.0031940405115502557,0.0002339090104612751,0.0004971414469778779,-0.00020922690734259675,0.0005315031264281345,0.0005785781603506734,0.0011046626379318525,-0.00012872663629437398,0.002397398259963879,-0.0014166816607037447,40.9,-0.09999999999999964,41.5,7.122866658599083,4.553876891600541,5.176149732573829,6.456769655572163,5.802118375377063,7.20934025660291,4.919980925828125,5.1298987149230735,6.529418838262226,5.8888779583328805,0.0036751826238603513,0.023914672679385518,0.1324618318384463,-0.0077669228295018655,0.00338722417773063,0.0,-0.0030260542398270474,-0.002728584575383053,0.0032575845141931126,-0.013733126276731511,-0.030012891750063275,-0.029973352790076624,0.0009206181326035789,-0.000816494171754556,8.431087759497302e-05,0.000552368999999997,0.03599945667808235,-0.055895427999999914,0.027586819739348734,0.020000000000000018,-0.07999999999999963,-0.06999999999999984,-0.08000000000000007,-0.040000000000000036,0.0,-0.009999999999999787,-0.1299999999999999,-0.17999999999999972,-0.18,-0.3,-0.37,-0.44,-0.57,-0.34,0.89,1.88,0.007773607408072536,0.010109275695226572,0.012095895192368644,0.040862683080712614,0.15499157090814997,0.005864833178693019,0.002630382781233287,-0.008087524477304875,0.015192057100767542,0.002175125130207789,0.006785243228598858,0.0015210143188619796,7.069173330176426e-05,0.003050237137903977,0.0040960804955432195,0.0026691861596228605,0.0008590358220237349,-0.010105430325944909,0.008709325420321434,0.00015804112772332957,-0.0024337463352659405,-0.00035266991798943437,-0.00272188835404652,0.20000000000000284,0.006012404158068918,0.0038530042394295805,-0.0008018948206327536,13.309
2019-08-01,0.004427879873402318,0.005085397111901813,0.003830732048601071,0.0026207215232609826,0.005913705094028998,0.00757570872256963,0.005168821528319434,0.005362515538080537,0.003652368288884489,0.013157858181530813,0.0009983905655417402,0.0113260652359779,0.010594115636925139,0.004737671986834613,0.0106203322844447,0.00684307585029309,-0.017371622656437324,-0.001528251149482962,0.555800000000005,136.0,0.04554669800000011,0.0011241310551941552,0.0019026001591662123,-0.10000000000000009,2.299999999999997,0.07221043837752994,-0.0683688951778052,-0.00993150750091587,-0.05846937365014515,0.024155763879336156,0.011919092237210549,0.0014631452282358737,-9.48856628468775e-05,-0.008588828157077621,0.0005313496405570106,-7.796359104261796e-05,-0.0009945301665084116,0.0014636698901604461,0.0017158271917026013,-0.00036157211949827683,-0.0002548138598559291,-0.0009788643380232998,0.001936550129613579,0.002345289479096735,41.1,0.0,41.5,7.226209010100671,5.135798437050262,5.241747015059643,6.568077911411976,5.717027701406222,7.305860032684009,5.1298987149230735,5.272999558563747,6.656726524178391,5.849324779946859,-0.007187237811093539,0.009769439281967607,-0.022986231292501103,-0.005658275668926294,0.00035133214613125574,0.0,-0.009325224270927635,-5.087066686648711e-05,0.0046011034525363925,0.007836394993455897,0.019458452420002992,0.01937167254429306,0.004770577587285274,-0.00010629112994919865,0.00021443296703260728,-5.784500000000081e-05,-0.03346648437002919,0.07728042400000001,-0.03782934139560634,-0.27,-0.16000000000000014,-0.15000000000000013,-0.1499999999999999,-0.18999999999999995,-0.3400000000000001,-0.43000000000000016,-0.31000000000000005,-0.41000000000000014,-0.07,-0.17,-0.24,-0.35,-0.63,-0.49,0.86,1.75,-0.00583374259024616,-0.006441229400083515,-0.0050694590100013315,-0.031205491507333427,-0.09334084759281236,-0.011196194108960889,-0.0013908652400491661,-0.0014443912229955558,-0.0064313975879928265,0.0019416745992160145,-0.004050039277007755,-0.0013776742909410444,-4.329968107352755e-05,-0.0016793631382938656,-0.0017192960632765875,-0.0017059493400601866,-0.0008695362688264652,0.005124772119650345,-0.004612404054700647,-0.0006501519955843804,0.0024206546375786786,0.0028065248475650506,-0.0009037476857174376,-8.600000000000009,-0.0004538349649081397,-0.0016179290462901008,0.004046606374652484,19.4147
2019-09-01,0.0018257942093633517,0.001974079828112707,0.001617013983479687,-0.0031983454421382618,-0.006079654256076594,-0.0031309482972101677,-0.00690607236073415,-0.00892512368522791,-0.007643575550630999,-0.01939240374789275,-0.004296457732574588,-0.014869346793355831,0.0015857570447295188,-0.009304038673791482,0.003563037548939718,-0.007398255289138511,0.019600853322565115,-0.03216614670770834,-0.5401000000000096,-54.0,0.030909268999999906,0.001939817484684525,0.0032261357400980017,-0.10000000000000009,0.6000000000000014,-0.20425343346051772,0.01911439602331555,0.037317763007195026,-0.001181335045831844,0.06244803209792593,-0.00713439411387462,0.0013420912851369593,0.0006165959357726791,-0.004919875745689417,0.002255091490928507,-7.796966983697473e-05,-0.0004976362381867716,0.0006266318742902399,0.0014595963351204944,0.0008675535535473955,0.0004756000293486551,0.0005668277124399879,-0.00022763487464416698,0.0012368039034083012,41.3,0.0,41.5,7.1785454837637,4.77912349311153,5.093750200806762,6.573680166960646,5.746203190540153,7.295735072749282,4.912654885736052,5.204006687076795,6.652863029353347,5.942799375126701,-0.006741126236647688,-0.024595883307025446,-0.10010714008775778,-0.008667059567175173,-0.0008660929098507353,0.010000000000000009,0.010875512142463961,0.0006149345575394705,0.004597080666398412,-0.02462263595133507,-0.058240442019228844,-0.05687439175811271,-0.005004114760544631,0.0013190616487559481,-0.000587889596349811,0.00025234499999998716,0.02879957393630761,-0.04291495700000003,0.02572245973456866,-0.08999999999999986,-0.03000000000000025,-0.06000000000000005,-0.039999999999999813,0.030000000000000027,0.08000000000000007,0.07000000000000006,0.04999999999999982,0.040000000000000036,-0.01,-0.16,-0.21,-0.25,-0.49,-0.35,0.98,1.86,0.00291687129512308,0.0022985307250733555,0.0020222119978274833,0.016982056973206205,0.08360121535252052,0.018589494395828687,0.0006233114190656863,0.0037063874707694566,0.002283494949880449,-0.003814567028059379,0.002068241372778168,0.0004489931706910255,5.94322188440799e-06,0.0005187575143210665,0.0001960724927556612,0.00104668460874624,0.00014439808687427558,0.0020230046747933272,1.7227223656490764e-05,-0.0001064167966395857,-0.0008142560587813819,-0.0014099013365340696,0.00044913214185848815,3.4000000000000057,-0.004018570210201133,-0.0018176510212999375,0.00851206543718952,15.7324
2019-10-01,0.0019556617052014502,0.002091930585072177,6.613787860487719e-05,-0.01129560931038398,0.0030963922991915638,-0.008550005307015773,-0.00578549872964107,-0.004696339566551799,-0.005000191147259692,-0.03825765949025861,0.004230528738077943,-0.004142644753477143,-0.01194585613036292,-0.0188002293113545,-0.007661823480432872,-0.008798500268472509,0.011526275284921894,-0.008905415376229797,-0.6403999999999996,165.0,0.003215699000000072,0.001972555341460236,0.001300160494180247,0.10000000000000009,-0.10000000000000142,0.03872135814311317,0.009706042512176438,0.010022862948651401,0.07840470566929802,-0.03575884984153088,0.013041085829264887,0.0006604671063303869,-0.002183510622122853,0.0,0.0007947020285801187,-0.00421941554270866,-0.00686773005881669,0.00020879006235219322,0.0011201388301884663,0.0004696107735533417,0.0009674874090208618,0.00010946378852239036,0.0018196297526138494,0.0007501710300381603,41.0,-0.10000000000000053,41.4,7.1891677384203225,4.77912349311153,5.176149732573829,6.517671272912275,5.863631175598097,7.329749689041512,5.147494476813453,5.19295685089021,6.677083461247136,5.937536205082426,-0.00867149650679444,0.0020575210528956944,0.06724125245108148,-0.006267452423749376,0.00029676528503941313,0.010000000000000009,-0.0023367445147854937,0.002813582710869511,0.006119345969592516,0.03674578363673753,0.08078162239155784,0.07985796099010356,-0.003016985615331258,0.0010976415040300225,0.0007447707728314157,0.0001615540000000082,-0.0015033963474886392,0.01430251299999985,-0.003957924274193392,-0.20999999999999996,-0.1499999999999999,-0.24,-0.21999999999999997,-0.18999999999999995,-0.040000000000000036,0.010000000000000009,-0.020000000000000018,0.009999999999999787,0.05,-0.18,-0.21,-0.22,-0.31,-0.12,1.18,2.09,0.00630916919326463,0.00964774209219943,0.004577178422501937,0.002207506415210503,-0.09223168938880244,-0.03240593070062037,0.0012856297646477444,-0.012629987793948416,0.006440847405717598,0.007278730246651932,0.002921164576688895,-0.000783421686470831,0.0003017446764852494,0.0014827902881791033,0.0029328547314859676,0.0007076696533712123,0.0011647003936792188,-0.0006268341505499819,0.004065899323443034,0.0005571092414626833,0.0007961042706106092,-4.401202897685863e-06,0.0013449803238008151,2.299999999999997,0.0019647946032783636,0.0006552348416590803,-0.019288777153537495,15.0714
2019-11-01,0.003446079402358748,0.004642101596271431,0.005361488426824934,0.0051616453959351105,0.006376380176156715,0.005512998337060537,0.011132856375317246,0.014743201825341501,0.015507128809868043,0.06338364582865097,0.0020786656927258562,0.019609683594125293,-0.0015483918459642254,0.009537559184507494,-0.006680561697234744,0.008611348490362936,0.029132448557774637,-0.015081684424804287,0.6966000000000037,-401.0,-0.06770201500000006,0.0004864523129448628,0.0005296777287160381,0.0,-2.099999999999998,0.07273197015152988,-0.022408291820657844,-0.05115015437251458,-0.03107908296594175,-0.066451012351882,0.05566534845708304,0.0013723758768406924,0.0009974115624196145,-0.0173366820468015,-0.0015900361108016625,0.0035174148118795046,0.005124050453989781,0.0008347245893673971,0.0014328680879973632,-7.223345856921526e-05,5.08944703270231e-05,-0.0014304126150292973,0.0014760150281194484,0.0017188571630946115,40.9,0.0,41.4,7.210079628170788,4.663439094112067,5.170483995038151,6.594413459749778,5.8289456176102075,7.3310603052186325,5.147494476813453,5.351858133476067,6.63200177739563,5.953243334287785,-0.0018522276916090874,-0.036688560665714576,-0.04625593077830814,-0.01209911653949547,-0.000386252165858636,-0.010000000000000009,-0.002384548755548721,-0.0024596757196437835,0.003670597928600472,0.003600479000093415,0.0028946977443480293,0.002912052824189715,-0.0008457509129575769,0.0017637122323765908,-0.0010693966177495184,-0.00013983000000000745,0.041837034927062255,-0.06825689299999982,0.041313520305150675,-0.28,-0.10999999999999988,-0.10999999999999988,-0.07000000000000006,-0.040000000000000036,0.10999999999999988,0.10000000000000009,0.050000000000000266,0.020000000000000018,0.22,-0.01,0.0,0.02,0.09,0.26,1.51,2.39,-0.0034106164392531113,-0.005074353284727273,-0.0015273612111199597,0.02551919498762345,0.10926507238252903,0.02769629379069105,-1.1826327980024587e-05,0.011014156914279205,-0.0006410639365395099,-0.005660471495848363,0.00034690197413400625,-0.000755139740871158,-0.00040030392493672906,-3.955010745038123e-05,-0.0005126566376434383,0.0005322148106285951,-0.0007430751583621387,-0.002491406083572123,-0.0002411513787219377,-0.0006275762808511942,-0.001209561711541074,0.0006917536766346544,0.0017808637912137826,1.2999999999999972,-0.002351874260806852,-0.0012069385319453119,0.005946428908265133,12.3952
2019-12-01,-0.004623594931599584,-0.0039660376148695775,0.001615054154886053,-0.00421359871095639,0.0034997564522107893,-0.0020314424783958174,-0.0017299859317319033,-0.004494523897515812,-0.00797422715017948,-0.016279148075819094,-0.005525005720037335,0.0022452165330006935,-0.0023635262002761337,-0.0014232235315940756,0.007377844578275727,0.0014335992361456107,-0.060740427064757796,-0.0198392528164284,0.1518999999999977,-189.0,-0.02928286999999985,0.0012333117193836785,0.0013607415620118246,0.0,0.3999999999999986,0.011065785277089013,0.03595251692841561,-0.03891541624967321,-0.06762482717428409,-0.01669487857216989,0.05040163137706877,0.0008304279817377136,-0.0020909573744738452,-0.015014837004740933,-0.0018582431681135603,-0.001405481608735215,-0.0013721701148803334,-0.0014612256018207148,0.0013008281221580376,0.0023809535057424114,0.0006105316902953462,0.002331423739112992,0.00102058182017295,0.0007483218132851022,40.8,-0.09999999999999964,41.4,7.344719054149673,4.941642422609304,5.41610040220442,6.660575149839686,5.996452088619021,7.280008252884188,5.017279836814924,5.303304908059076,6.587550014824796,5.921578419643816,0.0011240598731667717,0.012370448604853479,-0.10780618587567403,-0.008282026940417353,-0.0010264932021577522,0.0,0.008590249813568818,-0.002497285036644925,0.001063138721599799,0.013778290465216614,0.03201172102059946,0.03354096693156183,-0.004438995594422401,0.0015694758847040191,0.0006295910414380046,0.0010254900000000178,0.022877152854855254,-0.03147116300000019,0.022027238478606215,0.0,-0.010000000000000009,0.0,-0.010000000000000009,-0.020000000000000018,0.040000000000000036,0.050000000000000044,-0.050000000000000266,-0.06000000000000005,0.21,-0.01,-0.01,0.0,0.13,0.31,1.46,2.33,0.002873469043110255,0.0036115505156706362,0.001518342641499082,-0.018121504823597867,-0.00656929944591278,-0.005367195677851377,9.651950158673372e-05,-0.0061024252369197285,0.004824725007352981,0.0013143081694764192,0.0014088545376393924,-0.0011691853953008646,-0.0004247493875100261,0.00022016599609653298,0.00032019767516899833,-1.9572021447089583e-05,0.001687693935966017,-0.001756612056501794,0.0024810684930436366,0.0019895385211290417,0.0011928882258462892,0.002418175576411663,-0.0018000996352860454,2.5,0.006019569965546978,0.0034025627750473575,-0.00591291758878576,13.6104
2020-01-01,0.010446802045562364,0.010828865552682032,0.0036430595131990984,-0.001228028995381436,0.0008701737564305034,-0.005951435148005224,-0.007039574753828326,-0.013068810601679637,-0.007512770484953357,0.01132957792127165,-0.013007243843254024,-0.027153469971942457,-0.004483803959594468,-0.0018645129752297152,0.002354859878592741,-0.0028560853840318146,-0.06956586405512599,-0.0032454233914274155,-0.17439999999999145,471.0,0.08277815,-0.002255135032875444,-0.002262622644224166,0.0,1.1999999999999993,-0.017861927939923028,-0.016389177239989117,0.020133260461697944,0.07212427233551377,-0.018692133012153,-0.09552206665753715,0.0016653670124000541,0.0015686277726274511,-0.010240586001830643,0.007016643601884809,-0.0010162999741183398,-0.0009991258480717136,-0.0010450413742386644,0.0016809166479507809,0.000792393068401509,-0.00022042678105194113,-0.0018930619159860385,0.0016986584685803052,0.0026805544141517146,40.8,-0.10000000000000009,41.3,7.363913501405819,5.337538079701318,5.10594547390058,6.648984550024776,6.07073772800249,7.317876198626496,5.170483995038151,5.332718793265369,6.617402977974478,5.929589143389895,-0.0185929293465108,0.05642663884747279,0.29777720582956135,0.0052839311479147,-0.0032139856268535993,0.0,-0.021681507520417753,0.0003738287188035372,0.0033003330286565102,-0.028213061496979108,-0.05272668933739144,-0.05468026658436109,0.0038138043967697044,-0.004600535997266064,-0.0004046171074705285,-0.001272328000000017,0.031435829670616755,-0.04310583999999995,0.025069875419797327,0.0,-0.1100000000000001,-0.020000000000000018,-0.020000000000000018,-0.020000000000000018,-0.11999999999999988,-0.10000000000000009,-0.06999999999999984,-0.10999999999999988,0.1,-0.03,-0.03,-0.02,0.01,0.21,1.39,2.22,-0.008172983334659989,-0.010887689403277001,-0.006590371850708543,-0.020820267399376036,-0.08897496052161635,0.013099461094594922,-0.0018413936576049394,0.0032698321469419867,-0.016087707648896554,-0.003087631222663312,-0.007510369462491617,0.0013773555188540954,0.0014403999576693138,-0.0023122999359213026,-0.0036170503299048917,-0.001723959859311286,-0.0016436547211471364,0.004804409214678174,-0.006576348995921855,-0.0011857984463059523,-0.0016012650612413637,-0.0014053183189348672,-0.002676183577599911,0.5,-0.007566065383130649,-0.006148078710147331,-0.0006914522630534492,14.0517
2020-02-01,0.004355471226565655,0.005500435566833772,-0.001852649443579324,0.004367852675418504,-5.900317000850919e-05,0.0032964085630577955,0.005779884471022179,0.007198176615387908,0.009589562613661506,0.026988032105534465,0.004368392240174934,-0.0014321743473537651,0.00012808542641362664,-0.0002532728407915741,-0.0031249753365498734,0.001653133052777811,0.044811144743058584,-0.03753471579971457,0.1799999999999926,-196.0,-0.01000399800000018,0.0005110421720999625,0.0012422401012308626,-0.10000000000000009,-1.2999999999999972,0.025013329097547832,0.016949558313773316,-0.0836141400411341,-0.15116225773021785,-0.035796052271916956,-0.02693288235958846,0.0017348223858490996,0.0011867183886238308,-0.007199905887405933,0.0046067866928449774,-0.0003911597937626965,-0.0002499375169211504,-0.0006275494401108972,0.0018228903572303778,-0.001657538574942663,-0.0008991662112158849,-0.0003480951495209439,0.003952351144652866,0.003504625306989695,40.8,0.10000000000000009,41.5,7.337587743538596,4.7535901911063645,5.288267030694535,6.75343791859778,5.902633333401366,7.273786317844895,4.852030263919617,5.25227342804663,6.626717749249025,5.908082938168931,-0.0060228672919571125,0.030445021005622408,0.02189447934737032,0.008582800728840212,-0.005706619599056495,0.0,0.008216226266595683,-0.0009567657759035342,0.002099130051965048,-0.001236938720083458,-0.003103739451617571,-0.0031297656578879174,-0.0007828456933776096,0.00018830008203174486,-0.001271752626921696,-0.0004855239999999872,-0.0002715273122824158,0.014120603000000065,-0.0001830108144749154,0.030000000000000027,-0.05999999999999983,0.0,-0.050000000000000044,-0.1200000000000001,-0.24,-0.26,-0.16000000000000014,-0.16000000000000014,0.01,-0.06,-0.11,-0.17,-0.26,-0.08,1.2,2.03,-0.006290546580919987,-0.00962644506608612,-0.004618936293471876,-0.059428694635912827,-0.08915776531410691,-0.03522299151054131,0.00024576383810615,0.006239035085948252,0.0027894731103303982,0.0003042910708002111,0.002318935473713424,0.004021629146063965,-0.0008504136171056942,0.0003085406631226917,0.0005660403393488167,0.0002419031902958224,9.451034992036256e-05,0.004059611637627469,-0.0008441546121202848,-0.00019203123582478554,0.003964149487069246,0.002730039371219295,0.004444451760424073,1.2000000000000028,-0.0039222158943221785,-0.0032717828308719277,0.010860075469874886,19.6207
2020-03-01,-0.014788641750282494,-0.023593822195758563,-0.06866847683962884,-0.04458029037622602,-0.09518913189470979,-0.040811011528565366,-0.0503819912294734,-0.05387431287890454,-0.052736911522095475,-0.1850046788024562,-0.015216000539070684,-0.07043824326475878,-0.028288313204980042,-0.06133195122783519,0.0020004536385416216,-0.047321342401131616,-0.0478911249609455,-0.09980903783266282,-3.507799999999989,-1050.0,-0.39556482299999995,-0.011199133541403228,-0.02109269610954989,0.9000000000000004,-3.6000000000000014,0.48590970833565716,0.04115807249350745,0.013126993433821177,0.08744644334411067,-0.03897185523209412,2.4141761584025083,-0.009307240173271225,-0.00647282256138304,-0.012328273732995498,-0.009102364805006147,-0.004627277775314909,-0.004258523469758302,-0.005244950658019221,-0.009763272223839436,-0.002961573964700648,-0.0028214996451918495,-0.005488817977242988,-0.002256573224288516,-0.0015317624824771059,40.7,-0.10000000000000009,41.2,7.132497551660044,4.382026634673881,5.043425116919247,6.553933404025811,5.752572638825633,7.213768308118642,4.709530201312334,5.135798437050262,6.601230118728877,5.831882477283517,-0.1114727752530893,-0.16009967629582356,-0.3176589890337933,-0.011179795409299587,-0.004358856117661958,0.08000000000000007,0.06779640444117518,0.030117552419303806,0.037744677158258355,0.11350534566330595,0.18852549429693166,0.18537274310342133,0.0898073046869996,0.0023235655136613076,-0.0012453668666996265,0.0031475039999999954,-0.211561843625784,0.44196042199999996,-0.2015148423112798,-0.93,-0.24,-1.23,-1.18,-1.0799999999999998,-0.7300000000000001,-0.63,0.2400000000000002,0.6800000000000002,0.7,-0.34,-0.34,-0.3,-0.04,0.24,2.39,3.66,-0.012382538145609523,-0.015682143733814158,-0.00734113861219754,-0.01662963171062959,-0.41888637410765517,0.010948295583715684,-0.005548962950630454,-0.015564876258571836,-0.02643985472201482,0.0010913238991889784,-0.008942727448278731,-0.0018033460494528697,-0.0035771754695401725,-0.006467670113361024,-0.0066635352725512575,-0.006197305657980046,-0.003935981536721478,-0.007333135113434253,-0.0088138027389979,-0.0018328378850798188,-0.005161970844589803,-0.008931316417087665,-0.0026721872291997073,-11.900000000000006,0.00473400040227645,0.0014687526565548836,0.020470334728878825,58.0813
2020-06-01,-0.0007324935857990766,0.022385519710537594,0.05477989449373144,0.07342270461525757,0.08304009184090333,0.06377139012871069,0.069430070577984,0.08370315889785118,0.08649405156757517,0.3590842698421177,0.021617698082456727,0.10500196123507788,0.0560166068181811,0.08597532867427038,0.01711476289422187,0.07481699716946011,-0.024991102591542358,0.05854007675327111,5.128799999999998,563.0,0.08143806999999997,0.012179897733439304,0.03730243059106364,-2.1999999999999993,3.8000000000000007,-0.2894071030675782,-0.2507742527107144,0.39832167777731264,0.5797070684323913,0.18690770286016534,-0.37734887052871535,0.034100720054413,0.023607788362360438,-0.02850461356818368,0.020613464599975373,0.02792768456454553,0.03491898690196038,0.016499816907495912,0.03586562738091459,0.038750996399244286,0.007171085744921868,0.05840316575904225,0.0017412506576057751,0.0015412281499340708,39.8,0.19999999999999973,39.9,7.134093721192866,4.736198448394496,5.327876168789581,6.464588303689961,5.676753802268282,7.198931240688173,4.897839799950911,5.272999558563747,6.555356891810665,5.723585101952381,0.17396205992234215,0.08531464688327617,-0.2016858293294561,-0.009351471099517283,-0.012109056597479295,-0.14000000000000012,-1.2015108006256305,-0.03360909157914804,0.011757640465791752,-0.090035953123623,-0.14120568942587575,-0.1492892752995938,-0.07463665097016303,0.0001494168124267503,0.003998786413225375,0.0006123150000000022,0.06145073775930232,-0.12069919900000015,0.07552399672768129,0.03,0.03,0.03,0.03,0.01999999999999999,0.0,0.05999999999999994,-0.06000000000000005,-0.31000000000000005,0.12,0.08,0.1,0.1,0.26,0.65,2.36,3.56,-0.01720172873905046,-0.024871962596817454,0.011263192278710754,-0.03684522722425676,-0.25191721440713755,0.03313464685025558,0.00559412359100353,0.03863370786066511,0.039136796472896584,-0.0013240838216148632,0.01052956047482656,-0.001983852463536273,0.0028053030440853277,0.006687099469822044,0.009010935219829541,0.006273907894365216,0.002131243702479857,-0.003453120466142323,0.012387418969371566,-0.00027732452989948086,-0.009085875340352434,0.0016600385308809251,-0.011446044107840336,5.799999999999997,0.004247059108960727,0.0009935688461872871,0.026484981577249656,31.207
2020-07-01,0.009382819760222816,0.008151150908943805,0.015368202154532717,0.026438700493452316,0.016326140376859755,0.03567157831764867,0.03632112278414201,0.040453270784457374,0.04361629198453887,0.146813497041685,0.012587586708342258,0.042643662147093586,0.034874548946154604,0.04651269271000036,0.011162072750526164,0.03455520296731507,0.03497251060766615,0.04568031490135738,2.548100000000005,335.0,0.04738615300000004,0.0010931318062361584,0.010079349447847719,-0.8000000000000007,2.6999999999999993,0.08470669747216242,-0.8062328820241795,0.8942060640208709,1.217607970640266,0.11359222464177332,-0.07432737087305519,0.011448508004152202,0.003240837351436099,-0.017806873236843046,0.005018131522845692,0.003083207308918645,0.004547286155824892,0.0006632032961118028,0.012814045655318296,0.01019165909753994,-0.003379938691653095,0.015627249072968752,0.00011597564524379322,0.005073908243740988,40.3,0.40000000000000036,40.7,7.328437352895162,4.882801922586371,5.365976015021851,6.755768921984255,5.762051382780177,7.343426229147367,5.030437921392435,5.476463551931511,6.655440350367647,5.932245187448011,0.06844282273984703,0.10871176818767303,0.16840683685934543,-0.001584563816271256,0.0027063756940410855,-0.04999999999999982,-0.008006648407572925,-0.008050331419836354,0.002769771710237734,-0.03308915579902738,-0.05736605300037123,-0.05724306416159164,0.01266453887330421,0.004171721073493728,-0.00018375569202966346,-0.0010237580000000135,0.03262502053807914,-0.07032636999999986,0.051839198617088744,0.009999999999999995,-0.020000000000000018,-0.03,-0.03999999999999998,-0.03,-0.06,-0.10999999999999999,-0.2999999999999998,-0.33000000000000007,0.09,0.04,0.05,0.06,0.19,0.53,2.05,3.22,0.0019700206405470766,0.0018730159161970406,0.003559736612928077,-0.03906401989095176,-0.232941017438844,-0.0036303397931884973,0.0009399513688856942,-0.004900380574923702,0.008678121992071297,5.2079701766238884e-05,-0.002945338549499965,0.01394590110348215,0.0030806973997474785,0.002656205532071354,0.0007401931971404707,0.0010291203362777779,0.000105402431731072,0.009620559548382701,-0.006154692965533393,0.0005186788457640645,0.005909784402521989,-0.006545084287948644,0.017174615111765323,-5.599999999999994,-0.006217496299223413,0.0005610379352916084,-0.002645922743704787,26.6013
2020-08-01,-0.033593406203999976,0.0108202211440247,0.00740360592043654,0.002617904358348966,0.008882404944554168,0.009696666039146429,0.011795727354908081,0.01082532169650019,0.00789014399478205,-0.001957143046883658,0.011156388981235388,0.019730202154266685,0.0069034575684874255,0.01746840186738119,0.015522007683117067,0.015368081822505708,-0.036329848301104306,0.017521256494047677,1.2119,-122.0,0.075837675,0.0036206522445212386,0.023873484765474018,-1.799999999999999,2.8999999999999986,-0.29959710702965126,-0.5050116539005707,0.01571911814248672,-0.001077835195577137,0.08519813986544911,-0.405392830272131,0.01095670463820575,0.002625468538322906,-0.014632529077957201,0.00443951894536454,0.0023269353140626947,-0.0009345171229462323,0.007705046374406166,0.012329504530017132,0.014794904444583423,0.0028926312361328144,0.01845466850611288,0.0026637342752522386,0.02067898334936835,40.5,0.0,41.0,7.244941546337007,4.499809670330265,5.497168225293202,6.580639137284949,5.846438775057725,7.332369205929062,4.795790545596741,5.298317366548036,6.725033642166843,5.926926025970411,-0.0044920975692051,0.019413427400012395,0.07717963008372841,0.0013483944817611615,0.005820190578493367,-0.010000000000000009,-0.004635902862434094,-0.004360859460859956,0.00016932889355913971,0.08470157214964757,0.14239277869636346,0.14338612848946808,0.00937752903843414,-0.004356006470674245,-0.004510576447438908,0.005102697999999989,0.05580498986898874,-0.1086746380000001,0.07739330540309508,0.010000000000000009,-0.03,-0.03,-0.020000000000000018,-0.01999999999999999,-0.010000000000000009,0.030000000000000027,0.10999999999999988,-0.040000000000000036,0.05,0.01,0.03,0.04,0.18,0.56,2.16,3.18,-0.0039763788078213125,-0.005231409215682881,-0.00436805059900891,0.021939249073935407,-0.02150430061049846,-0.003785689710483986,-0.0017476217988523501,-0.0049788237667005575,-0.012915708546983318,-0.0031183014071860526,0.0014463402089397448,0.006903432841149915,-0.0038284704371243095,-0.002910441651700957,-0.0022231761312925258,-0.0016110808764295825,-8.629025277873126e-05,0.003341330660388664,-0.0011849322092016834,-0.00037036776947374506,-0.0015828498864691731,0.0010155650740952815,-0.007056394543290434,1.5999999999999943,-0.005674833669488066,-0.0026559377074999446,-0.015519041381368837,22.8791
2020-09-01,0.006474370763696058,0.011960580615145489,0.013627542167937712,0.00427627547888676,0.01962036419502411,-0.0003962031280977385,-0.0061958384004547895,-0.011118201681607154,-0.013630066465480262,-0.014698693662018592,-0.013165279146407194,-0.00782850228399301,0.0076399308647685515,0.006404720840258449,0.013613815123481032,0.00028404664915182565,-0.02045279697028146,-0.005186958945996523,0.10859999999999559,136.0,0.045530828999999995,-0.0031899742320913305,0.002800618915664188,-0.6000000000000005,1.6000000000000014,0.08647613103133889,-0.12688227951149678,-0.10001236353198983,-0.2769048401674912,0.3922709656216474,-0.07968591241377254,0.007402880294407055,0.004075990043649114,-0.002718976233242465,0.0037305742747726356,0.004555061915414882,0.00519550892269649,0.003502630551201591,0.007947367122476123,0.005356720868389786,0.0047007209668823435,0.0033185021757144995,0.003463806719189222,-0.0023678349936453458,40.5,0.19999999999999973,41.2,7.288244401020124,4.820281565605037,5.365976015021851,6.646390514847729,5.872117789475416,7.392647520721623,5.1298987149230735,5.365976015021851,6.748759547491679,5.961005339623274,0.006822414081415928,0.0033876417156211147,0.03329442240256597,0.00119575926086668,0.0069688740152411555,0.0,0.008567444217062459,0.008285311847224364,0.009884111581015986,-0.007479765013277628,-0.010643311437042335,-0.01338214892320444,-0.00513635846233651,5.758779981235307e-05,0.002385638240831156,-0.0006581659999999878,-0.0077517358873393505,0.005346991000000134,0.016118666849460617,-0.010000000000000009,-0.01999999999999999,0.009999999999999995,0.0,0.0,0.0,0.030000000000000027,0.06000000000000005,0.08999999999999986,0.04,0.02,0.03,0.04,0.18,0.59,2.22,3.27,0.002462677640144406,0.003768020767287439,-0.004750947868170208,0.016839561403173775,-0.10540436169620682,-0.0290215347513314,-0.0014475002780454105,-0.0005130570121734124,-0.003423514798049254,-0.0006350728952293494,-0.0022185574388888796,-0.0024053966774317814,-0.0007647043198826253,-0.0015240912583438515,-0.0017312966286082698,-0.0015229940692940147,-0.001569486753886018,-0.008429937924604225,-0.003924109916776608,0.00044103397797545796,-0.005104586422810975,-0.01538861006541481,0.0026096007851594827,6.300000000000011,-0.0014693958659428574,0.0022088363058099247,0.002078690659814697,27.5874
2020-10-01,-0.000829353229262253,0.014376845167047847,0.002887375445951079,0.008366983871855638,-0.0033805859520352755,0.006591957015615435,0.006166678112598412,0.0023729959929594813,0.0014119257215261527,0.0034249488267246164,0.0009127943972915276,0.00042778134914644994,0.007281226689664244,0.009349972369296466,0.020463684472070476,0.00874465497398269,-0.0031288183248543433,0.0018179737947159325,0.7409999999999997,333.0,0.103580444,0.0044457247390194965,0.015288094739663194,-1.0,0.5,-0.032318791255167234,-0.15512617069841905,-0.16873351207691378,-0.6288118908019982,0.38607106100152944,-0.06844792376748643,0.004734227819271908,0.003358988443869393,-0.008593802889774516,0.0067349577648894154,0.0018162309954270484,0.00039853869673933673,0.004143501730153432,0.004958687846519538,0.007110313808889046,0.002368988904041913,0.006438581839248059,0.002302556854280269,-0.007826305994498739,40.7,0.10000000000000009,41.4,7.341483852363161,4.5217885770490405,5.337538079701318,6.752270376141742,5.958424693029782,7.385851078125209,5.003946305945459,5.393627546352362,6.754604099487962,5.955837369464831,-0.003397260577203909,0.03168559265026616,0.05821298011780485,0.00464176270904737,0.010175273163557819,0.0,-0.004645980244264436,-0.004045746392591809,0.006961101785341484,-0.007538063511065118,-0.010480626482015865,-0.011112235883089294,-0.003488525119728081,-0.0008537976808753456,-0.0013289573889831985,0.0004592350000000023,0.015677878748316942,-0.032772132000000065,0.04087457430878372,0.0,-0.010000000000000009,-0.009999999999999995,-0.009999999999999995,0.0,0.07,0.10999999999999999,0.040000000000000036,0.08000000000000007,0.03,0.01,0.02,0.04,0.25,0.7,2.26,3.35,0.0014547127315864827,0.0018432622662754028,0.0030477341854124873,-0.030969295661126495,0.060325267605919386,-0.000505830609572655,-0.0011072468156312354,-0.005165794892187492,-0.007641607999105737,-0.003013446905264061,-0.0035832642139590476,-0.010130100807676179,0.0003202194396134672,-0.0015665569259830647,-0.0019095852242765332,-0.0009301697636097117,-0.0009437540067116501,0.0006964017110844267,-0.0002116221762964443,-0.0014914574223299226,0.007065143900716997,0.021916983506995003,-0.004363198031439364,1.3999999999999915,-0.008596340721515716,-0.005963073985167711,-0.003311350426306703,29.4362
2020-11-01,-0.008791475659746695,-0.0018546245065920175,-0.002535505539084326,0.00012830632874560877,-0.008869099878365816,0.00441703543004035,0.002124391025095207,0.0026953042383111026,0.0012261431299291914,0.01569318349099813,-0.003192782291977281,0.004499405599876383,0.007534362706823394,0.006504833808345545,0.004346975892214111,0.005752758945316572,-0.05774080032202544,-0.014603960535147564,0.5230999999999995,19.0,0.019104519999999958,-0.002077192681898765,-0.0002334399386310082,-0.09999999999999964,1.3999999999999986,0.008479760079114662,0.040992774129584575,-0.0679720009054634,-0.3344924902957711,0.08948516649953753,-0.05710664692417211,0.0018790276655415994,0.0023495899028791456,-0.0025532764534004215,0.0024627184426702087,0.002471374517606151,0.0034473648567185933,0.0008701327501370315,0.0018022651434694836,0.006507454747039176,0.002184540772423915,0.0029231858387053222,0.0011492933111973969,-0.0037286852415991945,40.7,0.09999999999999964,41.3,7.347943823148687,4.948759890378168,5.293304824724492,6.694562058521095,6.003887067106539,7.446585099157725,5.117993812416755,5.4638318050256105,6.802394763324311,6.018593214496234,0.01957511596891237,0.002446754085637437,-0.012956249741407078,0.005087686991140927,0.0064165360130985505,0.0,0.0028303904462347873,0.003287432262528256,0.008895086274010922,0.027635889633373267,0.045195458589750714,0.048887948709021245,0.0006802217190786664,-0.0013316783112635733,0.0002651746762509788,0.0017082230000000087,0.03740269411257913,-0.06835681999999998,0.06671584505521766,0.0,0.04000000000000001,-0.010000000000000009,-0.009999999999999995,-0.010000000000000009,0.04999999999999999,0.07999999999999996,-0.050000000000000266,-0.14000000000000012,0.07,0.0,0.01,0.03,0.3,0.78,2.21,3.21,-0.0034444893572640467,-0.004698095086828502,-7.592762078534321e-05,0.038081881188285926,0.04416235482771125,-0.0009850873089227719,0.001333449187141511,0.0064945496618609155,0.0031630624973839616,0.002741227410261615,0.0006960779715941001,-0.003565933259112697,0.0014741910392199742,0.0018465772496103483,0.002027291330587211,0.0011936009590192143,0.0005605346354027319,-0.00046413651783439036,0.00379326158511617,-0.00032604268189739827,0.0015396893470338568,-0.0021254799421228654,0.0047710191567187366,-4.8999999999999915,0.005336877146193686,0.0041466694297049855,0.007548965700626908,24.3898
2020-12-01,0.003435529409106408,0.0007555122931304226,0.00392871882652468,0.008420962064871418,0.008921895737726615,0.012820635872185626,0.015932870694623347,0.016485960103643116,0.01971301331082298,0.012872294243477356,0.0220036724987569,0.009970921947039635,0.008910998430887496,0.006499767736352524,0.0010598178869054564,0.007000561488204937,0.11250633593295678,0.02650849885174633,0.6210999999999984,-99.0,-0.012696225999999977,0.0008338830806682296,0.0005001617293824978,0.0,-0.09999999999999787,0.154322989640729,-0.040139167590344194,-0.04754416516829707,-0.1664733645539309,0.00456158925801553,0.10778685424201839,-0.0017035958396522943,0.003936914859940188,0.003141569440266778,0.004907316282064755,0.003285693772461684,0.0031716691051890677,0.003472979397027842,-0.0026270074582601666,-0.00014742739227635582,0.0016620650959087158,-0.0015861899086608844,0.0018361262904686981,-0.0003228856782122591,40.9,0.0,41.4,7.399398083331354,4.875197323201151,5.480638923341991,6.710523109452428,6.093569770045136,7.463936604468925,5.0369526024136295,5.5254529391317835,6.796823718274855,6.095824562432225,0.031369685646337686,0.010608014612193628,-0.03364056807611426,0.0022007912025188148,0.006071439039150306,-0.020000000000000018,-0.003399197442480073,-0.0041911059332893075,0.0029521025977405912,-0.013107324989896085,-0.020986930404095716,-0.022598011208664115,0.004141284240311904,0.0006964341806590113,0.000926336502589109,-0.0006626680000000051,0.04040139207405424,-0.07038512000000008,0.07172081728163038,0.0,0.010000000000000009,0.0,-0.010000000000000009,-0.01999999999999999,0.0,0.06000000000000005,-0.040000000000000036,-0.13999999999999968,0.08,0.0,0.0,0.01,0.3,0.84,2.17,3.07,0.008738341329785904,0.011550050184228056,0.009950525139384325,-0.04230841680382458,0.10012369894952489,0.043538395664224794,0.001766397520534646,0.0002385171781300599,0.01186886381850183,-0.0006214861847606556,0.007568855376442585,7.34881917221486e-05,-0.0014784608492659501,0.0014511256731983835,0.002606111578848491,0.002001169408244685,0.0032778164485618433,0.0013678254898001896,0.005799177819989509,0.0028212677161745248,-0.0023587741281496655,-0.004433972460856417,-0.0021816718858831408,3.799999999999997,-0.00838829514477979,-0.003187053822015784,-0.009954641692207389,22.3826
2021-01-01,0.0941614060385696,-0.0028660158141988745,0.013340555723838854,0.02029683351709366,0.03788595728372002,0.006188305656162463,0.006289934902405925,0.009243425015152518,0.0037617956660502827,0.012129722616821326,0.0012764269015388408,0.019003246867118406,0.006163794480827711,0.01119688074673686,0.004532037600148975,0.009447559387733229,-0.05293747790681547,0.036006542924647,0.8130000000000024,427.0,0.07732086500000002,-0.004657478608576682,-0.0011474087834830726,-0.2999999999999998,2.599999999999998,-0.23641175099063805,0.05397740225552994,-0.031138046788603546,-0.1853449906919522,0.02497008634775888,-0.010753760776804455,0.002788737557116505,-0.00029846291819701776,-0.017003177526890845,0.00122307550749845,-0.0004921663621626493,-0.0009240314828158347,0.0002166612509828525,0.003294895896852168,0.0030546736300767208,0.00221179834384877,0.003031396069047787,0.0012603840110205766,0.005153701817560474,41.0,0.0,41.6,7.40184157874383,5.342334251964811,5.327876168789581,6.705639094860003,6.008813185442595,7.5406215286571525,5.262690188904886,5.493061443340548,6.86484777797086,6.192362489474872,0.01846017880070505,0.045815657149868017,0.08180598993142141,0.008015111961650945,0.008918935829058228,-0.030000000000000027,0.0037688065781349422,0.004494831441641978,0.009741665709936953,-0.014101590431371491,-0.026537700342103676,-0.028360158298788685,0.008036300660799967,0.006523342451819403,0.0005188448410518021,-0.014531496000000005,0.02629052778635277,-0.04659318400000001,0.05835158867093426,0.0,-0.03,-0.009999999999999995,0.0,0.0,0.06,0.15000000000000002,0.1900000000000004,0.08000000000000007,0.05,-0.01,0.0,0.01,0.36,0.99,2.36,3.15,-0.0005917631885017371,-0.000643504880075696,-0.003774503992445055,0.03560918421142745,-0.03779478740927633,-0.03539892358921115,-0.0022894964593680456,0.006487531356291321,-0.010590915990315253,0.0048839023682791805,-0.004444544834752762,-0.004603535708272766,-0.0008401134001525534,-0.002294218594012243,-0.003451218193422534,-0.0029892750414228786,-0.0006978408052251694,-0.003068133986695365,0.00018753353905065495,-0.0005662775791828167,0.0003742857324091631,-0.0003474453479319628,-9.119503556309638e-06,-1.7000000000000028,0.01512553496760205,0.0067938767261424005,0.0019877860482164778,25.5982
2021-02-01,-0.07603934540692237,0.00017272419310998544,-0.010078372843638661,-0.029797756004667164,-0.026681890728870172,-0.03403259778062839,-0.025363130193474248,-0.02456013744422947,-0.023975135002957337,-0.06288531313335621,-0.011974449812163002,-0.03272774529647293,-0.04497091818554555,-0.02472922661424093,-0.09063618680927199,-0.041107833120670456,0.09748618972533674,-0.0768891433029184,-3.0093999999999994,633.0,0.07773782799999995,0.0007434085309583338,0.002153642854437976,-0.20000000000000018,1.6000000000000014,-0.03328463458632047,-0.11103543968385043,0.02589438591732751,0.057368670143156386,0.015416921038221787,-0.0920538300656073,0.0036806986681945375,-0.0022911799632971963,-0.019938229710110278,-0.008867120372324067,0.0023765632984602547,0.002637827960549899,0.0019478417585911956,0.004654666107894556,0.0029720975150056006,0.001531121222067,0.0022066703067089577,-0.0008018787301775632,-0.000504992550615313,40.3,0.0,41.4,7.249215057114389,4.61512051684126,4.90527477843843,6.62273632394984,6.037870919922137,7.44716835960004,5.1298987149230735,5.484796933490655,6.771935555839602,6.068425588244111,-0.002794542339493944,0.006670107780170298,0.06611569033932341,0.015463081584410787,0.007937623419703499,0.030000000000000027,-0.0002564869880341547,0.0004527108977949723,0.008086589029664637,0.02924202197252157,0.053148739792650446,0.0535916599823707,0.018520472496653895,-0.005754188616428735,0.00017587824414988518,0.011835388000000002,0.023363807911973566,-0.04088575799999994,0.04006014336484576,-0.009999999999999995,-0.030000000000000013,-0.04,-0.03,-0.03,0.09000000000000002,0.17999999999999994,0.25,0.17999999999999972,0.03,-0.04,-0.02,-0.01,0.46,1.18,2.62,3.34,0.001792878945371612,0.0020626488126946896,0.010859092989807806,0.054749401315362434,0.0263007862412854,0.008001912015259016,0.002092594224446742,-0.017545173626213106,0.007444623274309059,-0.000406500248571362,0.001252844352789495,0.005975002186151102,0.002587984460422632,0.002553375867924146,0.002836705817272467,0.0023409813025772053,-6.068454055530026e-05,0.0008785401784789926,-0.00241219667950876,0.0005591771087507524,-0.0027129471803397642,-0.0006796179368993016,0.002988154440962454,-2.200000000000003,-0.013754424550263877,-0.01106899093038649,0.0023961688521438873,22.5607
2021-03-01,0.18377384578701417,0.008723513752270762,0.042191772456863674,0.03494727544381604,0.1039629321792912,0.027732274005926705,0.018822573722696134,0.015903203799746635,0.012342346332079757,0.01889363303704794,0.010502046063405324,0.025674962950933633,0.039016878095255336,0.021134560424615145,0.06124608501699047,0.030588285975261087,-0.09090393778878525,0.12056809030826621,2.375399999999999,701.0,0.09275384100000006,0.0016348029398454145,0.0034574502526911743,-0.10000000000000053,2.1999999999999993,-0.016837712922554537,-0.10616380920438662,0.007945148331435448,-0.009335794915632967,0.013507200049412305,-0.12056006684856335,0.0057765256189235,0.008836874265931272,0.02946400128398352,0.0146901444771661,0.004491820202977337,0.0047306264305468915,0.004099692871255556,0.005278251440154591,0.004678713118540401,0.002487519272763805,0.002162418807133193,0.0011453443011308906,0.0038498603854417723,41.1,0.0,41.6,7.419380582918692,5.043425116919247,5.62040086571715,6.754604099487962,5.937536205082426,7.4570320891223805,5.0238805208462765,5.484796933490655,6.818924065275521,6.049733455231958,0.018340105420220354,0.009866285256094898,-0.008620858805073794,0.014335662009145267,0.0003474650632675491,-0.07000000000000006,0.0005637600760355355,-1.4413279652458755e-05,0.007112787321398528,0.03235004040662126,0.047209713219316995,0.05093379093169026,-0.007844649818427918,0.00037371631201565947,0.0001009109428142807,-0.026946037000000006,0.0069490165363621514,-0.01581599899999997,0.00727053227364971,-0.009999999999999995,-0.009999999999999995,-0.010000000000000002,-0.009999999999999995,0.009999999999999995,0.2799999999999999,0.3500000000000001,0.33999999999999986,0.3200000000000003,0.03,-0.04,-0.02,0.01,0.75,1.54,2.97,3.67,-0.001543371223714729,-0.0019919605367206827,0.008190700549847385,-0.15194061179500995,-0.07274379118224727,0.0084271613720448,0.0009731789799101165,0.007518574353037266,0.004871482109946257,-0.0022426165886146876,0.002329091529113647,0.0036155718483277255,6.296761832835784e-05,0.0010603652311473866,0.0011535071345845083,0.0012789210717611965,0.0016043665529847928,0.0028230272823392966,0.001995357206840076,0.0012836522908221681,0.002693559945222912,-0.0016797113459858792,-0.00600344856272228,8.100000000000009,0.009084355425615698,0.01369669849463051,0.005588244758545358,21.468
2021-04-01,-0.14425989245735593,0.008099546831845217,0.007205077407327565,5.459679760733138e-05,0.010261152312192934,0.0014125460433840331,-0.004355487069895858,-0.006816503602636637,-0.005334513735149926,-0.032395478261108224,0.002651975628766401,-0.013240252719723067,0.008526102209684083,-0.012569944128458133,0.03595303198058364,0.00013496972026771914,-0.004038703594617665,0.033081379728320925,0.09029999999999916,763.0,0.07186643800000003,0.0030440855306945735,0.0028037122789488222,0.0,-1.3999999999999986,0.10034566767025144,0.0005021340803477159,-0.046194614660956645,-0.09848983272170475,-0.029417461008838686,-0.12773149874887402,0.0022086297823893375,-0.0018799787855350303,0.003155198831335859,0.00013501653973158056,-0.0032647759981383473,-0.0045989175070761945,-0.0010772380660384329,0.002873923754277641,-0.0012406496756458552,0.003065340163251662,-0.0028403693163863153,0.0018298266770759852,0.002375840657011352,41.1,0.10000000000000053,41.6,7.307872780763706,5.049856007249537,5.19295685089021,6.656726524178391,5.934894195619588,7.460490305825338,5.187385805840755,5.420534999272286,6.818924065275521,6.035481432524756,-0.003005961840012006,-0.0070085274995594915,0.047897109058695264,0.010721321276212947,0.0019877046935974363,-0.010000000000000009,0.0038720946904913234,0.004179815721432334,0.009370368438448295,-0.03533918469601183,-0.06269559428275251,-0.06970746156840946,-0.012001862794045692,0.0009182360210289175,0.0009651451967958025,0.02063588699999999,0.05731297110613909,-0.08022803400000011,0.04215763926027316,0.0,0.009999999999999995,-0.009999999999999998,-0.010000000000000002,-0.020000000000000004,0.040000000000000036,0.029999999999999805,-0.14000000000000012,-0.14000000000000012,0.04,-0.05,-0.03,-0.01,0.79,1.56,2.83,3.53,-0.005216435851207457,-0.008912323715245307,-0.015097970827430807,0.05351798520377926,-0.06406249385434126,0.001391094374999291,0.001907405385627392,0.008440161555240522,0.0004327109081616598,7.913510237234078e-05,0.0010837805596795036,0.022155511254703164,0.002235707293456457,0.001953375945865865,0.00211338718576215,0.0020800908605611568,0.0003349385401065774,0.01164701230794929,-0.0030769073376664124,-0.000779224589884997,0.0038078529882135115,0.013306467025681723,0.0025619142962005625,3.3999999999999915,0.002085718024540384,0.0005495434586961778,-0.0030315576020552015,17.1684
2021-05-01,-0.024259732072975382,0.004847925672761377,-0.0028974312334648644,-0.020874280357171315,-0.011568086309734937,0.00865747535738226,0.00789824561703334,0.008967097019948689,0.0065883677143503405,0.017459153325344978,0.0035553627258400056,0.019358566053006676,0.009619823163721009,0.00955029100470206,0.0177932542539061,0.010755412151643107,0.0027335731066822078,0.012982071652163363,0.9000000000000057,623.0,0.12376459100000003,-0.0009141194774979766,0.002670458010301857,-0.2999999999999998,1.3000000000000007,-0.1870650434063732,0.09064432805708567,-0.06056576123946478,-0.012820688429060922,-0.07583658105433955,-0.22739706687226757,0.0031142455176844663,0.0009899030703408584,0.003733914134815386,-0.00162140286838941,0.0026126729427513595,0.003549599467458364,0.0010772380660384329,0.00345866997539801,0.002370490342533671,0.003320501832215328,0.001138431390987904,0.001141943712081428,0.00018252338631619125,40.9,0.0,41.6,7.382124365737512,4.955827057601261,5.568344503761097,6.70073110954781,5.966146739123692,7.427144133408616,4.962844630259907,5.41610040220442,6.816735880594968,5.991464547107982,0.026442113309736115,0.003466096086176762,-0.02966910811418444,0.012395350411827266,0.007886623606522036,0.010000000000000009,-0.0019141011346803793,-0.001313015361487757,0.008640017868708938,-0.03422518595908741,-0.04748211900647625,-0.05047658332308991,0.00680106186932683,-0.0007629041605348164,0.0014302039628173446,0.00406540900000002,0.006419543939633954,-0.007065887999999854,-0.019482925988631106,-0.010000000000000009,-0.009999999999999995,0.0,0.0,-0.009999999999999995,-0.040000000000000036,-0.019999999999999796,0.06000000000000005,0.020000000000000018,0.04,-0.04,-0.02,-0.01,0.76,1.56,2.9,3.56,0.004596966882060904,0.006946381719222572,0.010741988132816793,0.06983187863632168,0.06422603617512834,0.05969270373984781,-0.0005765029438249414,-0.0008951978360043356,0.0008596304542685118,-0.0018902177876825021,0.0011490204005175642,-0.0031480852027572226,-0.0015529626022301457,-0.0008561393662356309,-0.0005163482929413377,-0.0004498925369720297,-0.00047466622412351,0.0012291851581380797,-0.0016606656227233785,-0.000398066971451172,-0.0038518601578689804,-0.012986016345713391,0.0055077833494086015,-5.3999999999999915,-0.004479083794356242,-0.006439137561791597,0.0021414330309266205,19.1336
2021-06-01,-0.0032488289440664175,0.0034392169132253514,0.00930130797035833,0.0023818905177748206,0.010636232093544251,0.0046430540826536415,0.002270805054280345,0.0020135179706164408,0.003678080899266689,0.0022951954261722918,0.004140796793668855,-0.007713643809347914,0.007482051004265244,-0.002763043546750943,0.007421551072765986,0.0007268889678933022,0.01653164841058441,0.018168450685555726,0.12469999999999004,412.0,0.009842797999999986,0.0034592977412479797,0.0017148476998976037,0.10000000000000053,2.299999999999997,-0.0065277660872080645,0.003204397340242693,0.06282352325216323,0.11203176171574825,0.04578172685784132,-0.13365318788683744,0.0053495551586131285,0.0008406478428071296,0.004696681823410209,-0.001082397616162467,0.001710864403630552,0.0023594191047688895,0.0006457862671958026,0.006077783752767019,0.005304088581304711,0.004644297982705936,0.004193758833231698,0.0006845408139533049,0.0045977092486282345,40.7,-0.20000000000000018,41.4,7.401231264413015,5.003946305945459,5.267858159063328,6.752270376141742,6.0844994130751715,7.4127640174265625,4.897839799950911,5.351858133476067,6.825460036255307,5.968707559985366,0.022029430341168776,0.0042044904410651895,0.006178400601095646,0.010827135254904974,0.008172463356395099,-0.010000000000000009,-0.013623922724120163,-0.012898131966888826,-0.0060996282994203455,-0.002436055893634048,-0.002454590499205267,-0.0006906352851098196,-0.02106067786828092,0.003770967534054037,0.030557390715593158,0.005712137999999978,0.016806758418526968,-0.02128625900000003,-0.021242267337291842,0.020000000000000004,-0.010000000000000009,0.02,0.010000000000000002,0.020000000000000004,0.020000000000000018,-0.10000000000000009,-0.16999999999999993,-0.18000000000000016,0.01,-0.04,-0.03,-0.01,0.76,1.44,2.71,3.36,0.003554145144317289,0.0037263267359337604,-0.012922264057847244,-0.05960658742799385,0.03662726486839585,-0.09833540791534112,0.0018533330034875561,-0.0032150391589702565,0.01038764857112362,-0.0007476731889370924,0.004620099112210951,0.008976261629726423,0.0002478213044865285,0.0015614622693931324,0.0020849363301786994,0.002088115571342364,8.431793621621608e-05,-0.004004342926496207,0.0025172354554934273,0.0001027532627624339,0.0007425558471103599,0.0026340666940938284,-0.002164998920870964,2.5999999999999943,0.18859048520788413,0.2259778333949054,-0.009799239711298924,16.9236
2021-07-01,0.0060876604703103965,0.0036727187041574183,-0.0023597354461033504,0.0029849806585762195,-0.015352123555228303,0.004190976171097205,0.008437107875886696,0.009290683609259887,0.004720966282047101,0.018411845133393,0.0008412135448185865,0.022529984029302064,-0.0007389705528542123,0.007080778384664477,-0.004472893266163069,0.008372354887220546,-0.024912421516700256,0.007913535311965703,0.7105999999999995,674.0,0.17259610599999986,0.001635424645606065,0.006843224225557165,-0.5,-2.1999999999999993,0.1284175836962449,-0.17539859236143585,-0.13673139535519319,-0.20139193602713412,-0.11435641893973703,-0.09901985360513876,0.006418713485668803,0.004783164522585537,0.006228124452839268,0.0035135171279812027,0.00551994258153421,0.006654947246719445,0.003651598945349832,0.006681928172003637,0.0018461877856879028,0.004413162568665641,-0.0017895483381558108,0.003983842273109772,0.002676041964361886,40.9,0.0,41.5,7.3777589082278725,4.248495242049359,5.214935757608986,6.8308742346461795,6.040254711277414,7.409741954080923,4.912654885736052,5.375278407684165,6.777646593635117,6.045005314036012,0.0252530014629464,0.0177512984984034,-0.021995285000940612,0.007871639779347461,0.013198144748864493,0.010000000000000009,0.005416839422546005,0.005243617098251718,0.0024284990883884916,0.019447158858003633,0.030885511329596937,0.033784968134659144,0.014084344835430862,0.0006089443916152959,-0.03381441624723891,-0.0011738909999999825,0.029115539228833143,-0.02856367500000001,-0.01459936475761836,0.020000000000000004,0.010000000000000009,0.010000000000000002,0.0,0.009999999999999995,-0.07999999999999996,-0.19999999999999996,-0.2200000000000002,-0.19999999999999973,0.0,-0.05,-0.05,-0.02,0.66,1.22,2.47,3.14,-0.006374926357218591,-0.007835801026989664,-7.238840247225653e-06,0.01776274715553594,-0.07558757446695274,0.015069588128017841,-0.003304264209635477,-0.003826256702999409,-0.023958253090067494,0.003589621812588817,-0.008993306172135895,-0.026674212398609676,8.723039627778206e-05,-0.0035845426040808093,-0.005021826313732269,-0.003953849694069866,-0.0003654360697300518,-0.008909046813015742,0.0007028333951764054,0.0009009125827557085,0.000732397591527878,0.002278608715710284,-0.0008711310499087688,-4.299999999999997,-0.19556465490668629,-0.23173380310988279,-0.0046221690960965844,17.5754
2021-08-01,-0.0016262501525190487,-0.00035504372252326277,0.006173575022525135,-0.006133857481177785,0.006905054441880054,-0.0002558618360053444,1.5128844807144048e-05,-0.002180016377158367,-0.002910155496506306,-0.010594378333777854,-0.0006810699125487929,0.0017153296641572169,-0.0005526088169522936,0.0018055002561512268,-0.004995913910490479,-0.0027894674737245495,0.020379483143876165,-0.008921446772845343,-0.16519999999999868,-107.0,0.05997422299999999,0.0,0.0031431873985621195,-0.3000000000000007,-0.1999999999999993,-0.07067160111483517,0.041606000832463685,-0.06199919247960217,0.06155789299943404,-0.10605757851675968,-0.030864118562339726,0.003163407822636799,0.003290526751658973,0.005610926977396069,0.002156044495087883,0.0038781659659576917,0.0032461237359928674,0.004919269892377898,0.003142968030422466,0.0022758892109635553,0.002983592466888396,-0.000505323959497872,0.002042669797861052,0.0006339431474753354,40.8,0.09999999999999964,41.4,7.374629015218945,5.123963979403259,5.2832037287379885,6.803505257608338,5.796057750765372,7.478734825567875,5.0689042022202315,5.389071729816501,6.852242569051878,6.100318952020064,-0.003707734726264178,0.025137510374518612,0.10229510554135501,0.01545728935619195,0.009362611412454314,0.010000000000000009,0.0030303371483615393,0.002833959355253768,0.007263397905234115,0.014889466630814141,0.0239592992279114,0.02711125475668763,0.0030166684668371246,0.0027132624907224567,0.00029287367716257506,0.0002541030000000055,0.020527103387019352,-0.016758258999999942,-0.022823126362306212,-0.010000000000000009,0.0,0.0,0.009999999999999995,-0.009999999999999995,0.010000000000000009,-0.040000000000000036,-0.020000000000000018,0.0,0.01,-0.04,-0.03,-0.02,0.68,1.19,2.46,3.15,0.002893245251486043,0.004797296767836912,-0.006702152434259645,-0.022566144284177803,-0.08335031133674597,0.011639933775711597,-0.0019832126543661843,0.0015452602306122998,-0.006292420915810837,-0.0013487600396677735,-0.001281962878707965,-0.003331222499642905,-0.0025842391068264803,-0.001977133661685393,-0.001616365014993626,-0.0020461532671935956,-0.0007703364342699359,0.005067962071604093,-0.0015387255713372738,-0.0015612789973227237,0.0007207392235812904,-0.001661458136925642,0.0012229699394756821,-10.900000000000006,0.0016198026550089395,0.000500809245439271,0.0024883547250134086,17.0618
2021-09-01,-0.009054888910227987,0.002836826464209352,0.00229198970332245,0.0035580044939873545,0.005878371989997078,-0.010507706583349652,-0.0054602142249216,-0.007290026085827073,-0.007517269817236993,-0.03672896191096697,0.0006045348249008597,-0.0034627935949211874,-0.01634990951431803,-0.011763777911145468,-0.018958120328298023,-0.009393630162762179,-0.0018495042190478372,0.00275113814723138,-0.6860999999999962,-9.0,0.10667422100000001,6.189535972467297e-05,0.004160446656321426,-0.39999999999999947,-1.0,0.06221771316917035,-0.10687100220540113,-0.15920699949438166,-0.20853273475662082,-0.14030091485305363,-0.016783610752820977,0.003254990464233387,0.004159027401785309,0.004235662859363387,0.0061728591070799865,0.0030595837071931697,0.003364827815598659,0.002557001180109708,0.003109540916245379,0.004751799862324546,0.0023144331706674848,0.004584490212282688,0.00305620250334826,-0.0007245392700241382,41.2,0.0,41.4,7.354362330421477,4.836281906951478,5.3230099791384085,6.695798917058491,6.0473721790462776,7.393263094763838,4.882801922586371,5.3706380281276624,6.786716950605081,5.971261839790462,0.00693036256562074,-0.035033817388502086,-0.11993966813456858,0.005809716817161359,0.011225879138438088,0.0,-0.004413040125456291,-0.003985511749851511,0.0021700773272037566,-0.02241585446287786,-0.03580563722410446,-0.03655461531211479,0.004285099799702152,-0.00220326554671324,-0.00044606183439199754,0.001574454000000003,-0.0019483699525757459,0.012990328999999967,-0.048106713606783646,-0.009999999999999995,0.0,-0.010000000000000002,-0.009999999999999995,0.009999999999999995,0.08999999999999997,0.09000000000000008,-0.020000000000000018,-0.010000000000000231,0.02,-0.04,-0.03,0.0,0.78,1.29,2.45,3.15,0.006875599040338187,0.008325378470473765,0.0014159743360551147,0.011505199706905778,0.12418334913334217,0.009331362582944536,0.0010984146428647534,-0.005523717418979501,0.0012335235267473266,-0.0004271924036869379,0.0015394209025769712,0.0015492563948509286,0.0010167625951140735,0.0005832593948928988,0.0008141554300236109,0.001239880216847844,-0.0010881441247372337,-0.00735555055060555,0.001546884837707374,-0.0008405504738959735,-0.002642422676400802,-0.0022902790705949805,-0.0041796936694660225,2.5,0.007718874146551258,0.002096148168337919,0.005582221917029173,19.7806
2021-10-01,0.0013938041365584297,0.003849062568260564,0.006738856023128292,0.006147608716071673,0.01603914517010807,0.01363153332317335,0.005447102572646578,0.005453997184023507,0.0051195860007355876,0.04265487693145875,-0.005300113964223918,0.0038721566049595424,0.02301026045005461,0.016578517074450794,0.021370052180381016,0.014040799471282561,-0.0647821074329249,0.021026887974361586,1.1240999999999985,490.0,0.14898643500000008,0.001113461867628729,0.003858467303160751,-0.20000000000000018,-1.6999999999999993,-0.08823074063297032,0.0862843685970125,-0.1038682008009637,-0.01026703063974388,-0.14032738302351788,-0.2175176574320421,0.005805492354548747,0.004870930234595505,0.007846179377749785,0.005070734110272923,0.004651917275818818,0.0050261076230011525,0.004035260864805323,0.005955850403337237,0.004693582719443867,0.0036434969258234418,0.002779737127779569,0.003610112224100348,-0.0017682668795533374,40.7,0.0,41.3,7.369600720526409,4.795790545596741,5.356586274672012,6.726233402358747,6.040254711277414,7.449498005382849,4.882801922586371,5.459585514144159,6.8001700683022,6.118097198041348,0.0271834304068701,0.02595068908687992,0.05255911301083316,0.007959244652116837,0.014951416433921949,0.0,0.002529813860164154,0.0023568168913605803,-0.0007054121074734354,-0.018555664692904372,-0.028391136365634395,-0.02847559753307094,0.006284563319392866,0.0011887237974423925,-0.00126276506597911,-0.0008816180000000007,0.003406599785668263,0.004007443999999971,-0.049941393361397246,0.0,0.009999999999999995,0.010000000000000002,0.009999999999999995,0.03,0.2500000000000001,0.20999999999999996,0.15000000000000036,0.1200000000000001,0.03,-0.03,-0.02,0.03,1.03,1.5,2.6,3.27,-0.0033922067701182,-0.004828801516326031,0.012099185408831481,0.03950781325742714,0.07230049603705613,0.012290954059150927,0.005239471904188164,0.011180324873625302,0.018799659411357972,0.0051592087136569376,0.008386385891613557,0.012248135905835511,0.003169858328084807,0.005972710341542786,0.007373201755124903,0.005245105239770176,0.003310713054808012,0.011086462026887567,0.00511057176040719,0.001302505354013661,-0.0011267099012886028,0.003557800929749888,0.0008235102739431177,-1.0999999999999943,-0.011585755954198973,-0.0067076959084655385,0.006807525724637387,17.7838
2021-11-01,-0.0018207641535674668,-0.0006222995129405717,0.0022889953385734074,0.0030729501937116765,0.01137407134173607,0.009068489991886253,0.011763378820495163,0.011254646916108335,0.012101249189209184,0.029082610853087054,0.007238522455094376,0.012285352486746781,0.0060140351638136025,0.007519638780861371,0.0025600036389841208,0.008924016468918161,0.035121608181599484,-0.009622840467156557,0.7258000000000067,-187.0,0.09129660299999998,0.0030433155477762597,0.006477191270979787,-0.40000000000000036,2.099999999999998,-0.030222761022380418,-0.10862509787161745,-0.08817790588498475,-0.09634270441851456,-0.08400213750327534,-0.18935888351453123,0.004238276377879657,0.004266880019034858,0.006649592280114192,0.0063686031891094785,0.002956336298836959,0.002054707285102708,0.004441161999967136,0.00423367686927989,0.005311860763509202,0.004665074030537397,0.0022650508580710493,0.003372684478639698,0.00022687569578039302,41.0,0.10000000000000053,41.5,7.440733707389261,4.672828834461906,5.4116460518550396,6.854354502255021,6.052089168924417,7.476472381163905,5.075173815233827,5.365976015021851,6.851184927493743,6.102558594613569,0.016393444020339487,0.022067671084720075,0.06790267542968387,0.010183996827780817,0.01661334609046783,0.0,-0.00030572934716488476,-0.0003630704931705253,-0.00033982042124947043,0.01913116731903486,0.028284437117729766,0.027560308826358404,0.003917653370779206,0.0017164792157764452,0.0011902211175165434,-0.0002629600000000065,0.04529208274863805,-0.05103987099999996,-0.0071024846203742165,0.0,0.030000000000000013,0.0,0.010000000000000009,0.06999999999999999,0.08999999999999986,-0.020000000000000018,-0.06000000000000005,-0.07000000000000028,0.06,-0.03,-0.01,0.1,1.12,1.48,2.54,3.2,-0.0030768053514558247,-0.0036965323833388908,-0.007945791706766236,-0.042162311941985386,-0.15757724211600888,-0.07614151823065551,-0.0007374842728422593,0.0023349126251082097,0.006684998075104254,-0.0017610040121178727,0.00023651782989464465,-0.0020484904548174754,-0.0016662167592400579,-0.0005998883720099712,-0.0011709216806154998,-0.000642518417933502,0.0006335372123889016,-0.006070514191454102,0.0010637591369819788,0.0017127042727320685,0.002219712547964381,-0.0009949754564426705,-0.00042101410573947007,-4.299999999999997,0.003171126607607988,0.0016406024697506183,-0.009750081002069422,19.1586
2021-12-01,-0.0030440189816278718,-0.002956395353601593,-0.003029638144550262,-0.0017082992084720416,-0.008281620831722236,-0.0007270457371220118,-0.0009474089076961789,-0.0022928551764618277,-0.006982175194281126,-0.01281267687658083,-0.0053366988771932355,0.01637665697098445,-0.0004922197157197772,0.002434306659501395,0.004630143223558036,0.0006310866222323241,-0.028544104581165186,0.008248321031047112,0.06519999999999015,333.0,0.16551269700000004,0.0011580991222590598,0.003953386059851738,-0.19999999999999973,-0.7999999999999972,-0.007067167223092419,-0.05310982531394881,-0.09527760704492128,-0.0669657067951821,-0.10734026198326774,-0.11197367154954208,0.003786464251023247,0.003911442319376235,0.012607185514900365,0.004355005233477982,0.003265764183318254,0.002946264861023451,0.0037910744646936223,0.003766365797797988,0.002379389229185236,0.004797821813601999,-0.00048121944534962324,0.0031376090285419878,0.001224240103933738,41.1,0.0,41.4,7.471363088187097,4.9344739331306915,5.811140992976701,6.796823718274855,5.963579343618446,7.556427969440253,5.673323267171493,5.541263545158426,6.849066282633458,6.049733455231958,0.008338449914546686,0.012301177686431686,-0.06132438588334033,0.009581600059842543,0.024582486934892955,0.030000000000000027,-7.292766819944063e-05,0.00023585152749028282,0.001241092058894111,-0.007153865045941288,-0.01089288614177164,-0.011640650480497339,0.009151255911509004,-0.0006418961531835521,0.0010556169873403576,0.00020086899999999241,0.0015799347335434533,0.0061158799999998514,-0.051211697029895475,0.0,0.03,0.009999999999999995,0.07999999999999999,0.12,0.030000000000000027,-0.09000000000000008,0.029999999999999805,0.020000000000000018,0.09,-0.02,0.07,0.22,1.15,1.38,2.56,3.22,-0.0053697834381045695,-0.007313836369594817,-0.013095549077895008,-0.0742896450842867,-0.06970177340095329,0.04288032573557654,-0.0013389279257758346,-0.0007623411127140045,-0.006524829553288036,-0.0007170927100510482,-0.0024868737717156364,0.0014202463064272308,-0.00041709300648395953,-0.0012856636645564024,-0.0016860977074042438,-0.0013997365129299055,-0.0005642630890863032,0.003787897685992192,-0.004555211233607359,-5.580356535350717e-05,0.0021901923692877467,0.0009401703284370733,0.004102337286351787,3.1999999999999886,0.0006123668452797659,0.0006042029552624228,-0.0019139486879247158,21.2985
2022-01-01,-0.00483176606610769,-0.006476694031292141,0.0016568697771903729,0.013296376603808113,0.01804758400631279,0.00019564308834674193,0.003051432868971027,0.00445045700146629,0.008163902185057026,0.0016184106109076168,0.0099797285572647,-0.006063395745742994,-0.003018184269435231,-0.015412683777017655,-0.009510710454790683,-0.005720479755421337,0.09070817005225429,-0.036373981613877504,-0.4440999999999917,-268.0,-0.10894324500000008,0.007275123793043292,0.00601553587695669,0.10000000000000009,-3.6000000000000014,0.22496559858415388,0.009981367958029175,-0.10970930265870305,-0.045999408247863194,-0.13760471801215868,0.11451281806821889,0.0016745784943807962,0.0007226652206693274,-0.008449961084703972,-0.0009222054536728308,0.0021448155340610953,0.002554932406676258,0.0014704340429094742,0.001827587783726159,0.003222667685076175,0.00385251360423311,0.0013520279225254228,-0.0003357018998695338,-0.0005439216886884424,40.6,0.0,41.1,7.445417556701687,4.68213122712422,5.2832037287379885,6.840546529288687,6.156978985585555,7.557472901614746,4.990432586778736,5.5909869805108565,6.934397209928558,6.159095388491933,0.013609091991332534,0.028853499292853968,0.15234577509131952,0.013016099568034178,0.0161839924826932,-0.020000000000000018,-0.006184522164177864,-0.00571136289897467,-0.002915739858487143,-0.05228811331363126,-0.08040534866909788,-0.0784239491172346,-0.009374906273477812,-0.0007941168879170846,-0.0028153250103652994,0.00026523200000000413,-0.02183122170720253,0.03998046300000002,-0.08198105303225445,0.0,0.04999999999999999,0.09,0.18000000000000002,0.25000000000000006,0.31000000000000005,0.29000000000000004,0.28000000000000025,0.28000000000000025,0.14,0.07,0.25,0.47,1.46,1.68,2.85,3.5,0.006293382018236038,0.007044420396273843,0.01624806121456146,0.07925277924296115,0.2475720740928491,0.043577566420767155,-0.0015621372420255852,-0.005520349215717424,-0.01869996014128006,0.003945494556920615,-0.006383639184211809,-0.006295822960123765,0.0017890964924172081,-0.0022071595163737356,-0.0017847258437102553,-0.0020677789336946972,-0.0014224592554423765,0.0019679571054425082,-0.0026185076302907007,-0.0016492207070939457,-0.002239249250751474,-2.9594037899371983e-05,-0.0008580313568251619,-3.3999999999999915,-0.0024546615139708905,-0.002080827114827599,0.0029816286495805144,22.9143
2022-02-01,0.0006034275149087165,-0.0010305771171239542,0.0005898173057881095,-0.007647676384134883,0.01002359777722539,0.006216889486809762,0.009323539134125092,0.007996966571394815,0.0037292245780493616,-0.017487308350030872,0.009542751088337909,0.019807043206601982,0.002722149810034935,0.014854379031140397,0.007113088606222284,0.008887004069651816,0.03531417203066489,0.02142222080058076,0.6995000000000005,457.0,0.14660338799999995,0.0011727985413756414,0.0029371210647823887,-0.20000000000000018,1.8000000000000007,-0.1418879872154637,0.0929938600206146,-0.033749899702881336,0.02139792151755504,-0.060078123943283046,-0.08302333581167431,0.005729684324739637,0.006671971374661467,0.012368973285439289,0.0111410812251993,0.003722629145540779,0.0025484213588296,0.005651506407930995,0.005578223188317466,0.009536113928183099,0.004552476340498046,0.010300975126218859,0.005357753635678364,-0.0001360266614351957,41.1,0.20000000000000018,41.5,7.462789157412448,4.8283137373023015,5.4510384535657,6.8885724595653635,5.998936561946683,7.528331766707247,5.214935757608986,5.459585514144159,6.872128101338986,6.16541785423142,0.02028470594713916,-0.01204500714860579,-0.06623936531400432,0.009045607212945228,0.016806515387651544,0.010000000000000009,0.000602635583883071,-0.00016455010618621202,-0.005027675876711157,0.038874406593304656,0.06130658285191437,0.05840513149348403,-0.0017957191383359827,0.000389559872632006,0.003783782130231117,-0.00022729700000001518,-0.030600181050548514,0.053205660000000154,-0.08230502894955327,0.0,0.16,0.18000000000000002,0.31,0.44999999999999996,0.27,0.16999999999999993,0.31999999999999984,0.3900000000000001,0.3,0.25,0.56,0.92,1.73,1.85,3.17,3.89,0.007540637431711517,0.010099540901083337,-0.004890168319918509,0.06059353331275563,-0.052477341629811214,0.00025215921332044644,0.001949242166631393,0.00013106438196697212,0.013804526131229622,-0.0038841640693361157,0.005199648052631289,-0.005883288230446482,-0.00016689861253738059,0.002104988691245424,0.0017572877509675067,0.002483751719884353,0.0013689563386298786,-0.008838778110896506,0.010315330526819544,0.0002917473866830278,0.0003453092906808841,0.0015522534269134525,-0.0036874001750786256,-4.400000000000006,0.011108371155264862,0.005311044684296107,-0.006996965124258736,26.1429
2022-03-01,-0.004065997569076885,-0.003918095479324535,0.004837437607153383,-0.004213124730505058,0.020758506359165096,0.008091223935253744,0.005136871362966922,0.0064598915658979905,0.003789903698613095,0.029180015153300154,-0.0032211794748171485,0.016775052504112153,0.011355306490830941,0.010779129233529972,0.0004235862871215801,0.009400107951336167,-0.07854994143128469,0.011126277537350404,0.738599999999991,482.0,0.169350785,0.0024693704072049627,0.004376929016920883,-0.19999999999999973,-2.1000000000000014,0.07194112406863162,-0.02578200666965902,-0.1953087523207655,-0.3479954102190099,-0.12727062529357092,-0.02088242936082274,0.0032688633754283103,0.005153420767268102,0.011665718815963011,0.004162336914687259,0.005361520373204698,0.006216321952521753,0.003957926216685337,0.0029654462983383922,0.0016096864587780146,0.006291515364621247,-0.0006945918587533129,0.0021128726236714357,-4.5346332623097396e-05,40.9,-0.20000000000000018,41.5,7.425357887027151,5.318119993844216,5.44673737166631,6.710523109452428,6.042632833682381,7.538494999413465,5.308267697401205,5.5093883366279774,6.884486652042782,6.115892125483034,0.05389593843399432,-0.0015227970783300293,-0.037524006651468156,0.005993978105129472,0.020338697621259172,0.0,0.0015292565497304622,0.002154908357743679,-0.005847005062813437,0.02604897233507586,0.03563779156445612,0.03574243721701609,0.011910223473353021,0.0015792518827328905,-0.0007236779042525399,1.2959000000006826e-05,-0.010130081812340208,0.026044130999999915,-0.05794289129755681,0.12000000000000001,0.35,0.10999999999999999,0.18999999999999995,0.3400000000000001,0.2999999999999998,0.19999999999999996,0.18000000000000016,0.31999999999999984,0.53,0.24,0.63,1.14,1.91,1.93,3.23,4.09,0.002382008906772093,0.0042732065089392535,0.009077017459986791,-0.06425020445466778,0.07250216136471899,-0.03167885383795088,0.002983747607166798,-0.0015940451572333814,0.01385186051589482,0.0022141436287723693,0.005987870539142293,-0.01030114529075643,0.0008812832763007705,0.0033842254825353635,0.004720893953416905,0.0030527448579347194,0.002470467128497411,-0.005363045271466582,0.009466477426623321,0.0015305531661251592,-0.001111588553593723,-0.006345598518564977,0.005260097811015996,-3.3999999999999986,-0.022974108749345135,-0.01118829922523723,-0.004840751467865445,26.9368
2022-04-01,0.0005604894982607078,-9.114998736592383e-05,0.003881089827236117,-0.0007593934471898933,0.013575681124223138,0.0022298375387794778,0.0032839273338263197,0.003583757093897688,0.0012459373226088033,0.001812596842316161,0.0010523348729529758,0.008357902941891204,0.0010476943236188418,0.004798654727233398,-0.005438507612236521,-0.0003816285647593176,0.06460936690709218,-0.026471175737843744,-0.048599999999993315,-409.0,-0.08159444699999985,-0.0017675710258870936,-0.002094228352897076,0.10000000000000009,0.6000000000000014,-0.01222188936700963,-0.06907578678901771,0.00601505572976091,0.13198699077314924,-0.049001156890965625,-0.00023449408010023376,0.001795308918840277,0.0027566557380804824,0.017337782594730733,0.0,0.00400235966884388,0.0037869270199486493,0.004356401454598924,0.0016402744621633047,0.00020976820690066234,0.00531095555522576,-0.0032607323645557074,0.003991136118347782,0.0014953443210519168,40.8,-0.10000000000000053,41.3,7.510977752014095,4.912654885736052,5.3981627015177525,6.954638864880987,6.0473721790462776,7.51479976048867,5.1647859739235145,5.521460917862246,6.8966943316227125,6.042632833682381,0.006099828144085606,0.007286904109518488,0.03610195272929673,0.005283269415244263,0.011379315998917505,0.0,-0.004471243975446626,-0.004678921927588675,-0.00419176588093606,-0.056997748216559785,-0.08754940471382078,-0.08605944658413256,-0.003989156321290821,0.003313541423828781,0.000936578620425621,0.0003362110000000029,6.831713267985151e-06,0.015551388,-0.032594033697628255,0.13,0.18000000000000005,0.32,0.4,0.5499999999999998,0.6699999999999999,0.6200000000000001,0.3299999999999996,0.3700000000000001,0.58,0.43,0.9,1.56,2.45,2.42,3.43,4.33,-0.013639999076870524,-0.020348162801360203,-0.004921860869132821,0.028667699828551108,-0.2328188672150473,-0.009416225488052099,-0.006348367791106924,-0.0053950973205783015,-0.031670870725136524,-0.00045495194839517694,-0.01911967705751305,0.003802077516112057,0.0019281684702070478,-0.007050525571709265,-0.009744990439919832,-0.0068872267615960325,-0.005668187953658865,0.0020761511382065834,-0.023984455869300092,-0.0009723096404892217,0.0003486655399491667,0.004094739754773258,-0.0036680389522647516,5.800000000000004,0.01284518732889417,0.0064726982858687165,-0.0035650160339280035,24.485
2022-05-01,-0.0017428563106332007,-0.0004754167312501778,-0.0017376350711542088,-0.013925305143224875,-0.0032805572888587875,0.0006168992702013654,-0.0018065385550327662,-0.0027314265095030876,-0.004367589174202102,-0.012923801645978727,-0.0020458603499529104,0.002952559279629341,0.00324618516580788,-0.005663414692975266,0.0005949495570147789,-0.002216123071341336,-0.012957343867618043,-0.0012070799467558402,-0.20310000000000628,-300.0,-0.02804634500000014,0.0021815841584515994,0.002694481741027488,-0.10000000000000009,-2.400000000000002,-0.11482299402790641,0.08861663844818501,0.013896005242081344,0.07300336583351896,-0.01563113329351129,-0.011558095409723634,0.0018842447186298017,0.0028437385863888665,0.005053250240467655,0.005049534908762254,0.0014869891215791853,0.0011332872836682384,0.002067825385289268,0.001729336396575576,-0.00013984058196392368,0.0038936023008453446,-0.0036405884544201683,0.001437337855945131,0.0012670258267721834,40.8,0.0,41.2,7.3395376954076745,4.867534450455582,5.420534999272286,6.744059186311348,5.814130531825066,7.445417556701687,4.90527477843843,5.4510384535657,6.84587987526405,6.0014148779611505,0.02774436960586435,-0.005432570133621084,-0.03549968745626586,0.003906376927613309,0.01625049557223157,0.020000000000000018,-0.0021506540307427713,-0.0012436612839668015,-0.010167427847122212,-0.009705690931852473,-0.01660470598745256,-0.015446797757427744,0.004747527928203432,-0.000478296040318682,-8.559137736341427e-07,0.00023169900000000188,-0.08329151389862233,0.1408379769999999,-0.11489909548579513,0.44,0.42000000000000004,0.21999999999999997,0.21999999999999997,0.17000000000000015,0.0900000000000003,0.1499999999999999,0.3700000000000001,0.45999999999999996,0.56,0.22,0.69,1.3,2.11,2.14,3.37,4.36,0.01259983084562144,0.018989584860143793,0.0075466698831601065,0.002776604230552593,0.13750399670061686,-0.1203804433817286,0.004743883848534303,0.006017824685590867,0.01765992654927384,-0.0007078961228117464,0.013213551297479142,0.0030640709321012594,-0.0008104602945904205,0.005010893087140644,0.0066873402089173695,0.005239926306129128,0.0029460624526640444,0.00322158622045432,0.011801855241966308,-6.392220622242206e-05,0.004299162849434435,0.006216087241526669,0.0015894474285520488,-6.800000000000004,1.3513705223289207e-05,-0.00024649917773267305,-0.0015618096029292872,29.1728
2022-06-01,-0.004444655169180578,-0.0034976707001099783,0.000663975841695752,-0.0035057767069535117,0.0069234027336371184,-0.0013946373361273245,-0.0034971414225948294,-0.0025216515822332752,-0.004302881547067372,-0.003329304856537263,-0.004595604467134251,0.0018574457763582686,0.0008625270074409386,-0.005022820827892183,-0.002553570443990516,-0.003336918824296653,-0.0208599413854218,-0.0007371821519059907,-0.29989999999999384,-269.0,-0.05073782699999985,-0.001096290992311566,-0.001251461782015184,0.0,-0.09999999999999787,0.0984400728132524,-0.13442617447947924,0.039618708022505444,0.15906469462968698,-0.02814944326648927,0.017637141486106955,0.002760653267049662,0.002505259990094544,0.013588623180887716,0.001806452104148093,0.002343384918654934,0.0011320043973430671,0.004328564936374235,0.002801902850375626,0.0029325534212780724,0.0024091156483034837,0.0036083146694441126,0.0007730962889880288,9.044044502815041e-05,40.6,-0.19999999999999973,41.0,7.340835554123275,4.820281565605037,5.318119993844216,6.754604099487962,5.87493073085203,7.4645098346365275,5.14166355650266,5.318119993844216,6.849066282633458,6.056784013228625,0.027320616078277737,0.0024205693900274383,-0.045963140671686276,0.0035202413664396914,0.012681651101759783,0.0,-0.0022224472055576427,-0.0008140158137681652,-0.014445762683248375,0.03587599542542286,0.05852505267401398,0.05524961937119477,0.00667106027585973,-1.863982408423226e-07,-0.0004711974796745011,5.178100000000074e-05,-0.03562651079672641,0.07438256200000004,-0.06352208264831338,0.43999999999999995,0.54,0.51,0.6599999999999999,0.5899999999999999,0.31999999999999984,0.2400000000000002,0.11000000000000032,0.14999999999999947,0.66,0.3,0.92,1.46,2.0,1.95,3.05,4.08,0.005140039345777225,0.006564200327566105,-0.006320040738085453,-0.009467172940934354,-0.026408655669400538,0.09166504674887577,0.0034591748484187335,0.0024719973135498563,0.01772101427006323,0.001956345793644232,0.006864704561146517,0.004993751612563102,0.0013581549533903114,0.0040685756708578324,0.00506517294425457,0.003592480941525089,0.003330297479602784,0.002653027169501776,0.008049916133498591,0.0018622529566236778,-0.006136304131159065,-0.005670591123136948,-0.006419434654698186,-8.399999999999999,0.0011453667995304784,-0.0010739738102056862,-0.001996243309235979,28.2445
2022-07-01,0.00913359714032147,0.010844584243415056,-0.0004804647496827741,0.004831584905948816,-0.006883167491583464,0.002215931221035028,-0.0009002900013470594,-0.001431796496736304,-0.003568615052300217,0.0006354985578216343,-0.004731821665053815,0.0028834418501384462,0.005548697969262051,0.011272412114725405,-0.003307160965013267,0.0004996497559233148,0.0011919795890111828,-0.012431285090489297,-0.001999999999995339,333.0,0.12265909899999983,-0.00021330733096291965,0.0010493114067156029,-0.10000000000000009,-0.1999999999999993,-0.06596811394716529,0.18546331767950708,-0.14722697002841656,-0.21825356602001822,-0.10570351000178224,0.02258680947305791,0.004518878888783107,0.003299244167219939,0.010598933348505923,0.0037315876795300795,0.0027270265059247123,0.0032630551041208378,0.001849378930472767,0.004715698294390336,0.0014630580517600578,0.0027699924265984777,0.0012514596618444784,0.001654625053470582,0.006759827453375777,40.7,0.0,41.0,7.238496840894365,5.153291594497779,5.075173815233827,6.583409222158765,5.817111159963204,7.449498005382849,5.099866427824199,5.402677381872279,6.849066282633458,5.966146739123692,-0.03662860203900564,0.014930277011890425,0.09319334078338848,0.006502033079456737,0.005790071566755373,0.030000000000000027,0.0002940849611370311,0.0016789613314447394,-0.0002997765324685986,0.020860813122631328,0.03668707858156317,0.03701178172141639,-0.011350316968308682,-0.0005134672865008127,-0.0011834022524741528,-0.0008713830000000033,0.003272445268521551,0.005697649000000027,-0.004706683877551576,0.47,0.6299999999999999,0.74,0.6499999999999999,0.3700000000000001,-0.22999999999999998,-0.2400000000000002,-0.1800000000000006,-0.05999999999999961,0.82,0.58,1.11,1.37,1.31,1.25,2.41,3.56,-0.04292583481884815,-0.05665382939226227,-0.041204746869034636,-0.138781485380993,-0.16945827829866555,-0.07981206566063204,-0.012470022859816687,-0.006034700247672831,-0.05605270464233669,-0.0011099626065469437,-0.025379879523590887,-0.00341723210280076,-0.004065809849741697,-0.014387388933041478,-0.018296987286592348,-0.013497008089305318,-0.009115244337859707,-0.00797376052614407,-0.026206522798330134,-0.003589201007438092,0.0024931562540007057,-0.002800722010461776,0.007195706440115135,1.5,-9.585212064955329e-05,0.0007427679895553041,0.004572579297937196,24.5288
2022-08-01,0.003398276136826084,0.004348898983593585,0.00569826934817641,0.01315004664014019,0.006002213872706719,0.0011618615918154163,0.003247450936991747,0.004944784549534731,0.0033511309909277642,0.001207176816578226,0.003925316272193058,0.008256224958577363,-0.0011036430902127137,-0.001013348594916863,-0.007922605580196418,0.002418769383613295,-0.020381730144795718,0.01713041652279923,0.14279999999999404,-1418.0,-0.30369330799999994,0.004111852900775759,0.0030027779312487013,0.10000000000000009,0.1999999999999993,0.054293082366662304,-0.011422479373029759,0.11546299065699817,0.27541197985996657,0.012782449286924624,-0.012151932180479719,0.0015865816418436651,0.0018334396222581262,-0.004579085141017458,0.0015400413721415873,0.0023315468710869425,0.0036270441863965885,0.0002052755831911668,0.0015467672621642947,0.0010437324817669236,0.003111250419598477,0.0015910902322424647,0.0017619209491410714,-4.491455007560319e-05,40.6,-0.10000000000000009,40.9,7.326465613840322,5.19295685089021,5.220355825078324,6.678342114654332,5.886104031450156,7.340835554123275,4.997212273764115,5.293304824724492,6.720220155135295,5.902633333401366,-0.009336046798756215,0.0013095020338127483,-0.014830480100020083,0.005317707653158976,0.0071190889845365035,0.010000000000000009,-0.0005972173650992119,-0.0004670361564667047,-0.0016094277731362183,0.0025704716529588723,0.005038723692790015,0.004840449420939086,-0.0026383746737108638,0.000522611964266062,-0.00016569649027964317,-0.0003918400000000044,0.0611891291161637,-0.08739214499999992,0.05638515254337717,0.6500000000000001,0.2599999999999998,0.3999999999999999,0.29000000000000004,0.2599999999999998,0.06999999999999984,0.0,0.010000000000000675,-0.05999999999999961,0.43,0.3,0.72,0.95,0.7,0.57,1.74,2.82,0.006522042803192463,0.008696090523886646,0.008101200984622636,0.1373208239660597,0.0408370901427304,0.11654135718948488,0.0008506025950882901,0.002102487021670818,-0.0019333696342940243,0.0005447041504700323,-0.001278567175426737,2.3416431408129768e-05,0.0020655903141282295,0.0012990418726079866,0.0006118477837171454,0.000873466075402618,0.0026444034275892037,0.007215999697860909,-0.002212150228590559,0.0033870968276890068,-0.0014414148058445875,0.0021460985647694386,-0.004003973532201499,6.700000000000003,0.001331147777779762,0.0015781210408096769,-0.004995360887965816,22.3008
2022-09-01,0.002516177607191139,0.0035284286912933283,0.0017881638764167818,-0.0030048263321731383,-0.0026623787714150637,0.003505518026258869,0.0012312323133247816,0.0007465450508945537,-0.0013215250407050405,-0.0064134845362042725,6.41888772747734e-05,0.007196403044386734,0.005981780615202048,0.00546739253649875,-0.005316484066959504,0.00228168549424268,-0.022253213560282425,0.017800433010934036,0.12520000000000664,665.0,0.18255683300000003,-0.0005586083511488482,0.0008562830286589218,-0.10000000000000009,-2.1000000000000014,-0.026546181239694988,-0.1214137983364596,-0.02877182592508465,-0.049832373747875636,-0.014499187905979483,-0.09174100901288718,0.001662229007610705,0.0022987976626520634,0.005808341595746391,0.003584233227813982,0.001318800858300051,0.0013723413045205746,0.0012307693861330904,0.001559507632881818,-0.0009741164143513004,0.0008468455511199124,-0.0011012543174757639,0.0006599208334527873,0.00031435949512292893,40.7,0.0,41.0,7.293017679772782,5.0106352940962555,5.3471075307174685,6.6052979209482015,5.916202062607435,7.385851078125209,5.043425116919247,5.365976015021851,6.762729506931879,5.937536205082426,0.00877103513036026,-0.01704843613096685,-0.03425684495432435,0.0011431180962446774,0.0007312131398045096,0.0,-0.00526536685686807,-0.004690313633224363,-0.009339261639096819,-0.03920709350986584,-0.06860897007828015,-0.06842123252931798,-0.0004057112079847158,-0.001830794283035786,0.00053580435079148,-0.0002071489999999898,-0.0769606563876355,0.13606259099999995,-0.08120599354954683,0.22999999999999998,0.4500000000000002,0.5,0.5800000000000001,0.6100000000000003,0.6700000000000004,0.6200000000000001,0.5199999999999996,0.54,0.65,0.55,1.05,1.31,1.12,0.94,2.01,3.11,0.017615807437525888,0.02421495574585908,0.011772065101074425,-0.07801486018900405,-0.024408311725621523,-0.06479478842445818,0.003041045342862425,0.0008864805741275461,0.01991177033073921,0.000726403611694515,0.006371241483136281,-0.00392221819526295,0.000993990915194587,0.003686084878074425,0.004707957184653999,0.0032533945944503984,0.00028978446470961927,-6.845493251539381e-05,0.004708065320971677,-0.0011248307135218738,0.0021121701521078506,0.0027264502748747255,0.0019782087676114557,0.3999999999999986,0.005160196363895864,2.7276932337727544e-05,-0.007134223112439386,27.0915
2022-10-01,0.002202595593033152,-0.0013674754877950335,0.0016637641293382188,0.0032082284544472373,0.012451270037797002,-0.0008542020687842822,0.001162255022724601,0.003092366974545513,0.002810782295629366,0.010335385541081266,0.0007492237888948594,0.002216833224845338,-0.003089458058680883,0.003962894650469728,-0.008793333667635572,0.0008587624608500377,-0.00896735739538812,-0.002767284388697,0.00549999999999784,-258.0,-0.1047731970000001,0.000182189185753856,-0.0010389676745230503,0.10000000000000009,0.6000000000000014,0.01519016549397545,0.10764326952568215,0.002011061512378731,-0.05887736570283231,0.043704434234729916,0.02521666506926401,0.002348480260220498,0.0022000149299934435,0.007692345623156349,0.001659751418365829,0.0024004038007667816,0.0029876780595579078,0.0014339857010163826,0.0023724445027983876,0.0003132123431281997,0.0031486172107975108,-0.0006058848359646873,0.0030738853932508192,0.0013461367912679378,40.7,0.10000000000000009,41.0,7.272398392570047,4.584967478670572,5.442417710521793,6.680854678790215,5.749392985908253,7.352441100243583,4.787491742782046,5.37989735354046,6.790097235513905,5.811140992976701,0.018455744847729605,0.02786020740591688,0.08243277589301279,0.006439127312745541,0.0029040444767414186,0.0,0.0007967340917485188,0.002057094331728848,-0.008593127219153729,0.017924167559236537,0.029757072063160805,0.029399913673161082,5.3898189729117973e-05,0.0003865866298085052,0.0006050331942706322,-0.0002479150000000152,-0.032859512808633085,0.07099572900000006,-0.035824845190409516,0.52,0.6400000000000001,0.5900000000000003,0.5499999999999998,0.5399999999999996,0.47999999999999954,0.45999999999999996,0.5099999999999998,0.5699999999999994,0.77,0.64,1.1,1.35,1.1,0.9,2.02,3.18,0.003467580465332354,0.004232966469080779,-1.9710240019676917e-05,-0.06636978402500837,0.14417351285115831,0.020906165397991394,0.001295592764975595,-0.0064797823785340825,0.013056604428341778,-0.010163095307843761,0.008138386504835005,-0.003990295320890347,-0.00317158600543177,0.0015926867903024444,0.0016376333413576916,0.002336140047520807,0.0011695438467222985,-0.008527035724614329,0.011457486844208553,-0.0005036318454321176,-2.809414034432578e-05,-0.003388393257583111,0.0019547591275008713,1.2999999999999972,-0.00010281843061576978,0.00263206765259838,-0.004142960755615377,29.9215
2022-11-01,-0.00020975359512398484,-0.0006105104378058002,-0.0029220898545680996,-0.009422929794228097,-0.011913773718287501,-0.0032766913848956136,-0.0035752104845601096,-0.004718957206699237,-0.0033891326650623554,-0.025419776959457963,0.0026341102251397075,-0.01256699234953551,-0.0029487807251005194,-0.011346179515988375,0.00032736661647092546,-0.0071409645889835005,0.036442987207585986,-0.00957186458623216,-0.6356000000000108,176.0,0.027767889000000157,-0.0014462812438384987,-0.001538393943029348,0.0,0.6999999999999993,0.026151174662466303,-0.07962682078877314,0.026271647259399344,0.050325083887515554,0.010634047039921768,0.03488725900044187,0.001675042267695659,0.0015418042160018075,0.011600857311522716,0.0026753312345295654,0.0003866228542275252,0.0012422361845914054,-0.0010240656296893746,0.0016965451108799101,-0.000870276628823774,0.001058358650825042,-0.0014323784443632803,0.0012050173994708757,0.002821002654417981,40.4,-0.10000000000000009,40.8,7.258412150595307,4.430816798843313,5.484796933490655,6.612041034833092,5.860786223465865,7.2456550675945355,4.919980925828125,5.2832037287379885,6.659293919683638,5.662960480135946,-0.021462733935813105,-0.023625696100918248,-0.08371386400751923,0.00037408855895293414,0.001760407857538837,0.019999999999999796,-0.000145361994132287,0.0003624604348733129,-0.005728118907452284,0.027873845240129924,0.0472810004820019,0.04759125863159197,-0.0019528353171773816,-0.0002707705970017571,-0.0013288337059815802,0.00018281400000000336,0.05010245129072999,-0.07273707000000007,0.05724877939092421,0.6999999999999997,0.6099999999999999,0.43000000000000016,0.3000000000000007,0.3000000000000007,-0.1200000000000001,-0.08999999999999986,-0.1999999999999993,-0.1899999999999995,0.68,0.4,0.73,0.98,0.31,0.14,1.15,2.32,-0.00495716915966149,-0.006244565444726291,-0.00473142312014474,0.06887385327971884,-0.07530097273531489,0.08555706314389244,-0.0024908578748998877,0.010124577999715001,-0.012294702151006476,-0.0005439249239085342,-0.005926148152496147,-0.0025279460440899015,-0.0005906139607096961,-0.002632692163271777,-0.003216435205978918,-0.002674180376007307,-0.0015742065505195413,-0.0019143516315454079,-0.005488275379788021,-0.00025454718382800223,-0.000727343993766727,-0.0003181110887533478,0.0007475969754828782,-3.1999999999999957,0.002127685007662805,-0.0003399616559107699,0.007542955281035546,23.0367
2022-12-01,0.0020081620224594587,0.0017790799080383835,0.0006944444723524512,0.010138929771779104,-0.0103551486025939,-0.012484278858162945,-0.00782074774508601,-0.0037938352587634228,-0.0005581516430757105,-0.007192641765293217,0.0012412318703711733,-0.014553425929245911,-0.017804590252245234,-0.016600414325366408,-0.043548083369865154,-0.018440515313758787,0.07965533735719266,-0.02946267350211329,-1.5167999999999893,298.0,0.13365841199999995,0.0033815093583715594,0.00512926530102753,-0.10000000000000009,-2.0,-0.012990104275016456,-0.012084739215072027,-0.07410797215372167,-0.028626721426436852,-0.10545092748375406,-0.007648220838257558,0.000881839990229949,0.0013063359140552677,0.007204147795703442,0.003048782849358389,-7.73126135911184e-05,0.0024798524797819965,-0.004312564441290689,0.0008133204252853687,-0.00027864855631420937,0.002146348730470038,-0.00018726410427838402,0.0012035670800205622,0.00013413516373361745,40.2,-0.19999999999999973,40.4,7.200424892944957,5.293304824724492,4.8283137373023015,6.561030665896573,5.733341276897746,7.24422751560335,4.962844630259907,5.176149732573829,6.643789733147672,5.7430031878094825,-0.023189756616176282,0.01989954895663182,0.04037963806991307,0.003999446608849766,0.0017545467787929425,0.010000000000000009,-0.001951753331930206,-0.001306194203010591,-0.0049461005001631975,-0.017178937409832784,-0.028873538099041696,-0.02889125966509154,-0.003203164102828282,0.00993905895130176,-0.0015813851453554406,-0.00022897999999998975,-0.0013052581270152075,0.015858689999999953,0.012896409952991128,0.31999999999999984,0.04999999999999982,0.09999999999999964,0.0699999999999994,-0.05000000000000071,-0.2999999999999998,-0.27,-0.47000000000000064,-0.4800000000000004,0.41,0.16,0.46,0.59,-0.33,-0.47,0.34,1.5,-0.015866004024106317,-0.021538401498066406,-0.01590893921939074,0.04649060962528928,-0.061707598251138585,-0.04170554268364679,-0.002082982359578267,-0.004720269586814041,-0.014818495995143621,0.005633157337303629,-0.00864332632291287,0.000344234842987845,0.0023081147214725206,-0.002270233753539408,-0.0036987306990790003,-0.002777080191453507,-0.0012569796136521205,0.003518298932405628,-0.010024347031931669,0.0007218456106681259,0.0013715828122564666,0.0020949337801305923,-0.0023779257599394477,3.0999999999999943,-0.0030580547484966303,-0.0009899559610069275,0.007607821358416089,21.7702
2023-01-01,0.0009014815251102704,0.005280029162719302,0.01353177295127761,0.013078216671175369,0.03983004283626279,0.00900412879480239,0.002755418507528695,0.0010680705744263719,-0.0026856298803625833,0.017984707808254896,-0.008308755064170725,0.01113603631470994,0.016197545727991702,0.014194769523198758,0.03999795644896498,0.01803217434337956,-0.16252342935715447,0.009060437468103366,1.33659999999999,-575.0,-0.10763079999999992,0.005277025202529373,0.005334147353412533,-0.10000000000000009,0.8999999999999986,-0.13288751905904217,0.08726463772290671,0.053345980705292284,0.1595473469994122,-0.03029143945158186,-0.027485616883689445,0.0031190976029051853,0.002142425485304855,0.0010249403015469838,0.004682071191668413,0.00061833361067265,0.0,0.0016450754275521007,0.0032766955764742534,0.002261775239126962,0.001845474991963414,0.002167533022930712,0.0,0.005484107643091818,40.8,0.2999999999999998,40.9,7.215975002651466,4.836281906951478,4.882801922586371,6.678342114654332,5.730099782973574,7.274479558773871,4.955827057601261,5.209486152841421,6.695798917058491,5.733341276897746,0.021519235017192884,0.008061777596656938,0.016880118145753187,0.004732383721234967,-0.0008408802763248957,-0.029999999999999805,-0.0003406301221779984,0.0003959301185840758,-0.009172046012894342,-0.011870184177141141,-0.019160538670773164,-0.019059228404802675,-0.0010620194316555143,-0.013728469100122709,0.0005062149806907001,-0.0005421130000000107,0.0122647935763176,-0.009991714999999957,0.020569755080320107,0.23000000000000043,0.10000000000000053,0.29000000000000004,0.1200000000000001,0.010000000000000675,-0.11999999999999966,-0.0900000000000003,-0.02999999999999936,-0.08999999999999986,0.28,0.21,0.34,0.36,-0.69,-0.8,0.07,1.17,0.023283373948149055,0.02992411251044569,0.0328980018651146,-0.05892376868789029,0.1204457554418692,0.014911773373662562,0.004604833954479304,0.0023516399080767414,0.02153580713646175,-0.00274498106675658,0.011331138376795558,0.00629978012648813,0.0005934081852041473,0.0051073229299793965,0.007098888731107422,0.005241124989623813,0.0035499491434789476,0.0047452324101220356,0.013225618094361735,0.0002561781675156638,0.0010018420340069945,0.00026641453970066564,0.0023054326140123926,5.1000000000000085,0.0009851621341159245,0.0011420339147569791,-0.0014574800128315246,20.2269
2023-02-01,0.002326497088983359,0.0014033120461789395,-0.00021404567816496467,-0.00746457305242032,-0.01071112786355144,0.0005127758654284165,-0.002367818537481803,-0.0024233256093380007,4.9019920229653735e-06,-0.006464675870653025,0.001811143530326298,-0.009263558773445979,0.0038390186824557304,0.0038068620275124587,0.0029725305396830493,-0.0005006453422895518,0.021599410940041253,0.0064442643217805795,-0.11730000000000018,-576.0,-0.1709087020000002,0.002360494150051906,0.0009299336298163041,0.20000000000000018,-1.0999999999999979,0.16657864883804496,0.023673001993253173,-0.07195858927357701,-0.13460839865216023,-0.020716371753747076,0.05166313967315794,0.0018526114525307946,0.0012089088746218835,0.004599275631545829,0.00327703847590044,-0.0001545475623192516,0.0,-0.00041101521335029645,0.0019563830405395777,0.002776719010139317,0.0020556681991266146,0.005686744042616709,0.00010934339303503293,0.0027086448922162276,40.6,-0.19999999999999973,40.7,7.247080584585756,4.605170185988092,5.209486152841421,6.654152520183219,5.84354441703136,7.3901814282264295,4.976733742420574,5.272999558563747,6.796823718274855,5.953243334287785,-0.017542495081670495,-0.0235259193834505,-0.06719443310958617,0.0016690173317570611,-0.0012872116662627775,0.010000000000000009,0.0009027502566549828,0.0006754739044136926,-0.007155945547445697,0.0129562512414374,0.02254763088411771,0.02187664042840165,-0.0057173209265544145,0.0024443453661895376,-0.0009593689655247317,-0.0006371419999999794,0.02960787592190961,-0.03907277900000006,0.040065692655732565,0.2400000000000002,0.1299999999999999,0.11000000000000032,0.13999999999999968,0.23999999999999932,0.2999999999999998,0.2200000000000002,0.15999999999999925,0.08999999999999986,0.17,0.08,0.24,0.36,-0.63,-0.82,-0.01,1.02,-0.018903816675586604,-0.023283557752146855,-0.014129568392137415,-0.010228202469058978,-0.0383909037653396,-0.016450176761114044,-0.0013223960181925065,0.0016599829323746818,0.0005149350537481112,-0.002130188901349861,-0.0006423842101277444,0.000260451832832409,-0.0017242647125170762,-0.0011738865015207267,-0.002141453874513033,-0.001251099332822747,-0.0017829937222550996,-0.002574690728043727,-0.0024786753442347376,-0.001418997204666539,-0.005551697861085003,-0.002416724846748597,-0.007372115979366711,2.0,-0.002299272534745711,-0.0007158656922410245,-0.00025130106190118795,20.2141
2023-03-01,0.003944197032156538,0.004096593602184839,-0.002391863663952165,-0.008582980375443583,-0.01079028353448841,0.00013617710047419962,-0.002346683579483866,-0.001974835126806518,-0.0008003233105480234,-0.010918184652119578,0.001995486850661088,-0.007575273246435366,0.003023133402518141,-0.009335360477103372,-4.1196087201100795e-05,-0.006293417226759246,0.050614108472140984,0.005459128033579397,-0.5741999999999905,-226.0,-0.01149192099999996,0.002564927987418031,0.003257301439747451,-0.10000000000000009,0.1999999999999993,-0.006560268443631223,-0.040527333548235234,-0.008625390402348998,-0.01864566137146273,-0.0009519277253824399,0.061313184812721744,0.0009411280048503556,-0.0005577763461523944,0.0025460422817467077,-0.0007552870449689664,-0.0006184292095685606,-0.00012384667797071813,-0.0014398850579873113,0.001182466703163243,-0.001109762555373095,0.0015102767333239342,-0.001744350543630091,0.0004372540515671375,0.0024359469050985183,40.5,-0.10000000000000009,40.6,7.201916317531627,5.181783550292085,4.890349128221754,6.682108597449809,5.4510384535657,7.30854279753919,5.176149732573829,5.337538079701318,6.669498089857879,5.768320995793772,-0.021629481281104646,0.02307717106317675,0.06834613840036852,0.0044701230613668486,-0.0005611741368323209,0.019999999999999796,-0.010698407904314422,-0.00843725007453422,-0.01255709501567459,0.04727990078667332,0.07806053238118515,0.014928736334486992,-9.23427023913348e-05,-0.004564609811147591,-0.00023577956329212668,-0.00060563700000002,-0.027615245470499872,0.05735693900000016,-0.015405951433023368,0.08000000000000007,0.16999999999999993,0.040000000000000036,-0.040000000000000036,-0.25,-0.1200000000000001,-0.08999999999999986,0.040000000000000036,0.1200000000000001,0.26,0.04,0.12,0.03,-0.83,-0.99,-0.05,1.06,-0.002577916596699481,-0.00403578249741976,-0.004115727358437127,0.005798372876675728,-0.030656551384734776,-0.06788246099757078,-0.0030523193754632416,-0.0036976779600541576,-0.008400951979017357,0.0007568318527271245,-0.004540600750903678,0.0035374550219717804,-0.00227083396958605,-0.0031664408897480456,-0.003648917448050071,-0.003381185846069279,-0.002033049662346187,-0.000946400183813978,-0.005332286114784424,-0.0011808586710202462,0.003780118918934594,0.0023596947462465323,0.0054089963508374694,-4.900000000000006,0.005506156300604914,0.004516322712222021,-0.021285356186792725,22.0446
2023-04-01,0.0003897688571044,0.0014653504396662242,0.0033760946525349667,-0.0009801404697658,0.006796502443812358,0.0039779045108101485,0.006014514965075435,0.009425762003139049,0.010450705075921718,0.030480947966768035,0.004911923902044535,0.007919051413638023,0.0015780052783327392,0.012462972007565298,-0.0026566083248162897,0.006681939794493275,-5.1168097911613586e-05,-0.0006199368722725751,0.44310000000000116,281.0,0.09251286900000011,-7.199251280987085e-05,0.0008577129425155761,-0.10000000000000009,1.3000000000000007,-0.19940388570396195,0.08417449565443036,-0.005428894984114585,-0.06345170081573759,0.036469679781391484,-0.04689768291451202,0.0017895656390116699,0.0015331369585300791,0.006589531320630115,0.0025154081933678185,0.0006957059763461615,0.0012377771106262259,-0.00020586721637272376,0.0018308111868812205,0.0005203545466319071,-0.00016405006844877335,0.00041070924929798025,0.003164386949523035,0.0020769357208596517,40.5,0.0,40.7,7.221105098182496,4.852030263919617,5.1647859739235145,6.635946555686647,5.713732805509369,7.293017679772782,4.859812404361672,5.204006687076795,6.709304340258298,5.82600010738045,-0.001908659941202373,0.02129153502920289,0.0263787617917135,0.009712031998816428,-0.0006467711732227599,-0.010000000000000009,0.0034504553873446753,0.004141873063266743,-0.011882479916952349,-0.04202092982163563,-0.07198280636133525,-0.04622027995679767,-0.00477195302068445,-0.0014014248369669247,-0.000835867734325646,-0.0005219649999999854,0.03780658734422282,-0.05972287300000012,0.047187187534802,0.17999999999999972,0.1200000000000001,0.22999999999999954,0.020000000000000462,0.0,-0.2799999999999998,-0.20000000000000018,-0.1299999999999999,-0.17999999999999972,0.2,0.09,-0.04,-0.15,-1.29,-1.37,-0.36,0.7,0.01162273520015944,0.016313314272524693,0.001645843221897536,0.05307401796669087,0.12814764113051869,0.06281800193389309,0.003480325421988617,0.0003623641245615872,0.01654203506824281,0.0034434002386829476,0.006894909949163086,0.0032018774163580233,0.0012458020026402394,0.004141406438018969,0.005525636108639098,0.003483192187593964,0.0022097122749098475,0.0011577956933326305,0.005908396215311029,0.001221300175038742,-0.0017350237189757145,-0.0018034434701030833,-0.0015568931095719662,1.7000000000000028,-0.0026654642974293097,-0.0005547797309368718,0.0025943535834489495,17.493
2023-05-01,0.003136670682604148,0.003120186577952211,0.0006071723486984482,0.009286633957477974,0.004340440419793978,-0.0023588187751437673,-0.003376241671007918,-0.0041145696773288165,-0.006703735430307667,0.009091106691146322,-0.011189529044306035,-0.0004629264452855608,-0.0011440196273095893,0.0014838381222599395,-0.005098842974186724,-0.0010667960521555386,-0.039730937158713786,0.0036901932208399657,-0.1664999999999992,-593.0,-0.21083199600000002,0.0008695626647998722,-0.0015854810592070834,0.30000000000000027,0.3999999999999986,0.10803502915364138,-0.030137094420238597,0.10628550960249683,0.19713991928548058,0.03872613583016804,0.04689768291451202,0.0019468572125500572,0.0006497122931357069,0.005876937408600291,0.0020077808225504867,-0.00038644356472694597,0.0001236934876960305,-0.0012360941005287174,0.0021553098676285742,0.0014209224522439001,0.0011805602473007326,0.0008529660324825272,0.0014152743095010578,0.002160732843748292,40.5,0.0,40.8,7.367077059881012,4.564348191467836,5.568344503761097,6.773080375655535,5.860786223465865,7.3343293503005365,5.062595033026967,5.267858159063328,6.71901315438526,5.863631175598097,-0.007994267592788873,0.001860459171044937,0.04032723972640184,0.0074054825442964045,-0.0011871656537589814,0.0,0.014343758150701547,0.012093966101621945,0.003359432932795059,-0.008079834763664806,-0.013823476524660094,0.03006783271314417,0.005863393458132471,0.0038085804793759337,-0.0012863607541362398,-0.0008331510000000042,0.005975120708377801,-0.005865937000000043,0.016213435274798904,0.22999999999999954,0.1200000000000001,0.21999999999999975,0.2400000000000002,0.23000000000000043,0.04999999999999982,0.10999999999999988,0.20000000000000018,0.23999999999999932,0.09,0.09,-0.02,-0.14,-1.46,-1.48,-0.38,0.72,-0.014418234828458054,-0.019982655566704643,-0.007087238558835196,-0.055923427155804895,-0.18515236026169557,0.019757685257145496,-0.0031611442196961548,-0.0006255839410007624,-0.015549818392801562,0.0003923423110254731,-0.006140901097053231,-0.0040017620075101235,-0.0013488758612121288,-0.003955861036203601,-0.005128864716954951,-0.0034723625138708414,-0.0020659059392897916,0.0010194384945449997,-0.006284159363004527,-0.0012795995481500455,-1.1696281260853425e-05,-0.0017812428012664583,0.0011388797950253604,-4.700000000000003,0.003833321204648854,0.002669450174074939,0.015754182764936786,17.3964
2023-06-01,0.0006616898847919828,0.00140186053609348,0.001059530317092161,-0.0026667124777919327,0.0031087309348123426,-0.005843362370637983,-0.008528690325266375,-0.011302111475848697,-0.01570221328953192,-0.031205927480946194,-0.011248827180462051,-0.001179706674357739,-0.002605789563400407,-0.0018047661232483136,-0.0051729662750110705,-0.006303752140424557,-0.025018176014635962,-0.0015175768174469084,-0.5761000000000109,-186.0,-0.0005572510000000364,0.0010604423097682059,0.001846378174047203,-0.10000000000000009,-0.5,-0.00723766730023101,-0.007002452529218495,-0.010332195237205077,-0.00660795356003252,-0.01333945969392758,0.11041380554983604,0.0015393795493068296,0.0019466079561780703,0.0008367501115777998,0.004128360151275601,0.0006954909286953637,0.0023472739173104884,-0.0020635583055206297,0.0014739712787648074,-0.0005196154962323618,0.0002293916216586922,-0.00035264209437357863,0.0009786332537693454,0.0024197640439336254,40.6,0.0,40.8,7.254884810077338,4.574710978503383,5.117993812416755,6.70073110954781,5.823045895483019,7.30854279753919,4.882801922586371,5.318119993844216,6.70808408385307,5.823045895483019,-0.0018405370940257626,0.025987892136976498,0.08044589064961905,0.01292169652930042,-0.0011555747229579083,0.0,-0.0031852007566559593,-0.005244679055037338,-0.0028767333161656694,0.011170523124903298,0.019651816769314934,0.019551903056646114,0.0001650865446976013,-0.0065764585623266925,0.005389886347057171,0.0002539279999999866,0.046925893893101644,-0.07194882299999983,0.054031622755031705,0.020000000000000462,0.0699999999999994,0.020000000000000462,0.16000000000000014,0.33000000000000007,0.3600000000000003,0.18000000000000016,-0.019999999999999574,-0.019999999999999574,0.14,0.08,0.11,0.16,-1.13,-1.33,-0.43,0.67,0.014151450612482463,0.01980670047417643,0.008411870961178458,0.038599452668201195,0.08555679052082166,-0.031347921231516196,0.0010025782759246482,-0.0005226502529902533,0.005414836838387949,-0.0008836998808252616,0.0019293234103088253,-0.003868103210615814,0.0005889494726174505,0.0012517089165191564,0.002187052567019343,0.001169758536222254,0.0010364409875638358,-0.00459634666601616,0.0031789479759574135,0.0013194203308710684,0.0030407852077378728,0.0008748680486441174,0.0041640122486290565,5.200000000000003,0.00832480065730401,0.010916539257264546,0.0008149257912091201,14.0327
2023-07-01,0.0010105809011324851,0.0025964546532026844,0.004422504854154852,0.009417052615276589,0.0026546808481135997,0.006729541767841241,0.007059003580653922,0.009792444732600991,0.012096523720130037,0.027891255788018654,0.0075757558904880895,0.004482376384089548,0.006328794982504604,0.001635960322801111,-0.00012938068406143088,0.0025926660447073147,0.06040611238506166,0.0034999300235183384,0.12050000000000693,-320.0,-0.03023234100000005,0.0006764178844207436,0.0012724503831940126,-0.10000000000000009,-0.09999999999999787,-0.028489156598794807,-0.06072597830418136,0.06602110109779336,0.05482296935147524,0.07583304685555436,-0.06983853749929558,0.0011785882647146195,0.0003240665753683203,0.0011702751481896811,0.0013723413045205746,-0.0004636068696850515,0.0011099464665456082,-0.003103343754718324,0.0013158043357410776,0.0003118016966485726,0.002666908214401076,0.0003590526178882669,0.0019543980162328722,0.0015806808999201394,40.5,0.10000000000000009,40.7,7.29505641646263,4.727387818712341,5.159055299214529,6.684611727667927,5.955837369464831,7.313886831633462,4.804021044733257,5.267858159063328,6.736966958001855,5.834810737062605,0.017096965053651658,-0.031103760357794386,-0.093616580431517,0.005765316668815856,-0.0012321492614439933,-0.009999999999999787,0.0003077988308959334,-0.000462870256756176,-0.003295764633747922,-0.023264140009326084,-0.03620033580814486,-0.0383685037320326,0.0008996913365155734,0.0034799493584767305,-0.00388010101147529,-0.00024355999999997602,0.03676043180617228,-0.05260881100000003,0.04253417196721809,0.040000000000000036,0.1299999999999999,0.08999999999999986,0.07999999999999918,0.1299999999999999,0.1899999999999995,0.1499999999999999,0.009999999999999787,-0.009999999999999787,0.23,0.13,0.15,0.25,-0.98,-1.22,-0.46,0.62,0.0008160096655309701,0.00046162666521087914,0.0019735368110396223,0.035964143978550744,0.09834905791937842,0.022011607635171515,-4.7078487962259885e-05,-0.0001850449790250508,-0.0020681966965554466,-0.00149078420281068,-0.0019166035546076543,-0.0009875900959173123,0.0009760267329301797,-0.00010412991412600547,-0.00041485455484924216,7.32825653759761e-05,-0.001099946779853589,-0.00318660964955253,-0.001248507914848318,-0.0007040984404929063,-0.0020622820870412895,0.0020342798306800525,-0.004216694833527601,7.299999999999997,-0.009362144996567068,-0.011049525241952907,0.0006768426864560695,13.8333
2023-08-01,0.0014470358857305854,0.002332314920064249,0.0001955358325647083,-0.001473126466004615,0.008071404045884023,0.00022214968226474952,0.0015260180080334251,0.0011712019983223243,0.0021647777013900082,-0.017099371534189167,0.007697927873757671,-0.001933320865967758,-0.0013707709245442956,-0.006240500832224605,0.002427270399216752,0.0006315353557937442,0.005229234238134595,0.009783048803801542,-0.031999999999996476,553.0,-0.015336551999999948,0.004340914346812497,0.001803482883182994,0.2999999999999998,-0.20000000000000284,0.10266630657413511,0.0942130296720638,0.06106025676124638,0.014538158446027794,0.09568732482105258,0.036752812913530164,0.0013434327361512288,0.0015263294746485911,0.0010020040918519157,0.0038574053927575847,0.0001545595057166338,0.00036970855064133445,-0.00020723241189024577,0.0013140752695530722,-0.0010050426256249523,0.00024506400377433124,-0.0003590526178882669,0.00043379243712493576,0.002628928473747294,40.6,-0.10000000000000009,40.8,7.173958319756794,4.844187086458591,5.081404364984463,6.594413459749778,5.655991810819852,7.363913501405819,5.0689042022202315,5.3612921657094255,6.733401891837359,5.902633333401366,0.024552529590964767,-0.0017858898475680007,-0.02172448522571635,0.004344938779503593,0.003906456731975538,-0.010000000000000009,-0.00038316133740501357,-8.352732544203434e-05,-0.006432310202971081,0.023743079830637726,0.042361647126984536,0.04484936251349969,0.001850863107401679,0.0038023273656797585,-0.008746167724471121,-0.001958323000000012,-0.011314679726833532,0.021903312999999924,-0.00904691942104785,0.20999999999999996,0.09000000000000075,0.04999999999999982,0.010000000000000675,0.0,0.16999999999999993,0.27,0.29000000000000004,0.27999999999999936,0.11,-0.03,-0.05,0.04,-1.02,-1.16,-0.38,0.69,0.014158810071707606,0.019482321539697978,0.02300371192362949,-0.0032303625693597127,-0.011995214465613913,-0.059376503106716605,0.0030508760479950325,0.00023414728892134917,0.019657977576984287,0.002316739431860171,0.008562951421118292,-0.0001346966774136149,-0.00043587301921377275,0.0034452027439657584,0.005362812932505179,0.0031093577536118744,0.0016860350452159167,0.002771188433277061,0.011569905657488277,-0.001603193697483185,-0.0010267676988493513,0.0011328413255262682,-0.003786591774905812,-2.0999999999999943,0.0015315994849078862,0.0007155070429814003,-0.004632563830933023,15.7822
2023-09-01,0.0008858292796993794,0.001963472525865484,0.0024960958419404378,0.0052896512552891295,0.00839710672338434,0.002063922222243164,-0.0009620200590960692,-0.002351691435373837,-3.3283864377509076e-05,0.006048227381757698,-0.0017531196640847568,-0.009815826384798498,0.005747484975824335,0.0033197975649610356,0.00963100280761342,0.0013994200668916434,-0.007552987038998538,-0.0001950157328156621,0.028399999999990655,-51.0,-0.009663175999999885,0.00033955149743825075,0.00030954960779538965,0.0,1.0,-0.08000523835153928,0.0657466253773693,-0.0034904049397681547,0.015345569674660275,-0.017497593620962704,-0.11412002789764664,0.0015714434959086532,0.0012470845245715623,0.001001001084584452,0.0016132037996268167,0.0010040549211929317,0.0011083062522327936,0.0008286721004555631,0.0016235033422873357,0.0014552512876253587,0.001909440885656366,0.001166449958891036,0.0,0.002185506595935749,40.5,0.0,40.7,7.217443431696533,4.454347296253507,5.25227342804663,6.672032945461067,5.69035945432406,7.323170717943469,4.859812404361672,5.293304824724492,6.734591659972948,5.846438775057725,0.00650584248199948,0.019320281622746904,0.08669409517219151,0.009637033314890076,0.0034151606879468943,-0.010000000000000009,-0.0005555818163021087,-0.0012677959888325319,-0.006176745084724544,-0.005965007272244804,-0.011803327245626605,-0.006605673999777073,0.0004241416294279432,-0.002778646289375075,0.008703039460622009,-0.0005613670000000071,-0.010886075523549366,0.02153235600000003,-0.007593882478508007,0.0,0.04999999999999982,0.020000000000000462,0.02999999999999936,0.07000000000000028,0.1800000000000006,0.20999999999999996,0.17999999999999972,0.14000000000000057,0.16,-0.01,-0.02,0.11,-0.84,-0.95,-0.2,0.83,-0.0077175208234869785,-0.010429316364500174,-0.014699951369230746,0.008007420198339332,0.026605334689398852,0.05830240083649052,-0.001515274165915237,-0.0050431473113183856,-0.01620892266400986,0.0007458929517225599,-0.006130900853549726,-0.00048463650574426254,0.001487500702932465,-0.0016636768391311563,-0.0034948491166657547,-0.0017061354396235018,0.0004439941678704429,0.003966811798368219,-0.008607965794533712,0.0027000045779725923,0.0013273971766443182,-0.004660967797302629,0.004895367068360912,-1.6000000000000085,-0.003609214606107969,-0.001637041704066533,0.004039975728252543,15.0424
2023-10-01,0.0027652631068271205,0.003403406688587296,0.0020584069443678743,0.0002602047605382296,-0.003915882144662319,-0.007091325782080382,-0.005228661181031491,-0.006810509564785683,-0.007178919965403097,-0.04323418089052655,0.0028786455804894473,-0.008172978923313146,-0.009352699746584925,-0.014617630470565857,-0.007977291565961941,-0.00747787766808905,-0.016673482611762935,0.002990144329196198,-0.6617999999999995,-622.0,-0.118387515,-0.0010368870483858927,-0.00167270738750247,0.0,0.20000000000000284,0.10003706776090748,-0.10683002363718597,0.03521188162948796,0.09114832408604556,-0.009252186278202679,-0.03867241742539029,0.0010526350338313506,-0.000461701841157236,-0.00133489090404737,0.002724122536513107,-0.0023959512176716657,-0.004069808910301731,0.00041407868086373867,0.001295428060986481,0.00020772027078308497,0.0019383481249146683,8.32658133465003e-05,0.0,0.0029211103543236305,40.6,-0.10000000000000009,40.7,7.21890970761906,4.3694478524670215,5.356586274672012,6.582025138892826,5.863631175598097,7.335633981927201,5.030437921392435,5.159055299214529,6.759255270663693,5.84354441703136,-0.03732675374068073,-0.04163407666126773,-0.11682047108314642,0.0036121422512067625,-0.0015317575667896932,0.010000000000000009,0.002088425681236572,0.001678888381317023,-0.0017101520254527713,0.004632480531590488,0.007738799119721307,0.013349779143113194,0.0025713934898625723,-0.0005782194230388171,0.0002449958456800516,-0.0003143760000000051,-0.03219728485374951,0.05917094600000006,-0.027281277052458197,0.0,-0.03000000000000025,0.019999999999999574,0.020000000000000462,-0.020000000000000462,0.27999999999999936,0.41999999999999993,0.4800000000000004,0.46999999999999975,0.13,0.01,0.0,0.09,-0.56,-0.53,0.28,1.3,-0.026203346248994563,-0.03502913654907314,-0.014586777035243692,-0.045552295857420155,-0.13750751365574754,-0.03908175762715782,-0.0027989155864425186,0.0035816871872222933,-0.010295574391864903,0.0009610215270479117,-0.004614241089172744,-0.0001316134348279263,-0.0017321083799055614,-0.003395152316001848,-0.0030725518615488667,-0.003115846632548269,-0.0032024846438538646,-0.0025525232459617797,-0.0054655036988320305,-0.0026211852966948612,-0.002354869499818335,0.0017290862183236833,-0.004146744253270551,-4.0,3.274010520470938e-06,-0.0005660069263111467,-0.004387179598360547,19.0462
2023-11-01,0.004414777477620646,0.005257465359854052,0.0043148100160737,0.006666595812497178,-0.0018032592348067311,0.0030048950675380937,0.003873540792117325,0.006937127905621843,0.006985068388527971,0.04455195895370068,-0.003492468312095376,0.009850733590637262,0.0019501987073962113,0.010049934627521573,-0.002534726361287376,0.004614657708337688,0.009438547932717256,-0.0037170522155998142,0.27779999999999916,246.0,0.07824710799999979,0.0024058370990882594,0.0036268475695475644,-0.09999999999999964,-2.1000000000000014,-0.09227380703429855,0.11511669060319107,-0.09742211300746817,-0.1475306879810674,-0.05656625311933983,0.03271319740630396,0.0011598046201086731,0.0016611299500759458,-0.004518458026445238,0.0018531106668131514,0.0019326665209433713,0.004561995458935542,-0.0024870479140730595,0.001079474563422167,-0.0015589547769394585,0.001122197673328884,-0.0027514391854861486,0.00043360434283634675,0.0013051992281418734,40.6,-0.10000000000000009,40.5,7.31986492980897,4.859812404361672,5.313205979041787,6.706862336602747,5.886104031450156,7.318539548567902,4.7535901911063645,5.2832037287379885,6.688354713946762,5.971261839790462,0.008358638291573683,0.07462316161624827,0.22031205144842758,0.01708881281352248,-0.001178593459952637,0.010000000000000009,0.0011044868485257098,0.001557753549835894,-0.0009530050158410575,0.016854636215105856,0.02670262030373749,0.017966888697831918,-0.006283310366213435,0.00042030366718037726,-3.198742592047665e-05,-0.000524006999999993,0.04368891671141917,-0.06232957000000017,0.046320692151295084,0.0,-0.04999999999999982,-0.07000000000000028,-0.08999999999999986,-0.13999999999999968,-0.27999999999999936,-0.2999999999999998,-0.33000000000000007,-0.33999999999999986,0.08,-0.06,-0.09,-0.05,-0.84,-0.83,-0.05,0.96,0.015992012920223786,0.02123723505755226,0.002105260015533794,-0.00448246121290552,-0.05412218212254416,0.026479385772329778,0.0008113302543995005,-0.00646270711574104,0.004496541217595684,0.002456478271688489,-0.0009203600735601114,0.000856792452766264,0.0014922122994702747,0.0011273252532095768,0.0006711890750121796,0.000671593578450036,-0.000329472738942016,-0.002430263214600714,-0.002974928738416871,0.0008398129394411313,0.00729142609970701,0.004862581607149696,0.007838982024032326,-2.5,-0.0004924691897212341,6.903084100606804e-05,0.006729273911069811,13.8563
2023-12-01,0.002279568053761949,0.0020853511690575033,0.005687967714326447,0.0077576457872297055,0.007351457901764391,-0.002490297743198866,-0.0027326472931994417,-0.0025383929259898963,-0.0015227474319852163,0.008664073913442927,-0.004449811346307619,-0.005338973378474776,-0.002194122063313486,-0.0014911722426882434,0.0011256038553062453,-0.0009105478117730215,-0.036173047997670515,0.014677222576570337,-0.1507999999999896,-42.0,-0.008065941999999993,-0.004028875041827362,-0.004228466998293712,0.0,2.8000000000000007,0.057292661849923654,-0.13993185972291577,0.08894748601649649,0.1704359495599732,0.02028467117150523,-0.045622771863612854,0.0018452655100098525,0.0015202822360098622,0.006686751762295273,0.002219209393087951,0.0009263548601303739,0.0023345836001240627,-0.0014536395457636075,0.001897344656599742,0.000831744979503668,0.0012021184721948686,0.0020723002562572646,0.0006500541940717142,0.003298900465493304,40.3,0.10000000000000009,40.3,7.357556200910353,4.852030263919617,5.308267697401205,6.747586526829315,5.955837369464831,7.333023014386481,4.859812404361672,5.313205979041787,6.761572768804055,5.811140992976701,0.0014845638618030677,-0.04504567424518058,-0.11681970497100913,0.008217602892461429,0.0042626518410795455,0.0,0.0036006638824694903,0.0017574208575812378,7.448623125405618e-05,-0.006367173000487725,-0.01235821033696638,-0.013513120948713153,0.0017792955797508725,-9.39045924361892e-05,-0.0008573698564084964,-0.0005705229999999895,0.04921436913574695,-0.06829450100000001,0.047198030184806505,0.0,-0.08999999999999986,-0.02999999999999936,-0.1200000000000001,-0.3200000000000003,-0.4900000000000002,-0.4800000000000004,-0.54,-0.6500000000000004,-0.01,-0.09,-0.21,-0.37,-1.33,-1.31,-0.59,0.31,0.0026530038610079743,0.0039544619421061356,0.003139949482163118,-0.020837672905896554,0.019975630523823895,-0.02123993582616812,0.0007264678172731465,0.006340279770096657,0.002998118004526873,-0.0010659729765380987,0.004051985613990894,-0.0009121754600274201,-0.0010693153661645027,0.0007788753579900387,0.0013202642097107642,0.0008744249453149777,0.001588403355025747,0.0005039731056628582,0.004799903041356579,0.0007454542477844939,-0.004356248560701381,-0.007757872287281753,-7.966327885311486e-05,8.400000000000006,0.0003850454823322025,0.0005255392214120747,0.016111662858701692,12.696
2024-01-01,0.009239514536886873,0.006094527007670436,-0.003239100248262794,-0.01015292980165583,-0.010901631820598112,-0.011247760215370661,-0.007763447473721818,-0.007730017819514323,-0.007119197891375606,-0.036166998202897815,0.0011342154342948163,-0.01168219932138026,-0.015492245054999465,-0.012786732316937943,-0.02230508459630176,-0.013087648030482235,0.06059176774498276,-0.026452412032762496,-1.0874000000000024,-141.0,0.010322407000000089,-0.0010456283236450759,-0.0001923464724313817,0.0,-1.5,-0.023552231579569316,0.03132985014091805,-0.09174208494751213,-0.24165625005649893,0.025378047133731485,0.008147660697066073,0.0016260992454490975,0.0013800719827727903,-0.002335280460793676,0.0031968550526340067,0.00046285582867611197,-0.0004910385563920983,0.002075981646546765,0.001665512493127963,0.00024246202990241272,-0.001088342659183894,0.001063352864271394,-0.00043332250704963826,0.002596729581711088,39.9,0.0,40.2,7.226936018493289,4.890349128221754,4.9344739331306915,6.625392368007956,5.857933154483459,7.318539548567902,4.990432586778736,5.3612921657094255,6.684611727667927,5.8522024797744745,-0.008952925596027228,-0.038516291469566255,-0.1420178026198382,0.0014017708644562532,-0.00014916261791420027,0.009999999999999787,-0.0022501482914840665,-0.002376767367239907,-0.003028609976020391,-0.01380066835166538,-0.02138399089080245,-0.03680674279547269,-0.0010829716320168714,0.0013690362181115745,0.0015095567242369157,-0.0018171690000000074,0.027486136668983363,-0.03707737,0.01570075373317925,0.0,-0.0600000000000005,-0.020000000000000462,-0.10000000000000053,-0.16999999999999993,-0.020000000000000018,0.040000000000000036,0.1299999999999999,0.040000000000000036,-0.07,-0.11,-0.31,-0.54,-1.35,-1.27,-0.46,0.35,-0.0022795058507538712,-0.004711175474400697,0.003200451390322989,0.05723117531642696,0.10826408809226873,0.020858682572719722,0.0007214005029299031,-0.006946214470988643,-0.006855344237041372,0.0007094946537655744,-0.002687528761403435,-0.0009303139708762842,0.0031352801054698176,0.0005615708506123696,-7.670798308545557e-05,0.0007309759734077659,0.0026708196406142193,0.006417616065206744,-0.0025611298764660617,0.0036407402139424505,-0.0003547293993402256,0.008534575545674272,-0.005941230265752662,9.299999999999997,-0.001393556639930793,-0.0023688780796859987,-0.009253835676092947,13.3453
2024-02-01,0.0011938370939095222,0.0003019053950019668,0.002283566040358842,0.0044169281012695905,0.007002141562916009,0.01218076690175085,0.010655557782982328,0.008537892009547576,0.006826925836976194,0.034180256422513544,-0.0009359585993893305,0.015469900646082557,0.014041769104747637,0.009568506427603651,0.021636747408859236,0.013906574235400093,-0.044396736141919746,-0.019580426752979108,0.9900999999999982,65.0,-0.06381413599999997,0.0008963197712734683,-0.0011424315162820164,0.19999999999999973,0.09999999999999787,0.08334422506271277,0.04496922700670147,0.014815085785140347,0.11637232686199361,-0.05969514005786092,-0.001194029992607426,0.001496721445331417,0.0006893224233799344,0.0003339455699764571,0.0029418996456911373,-0.0006943641061294414,-0.0003684372163270666,-0.001245071752459026,0.0016259867102519365,0.0018684480021420313,-0.0005852707044002869,0.0014970254219264234,-0.0007587664989259224,0.0023744263967184764,40.4,0.10000000000000009,40.5,7.343426229147367,4.77912349311153,5.476463551931511,6.760414691083428,5.783825182329737,7.354362330421477,5.365976015021851,5.4680601411351315,6.677083461247136,5.762051382780177,0.02138919380750437,0.011959100336349948,0.03447799772097859,0.0019210024427831485,0.002674050763991076,-0.009999999999999787,0.0014362776568273006,0.001711317429700543,-0.002678178944018228,0.006269511645006887,0.012873826126565291,0.01857239071814687,0.004374976148040055,-0.0003684239736596595,-0.0016876282033226886,-0.0006611470000000008,0.039964331494994454,-0.05386857199999984,0.02784194480435742,0.0,-0.040000000000000036,0.020000000000000462,0.07000000000000028,0.1299999999999999,0.2100000000000004,0.15000000000000036,0.16000000000000014,0.08999999999999986,-0.11,-0.09,-0.24,-0.41,-1.14,-1.12,-0.3,0.44,0.01333271492876964,0.018652538527289764,0.015221318817415508,-0.018467784332852233,0.010143043336973356,0.017695297407015254,0.001361203546848877,0.012500815806448351,0.020172303681796677,-0.004785681195981439,0.007237509736170544,0.00401154867934661,-0.002229390279339327,0.0021367983492792675,0.003183479157486957,0.00188505925866167,-0.0011109814294645304,-0.0006795517332323087,0.010048905272744157,-0.004592743151379253,-0.0016530068481794835,-0.011091465934900402,0.002187549948521106,-2.0999999999999943,-0.0009157176797476296,-0.001805421235548721,-0.003950453512848284,13.8808
2024-03-01,0.0024928414213469807,0.002264463065591471,0.0037999627227662813,-0.0014683720465420436,0.004584638906298011,-0.0020278181406325757,-0.0032239084995335787,-0.0034352476344441385,-0.005206531811629667,0.0050394946608545155,-0.008186043096172213,8.431285554788559e-05,-0.0005775333948569994,0.002678491366434166,0.00163153900274704,0.0019122436156164824,-0.07603947429194502,0.019959532609289177,0.06690000000000396,-458.0,-0.06508395499999997,0.002797321407411957,0.0030890067176017055,-0.10000000000000009,0.7000000000000028,-0.06070523555574692,0.023518466394234494,0.02361599307134199,0.0081800047119307,0.03511998337272004,0.020575397716454447,0.0019626346114183235,0.0015148388216630337,0.0036660597633701997,0.0045185397756632995,-0.0004631774052246129,-0.0001228425773902586,-0.0010387452892040017,0.002034274917289025,0.0011746416966449402,0.0015761981147743853,0.001233041840061233,0.0004336513511145057,0.003357730231737577,40.6,-0.10000000000000009,40.7,7.1693500166706,4.564348191467836,5.0369526024136295,6.595780513961311,5.75890177387728,7.3031700512368,4.983606621708336,5.318119993844216,6.677083461247136,5.831882477283517,0.013040542112209508,0.00794009449453803,0.012197180142365482,0.003250963480164515,-0.0012811544665023433,0.0,0.004322436784796935,0.003117420367654944,0.001078118787326332,-0.011422778902019814,-0.024079239619156922,-0.019504045466518516,-0.008184268824384056,-0.00023945721608775727,-0.0007801282372561502,-0.0010206919999999897,0.03115587773776518,-0.039882405000000176,0.019406254818810087,0.0,0.07000000000000028,0.0,0.020000000000000462,0.07000000000000028,0.009999999999999787,0.0,-0.020000000000000462,-0.019999999999999574,-0.04,-0.09,-0.22,-0.34,-1.13,-1.12,-0.32,0.42,-0.013765392559074385,-0.018492078987653038,-0.019658917919342933,-0.011383309879371417,0.009896220858403026,-0.012665505967883739,-0.0006373135432493626,0.0009946321540947878,-0.006014334084961881,0.005095415657725866,-0.0031187834557124816,-0.0016932443134276554,0.0006137953804037366,-0.0008613536816817202,-0.00094526145582563,-0.0011347285506566607,0.00030777747073429396,-0.000723516599978602,-0.00460509024826905,0.0019764487489677407,0.0006391415868316486,0.005385371575540976,-0.0011181046010007023,2.5,0.0016968930827125916,0.001886966859370176,0.018557517211183594,13.7658
2024-04-01,-0.0011396295508241394,-0.0017902243791514394,-5.8480265015425914e-05,-0.002470504471981272,-0.0015031085316810078,-0.0015794969394891112,-0.001422814080597412,3.6787167844387625e-05,0.0023253408000298847,-0.019105461857056305,0.008510740736800138,-0.007243043818857764,-0.0017699965436417386,-0.003425782981077319,-0.010184347253913373,-0.007064594260565826,0.09282283676621894,0.00830193532222534,-0.6268000000000029,-436.0,-0.07977103200000002,0.0005180467965697488,0.00015481937254691047,0.10000000000000009,-1.7000000000000028,0.03280455915320246,0.0040342969492517256,-0.050160042778875535,-0.12224818308907359,0.0032051309489480317,-0.015807808232981557,0.0006828528338171935,-0.00013761783548815743,-0.008016074988236532,-0.0006094216777086103,0.0005403527863148128,0.0003684824705452172,0.0008310825327733085,0.000814018767380631,0.0014146470055216298,0.0010548267411021328,0.0009062422839765105,-0.00032522088204700594,0.0,40.3,0.10000000000000009,40.6,7.227662498728654,4.634728988229636,5.204006687076795,6.692083742506628,5.655991810819852,7.272398392570047,5.0238805208462765,5.111987788356544,6.71901315438526,5.683579767338681,0.008812263154945654,0.0022696983893553124,-0.029003113286904636,0.0013054337487563572,0.0034356812000559955,0.0,-0.004548608598474502,-0.003980884897025305,-0.002247393970016276,-0.016134272047089837,-0.025668491884241362,-0.021955107049812517,0.006147157606774201,-0.0006015797877232387,0.0010742026999146503,-0.00018435099999999927,-0.01129636851698379,0.023065379000000164,-0.019656985355349654,0.0,0.040000000000000036,0.0,0.040000000000000036,0.14999999999999947,0.35999999999999943,0.33000000000000007,0.27000000000000046,0.25,0.0,-0.09,-0.18,-0.19,-0.77,-0.79,-0.05,0.67,0.0042792037383154735,0.006447672289167983,0.011011059852752858,0.034980523858932244,-0.001992602642038932,0.026196742489443814,-0.0006493470764104003,0.005433920438329132,-0.001036902758772662,-0.0003934294789980086,0.001189695759414633,-0.002977539115542882,-0.0017648714342408667,-0.000618982076541208,-0.0007908353119683298,-0.0006673485195554107,-0.0007902680820164321,-0.003021134401167913,0.002722378030356687,-0.0015041367870276545,-0.002606703848598624,-0.0017045262082056034,-0.0007417362127362104,-2.200000000000003,0.0007672343403122284,0.0010562288096753747,-0.027717767977469165,16.4023
2024-05-01,0.0030613931551393136,0.003153810699055626,0.00486720355452519,0.0061774244376415766,0.0023141610481118846,0.006067132835611666,0.0035646483405802343,0.001880307541674675,0.0018791677438283472,-0.009919432123055572,0.005211586119333589,0.0025560724845892224,0.009086167207964735,0.007701989880898097,0.011044826972458566,0.00674295744806841,0.010941764491961159,0.00048765648475779244,0.4376000000000033,311.0,0.01797112099999998,-0.0014893632449801686,-0.00252965345980094,0.10000000000000009,1.3000000000000007,0.020565152678430287,-0.0353429871084332,0.08413639716244958,0.09436821521533822,0.076961041136129,0.05887447260706047,0.001364308393679181,0.0005503577464178733,-0.004200627868768514,0.0015837245193655036,0.0002314904134728124,-0.00012281240420719541,0.0008303924081065617,0.001494308720902282,0.0011716059231297038,-0.0002595464440471318,0.0005229491901861394,0.0013002493976213003,0.0004296640093599535,40.6,0.0,40.8,7.181591944611865,4.605170185988092,5.003946305945459,6.602587892189336,5.796057750765372,7.243512974665482,4.787491742782046,5.19295685089021,6.658011045870748,5.768320995793772,-0.012086302967052376,0.0008838232646102284,-0.003704587471183629,0.002304295649617316,0.004937865685844756,0.009999999999999787,0.002868242158895029,0.0028660229818591176,0.0036830799808971193,0.009798709593797028,0.01689429138701115,0.01486353271442964,0.0017928939027935797,-0.0026003655301618522,5.126516814790705e-05,-0.0004028990000000121,0.02372421303312855,-0.0253246760000001,0.017629955471325953,0.0,0.0,0.009999999999999787,0.019999999999999574,0.020000000000000462,-0.05999999999999961,-0.05999999999999961,-0.03000000000000025,-0.04999999999999982,0.0,-0.08,-0.16,-0.17,-0.83,-0.85,-0.08,0.62,-0.012398708796541591,-0.01668008788616948,-0.019421051910651244,-0.02012901395535316,-0.11334431122163835,0.011735384878627464,-0.0030667497611265304,-0.015334216877508133,-0.01741748235761431,0.0006534402339992695,-0.005875714955635658,0.0004774508671223643,-0.0015544955399215965,-0.003731682142957382,-0.004948967518135561,-0.0033911603230976084,-0.0026974846174834255,-0.005368543323347019,-0.006054962463221791,-0.0012558699425317954,0.001940064837269162,-2.871119511915765e-06,0.00035105711032157316,-8.100000000000009,-0.00041840939633708274,0.0006430338141765191,0.011399088380395384,12.8609
2024-06-01,0.0005507521543872684,2.4552078027539892e-05,0.0013625678199202795,0.004770298615996538,-0.0027853250382641193,0.002654279654326075,0.00420183442752986,0.0035255934006119816,0.0054230609495711235,-0.0010194924001867278,0.007219613661368918,-0.0038370944180208255,0.0007921437946674104,-0.010336291758635596,0.010243737934849229,-0.0003891177783916788,0.036748128412602554,-0.013049246894619948,-0.11400000000000432,-320.0,-0.0764234880000001,0.0016500818360025704,0.0007198664834486834,0.09999999999999964,-0.5,-0.08163195889296038,0.09160629599351289,0.12158394956381624,0.12946554664047927,0.11597069476984156,0.06004413154973243,0.0007445312005938121,9.169685027643482e-05,0.0033619127311190766,0.0021887168270566804,-0.0012352352377362763,-0.0020901218649864717,0.00020749040431233823,0.0008487101579124356,-3.443941246672466e-05,0.0009729520129262426,-0.0012440470769643497,0.0014066982788190074,0.0009016939574841842,40.7,0.0,40.8,7.192182058713246,4.787491742782046,5.14166355650266,6.61472560020376,5.676753802268282,7.282073658093465,4.762173934797756,5.332718793265369,6.697034247666484,5.768320995793772,-0.005328797013151032,-0.0711920065920637,-0.2590390036959729,-0.01414175568377729,0.002772035649064364,0.0,-0.00016480217705527878,-0.0008461107390118627,0.0034461958156075667,0.009865156723812163,0.01675903182034233,0.013688657940131299,0.00213087202677098,-0.0008977305797426283,0.0006934877866680011,-0.00010893800000000287,0.03378795581778249,-0.03834979999999999,0.02907347523153847,0.0,-0.04999999999999982,-0.009999999999999787,-0.019999999999999574,-0.04999999999999982,-0.17999999999999972,-0.17000000000000082,-0.1200000000000001,-0.1299999999999999,-0.05,-0.09,-0.18,-0.22,-1.01,-1.02,-0.2,0.49,0.005912397734637587,0.0078065358702774645,0.013051212336317342,0.005220664384498974,0.06135473630530974,-0.04127765401854955,-0.0006195226518768138,0.004480354204981829,-0.0021611746321887892,-0.0033665090246115525,-5.302721593736237e-05,-0.00024425389323834423,-0.0007941821205266208,-0.0008789022743123098,0.00033482924493100086,-0.00038232316076847184,0.0012571767594709016,0.007752703544994688,-0.0011634391925037235,0.0009538071094103984,0.0009558862246432653,0.0014034107904401516,0.0014273234166486404,-0.8999999999999915,-0.004221372519449318,-0.003045581635456429,0.009715803877160312,12.6826
2024-07-01,0.0013204488380171853,0.0008712084579691748,0.004332902404095229,0.007162733136340194,0.012030988570346679,-0.0069917101882248645,-0.00725817349225899,-0.008185649607983514,-0.010095062928433762,-0.05867241867116313,0.0029884437415335086,-0.0017553046608647094,-0.006672257157315897,-0.004835442088904074,-0.01055126401465234,-0.006419626912744114,-0.011058408273209253,0.013801516173182371,-0.5781999999999954,-199.0,-0.08485237099999998,0.002496746611148737,0.0004155489802872836,0.20000000000000018,-0.09999999999999787,0.09965819807853382,0.01838373715278596,0.007272759329080003,0.0,0.012455093818980245,0.006104639524460609,0.0009078300963931696,0.0009623096171651468,0.001341606775103088,0.0016990295349295081,0.00046339203794865114,0.0006151953439186286,0.00020744736097633165,0.000899139299230356,0.0,0.0008748481724438761,-0.00022983956023026053,-0.00043261951788764463,0.0019294678512462582,40.5,0.10000000000000009,40.7,7.140453043101158,5.153291594497779,5.19295685089021,6.45833828334479,5.602118820879701,7.2485040723706105,4.948759890378168,5.214935757608986,6.650279048587422,5.730099782973574,-0.0017959394207931467,0.09366651151733585,0.3508348658787508,0.002288425535017069,0.003486605480141236,-0.009999999999999787,-0.0026065967095618703,-0.0019788951798496157,-0.0006256983444359321,-0.014871333048471769,-0.02426378615491842,-0.024829422551415625,-0.006641803938497226,0.0027098284864468525,0.002735899045401169,0.00011356600000000938,0.022434690521071943,-0.020915910999999898,0.01677915247325812,0.0,0.02999999999999936,-0.040000000000000036,-0.14000000000000057,-0.20999999999999996,-0.16000000000000014,-0.05999999999999961,-0.009999999999999787,0.019999999999999574,-0.02,-0.13,-0.32,-0.43,-1.17,-1.08,-0.21,0.51,0.007687430182059529,0.010490148143723843,0.007047511910371007,0.014634196873072547,0.028258859191714336,-0.016569804627199147,0.0021101336579105734,-0.005552318142866497,0.011442434795085887,-0.004211665972432499,0.0026511248430036716,0.002022282603130421,0.001700274106559263,0.0025716637438106815,0.0021241476294449058,0.0026570617174588307,0.0004923678107466856,-0.003052805002781156,0.003849211399725938,4.060162129260192e-05,0.0003030460713331351,0.00027059309574584134,0.0010481578251284596,-1.7999999999999972,0.0032818869775290693,0.004002817747384313,-0.004194238352672741,14.4084
2024-08-01,0.0009497086705607671,0.0009684815213120146,0.0007106909702567776,0.0003745023427299543,-0.001144354117347035,0.005341008168274541,0.004892794094436326,0.007069582480622394,0.00857432548832282,0.049873152389113606,-0.002484014736102047,0.001551209360407313,0.005881061278016908,0.011059824817063024,0.001129901378471132,0.006190308329893313,-0.02124845858412261,0.007029160365942921,0.3902999999999963,150.0,0.028344652999999997,0.000712212696807768,0.0010412148446086178,-0.09999999999999964,0.3999999999999986,0.04856733648520972,-0.058670670276844916,0.0293143876687747,0.07101474516534623,-0.0013037811494829299,-0.030902832012518644,0.000491397405482985,9.160025654431081e-05,0.0,0.00338942341190851,-0.0020095848469576794,-0.003696861881326896,0.0008293593674650879,0.0005551619243089334,0.00010331467938584638,0.001116748920411581,-0.0009262779304233248,0.0007569613770463945,0.0017547242952264952,40.6,-0.10000000000000009,40.7,7.229113877793302,4.787491742782046,5.327876168789581,6.637258031284457,5.66988092298052,7.293017679772782,4.976733742420574,5.327876168789581,6.703188113240863,5.717027701406222,-0.007204089215225196,-0.008550056076639834,-0.04536723131648834,0.0018268333312381202,0.003417984950502273,0.009999999999999787,0.004214037776815616,0.003913901250294671,0.0029462991716311393,0.01659823709080044,0.0289051754816132,0.030864757378758156,0.0038782025373791384,-0.0017958817228276303,-0.0020333651238217954,-7.12320000000044e-05,-0.010855019483839712,0.022944185999999922,-0.016277806221499436,0.0,-0.1899999999999995,-0.15000000000000036,-0.2699999999999996,-0.47000000000000064,-0.4500000000000002,-0.3799999999999999,-0.25,-0.2400000000000002,-0.21,-0.28,-0.59,-0.9,-1.62,-1.46,-0.46,0.27,-0.00251428210606619,-0.0036156846654851194,-0.007657850981626524,-0.054280507339247386,-0.08976607511692158,-0.01576839153414955,0.00032237552080527365,0.007096863276514931,0.002626773643089386,0.0013164433865373582,-0.00013586293130263272,-0.000635629992323139,0.0004931106531227414,0.000430985429925812,-0.00030769763209548273,0.00023811199133927374,-0.0004391284447358146,0.0006003862117820447,-0.0022220530838934494,-6.105139699563722e-05,-0.002576046917001751,-0.00029051132315638384,-0.005741083762938359,1.5,-0.0019739219640282357,-0.0007657705672308168,0.0014451534492128104,19.675
2024-09-01,0.0018442828791762622,0.0007104404416917731,0.005256622002822731,0.007154556694029424,0.008903429897587856,-0.0053966010295800615,-0.008531252143995971,-0.011779503839682626,-0.006007779894269483,-0.0027735608995893557,-0.006897177729907611,-0.03498903916927265,-0.0016526326341539388,0.00114015678797319,0.00489737732385187,-0.005064425295703501,-0.024659901743214085,-0.012211494263000944,-0.4750000000000085,-489.0,-0.026124883999999904,0.0008895531471875273,0.002660086072655332,-0.10000000000000053,1.6000000000000014,-0.13980246183463496,-0.018495903422904192,0.01798543617282533,-0.042000923974630844,0.06135341492899382,-0.029656209582887172,0.0016048084754469727,0.000686734604075312,0.0025106716678111596,0.003137068209770888,-0.0009288645299783127,-0.0004939491332827117,-0.0016594071428652768,0.0017511222598844967,0.0006884918857803513,0.0003881422590090722,0.00046644027055720017,0.0006483682958933201,0.001410105991586974,40.7,0.0,40.7,7.2115567333138015,5.10594547390058,5.176149732573829,6.588926477533519,5.655991810819852,7.261927092702751,4.844187086458591,5.303304908059076,6.641182169740591,5.802118375377063,-0.0007704859888502114,-0.003655328292397897,-0.035191095559275354,0.0027164160608741383,0.0002461275556875364,-0.009999999999999787,-0.0002764017550251907,-0.0009886813012993656,0.0020483598024583216,-0.017427874719530223,-0.03141800626005242,-0.03135438574145666,0.0022214149166073227,-5.553722894369173e-05,-0.0012862437660814408,-0.00047219300000000963,0.025777432800021316,-0.02542980100000003,0.01922503227442629,-0.20000000000000018,-0.2599999999999998,-0.33000000000000007,-0.3200000000000003,-0.39999999999999947,-0.20999999999999996,-0.1499999999999999,-0.1900000000000004,-0.17999999999999972,-0.27,-0.41,-0.71,-1.1,-1.63,-1.41,-0.45,0.29,-0.004469009581150374,-0.006163216123725057,-0.00702461460566095,0.0181238043389218,-0.023086643419324204,0.06775334083580997,-7.340058582450126e-05,0.008722517255554507,-0.0035321483311925306,0.005288379005092381,-0.0005553183482387425,0.013647830792390181,0.00030104312879952744,-0.0005197306064799179,0.001583143975516066,-0.0005398596871133421,0.0004827170960437499,0.00572136916747823,-0.0025979168262386665,0.0005534925298542603,0.003820412389781591,0.0022152592210207267,0.004635287856313397,2.1999999999999886,-0.0023680514627510973,-0.001586095533873788,-0.0016392429505156514,17.6597
