sasdate_t,sasdate_tp1,yhat_R1_SPY,yhat_R1_XLB,yhat_R1_XLE,yhat_R1_XLF,yhat_R1_XLI,yhat_R1_XLK,yhat_R1_XLP,yhat_R1_XLU,yhat_R1_XLV,yhat_R1_XLY,yhat_R2_SPY,yhat_R2_XLB,yhat_R2_XLE,yhat_R2_XLF,yhat_R2_XLI,yhat_R2_XLK,yhat_R2_XLP,yhat_R2_XLU,yhat_R2_XLV,yhat_R2_XLY,yhat_R3_SPY,yhat_R3_XLB,yhat_R3_XLE,yhat_R3_XLF,yhat_R3_XLI,yhat_R3_XLK,yhat_R3_XLP,yhat_R3_XLU,yhat_R3_XLV,yhat_R3_XLY,yhat_R4_SPY,yhat_R4_XLB,yhat_R4_XLE,yhat_R4_XLF,yhat_R4_XLI,yhat_R4_XLK,yhat_R4_XLP,yhat_R4_XLU,yhat_R4_XLV,yhat_R4_XLY,yhat_R5_SPY,yhat_R5_XLB,yhat_R5_XLE,yhat_R5_XLF,yhat_R5_XLI,yhat_R5_XLK,yhat_R5_XLP,yhat_R5_XLU,yhat_R5_XLV,yhat_R5_XLY
2002-11-01,2002-12-01,0.0013976258436807312,-0.006376717719326491,-0.0015044893667429432,-0.007338634938227762,-0.0021149711247005426,0.011669670306207629,-0.020088289096735986,-0.05618490834168043,0.025244861504325623,0.009961888419758024,0.0013976258436807312,-0.006376717719326491,-0.0015044893667429432,-0.007338634938227762,-0.0021149711247005426,0.011669670306207629,-0.020088289096735986,-0.05618490834168043,0.025244861504325623,0.009961888419758024,0.079267937659825,0.08767126151581353,0.062278815210591226,0.09781681006416368,0.08840504898256255,0.10508758597198115,0.04938737676631699,-0.025140621812468456,0.06258263595999554,0.11432617627945431,0.0013976258436807312,-0.006376717719326491,-0.0015044893667429432,-0.007338634938227762,-0.0021149711247005426,0.011669670306207629,-0.020088289096735986,-0.05618490834168043,0.025244861504325623,0.009961888419758024,0.022006014438199686,0.028896439985953766,0.05201292279600994,0.008459510569701376,0.02983290729799004,0.03733316841645155,0.01932751514493706,-0.013746782185335569,-0.004195071115467867,-0.0014262865792134512
2002-12-01,2003-01-01,-0.016019019020364927,0.006421620027940705,0.009613059695795317,0.03162544403382135,-0.020184667764054712,-0.0382993382558075,-0.0235327772125762,-0.002402737141410337,-0.014900597959929051,-0.011417075655748087,-0.016019019020364927,0.006421620027940705,0.009613059695795317,0.03162544403382135,-0.020184667764054712,-0.0382993382558075,-0.0235327772125762,-0.002402737141410337,-0.014900597959929051,-0.011417075655748087,-0.016019019020364927,0.006421620027940705,0.009613059695795317,0.03162544403382135,-0.020184667764054712,-0.0382993382558075,-0.0235327772125762,-0.002402737141410337,-0.014900597959929051,-0.011417075655748087,-0.03090553217865246,-0.024753839447521256,-0.017761939894004007,-0.017731350807603068,-0.033381258673346306,-0.08220063255791822,-0.01460757965903646,0.021846703692432634,-0.03972477202007727,-0.01567673079740127,-0.016019019020364927,0.006421620027940705,0.009613059695795317,0.03162544403382135,-0.020184667764054712,-0.0382993382558075,-0.0235327772125762,-0.002402737141410337,-0.014900597959929051,-0.011417075655748087
2003-01-01,2003-02-01,0.055029166767592945,0.011401693863712509,0.02407022181757969,0.06603011475991434,0.0340877094166855,0.16772160057377586,0.03282280327750497,-0.03824522948719936,0.07773586859365053,0.041377738600616484,-0.0036588098587145234,0.006014674091414825,-0.03907316285102005,-0.026352652331675677,-0.009614131258765804,0.04285671239704967,-0.0288011943488828,-0.05526406314804359,0.008630101317842543,0.022360110364723528,-0.0036588098587145234,0.006014674091414825,-0.03907316285102005,-0.026352652331675677,-0.009614131258765804,0.04285671239704967,-0.0288011943488828,-0.05526406314804359,0.008630101317842543,0.022360110364723528,-0.026344452458310193,0.0017400963748949207,0.0005005267954796781,-0.03313794785250162,-0.01606062245121255,-0.05349114098787568,0.0017651471719130514,-0.015322140407086642,-0.027285699914180485,-0.006578431797646642,-0.0036588098587145234,0.006014674091414825,-0.03907316285102005,-0.026352652331675677,-0.009614131258765804,0.04285671239704967,-0.0288011943488828,-0.05526406314804359,0.008630101317842543,0.022360110364723528
2003-02-01,2003-03-01,-0.003123084067033122,0.016756172020934598,0.011410215691025152,0.03923951486401129,-0.01423911148358093,-0.021532623607632313,0.0028592242475554445,-0.02633857761086423,0.007579994097262286,0.024498194350116957,0.03257552236304034,-0.0016611169297990648,0.022553254224266454,0.035828038890556586,0.00126668497398804,0.11827226589355014,0.021843083314218917,-0.02354495848132908,0.040790522157180216,0.025551106419479656,-0.003123084067033122,0.016756172020934598,0.011410215691025152,0.03923951486401129,-0.01423911148358093,-0.021532623607632313,0.0028592242475554445,-0.02633857761086423,0.007579994097262286,0.024498194350116957,-0.04283826703587249,-0.04143711488795778,-0.07085751335315343,-0.03252236807633277,-0.09453522249154987,-0.06205439220732751,0.003856244646174795,-0.04956640509656657,-0.07285601903513901,-0.05213597121359408,-0.0009041293063915788,0.020588579850397946,0.018255866837160975,-0.016923223874763974,0.014397289520781767,-0.015374646246531579,0.014175010331777819,0.0071842316534138735,0.0002614543267033735,0.009375701541483662
2003-03-01,2003-04-01,-0.002561496102673485,0.0077856601222935674,-0.018270234849399533,0.0015319274784333064,0.006288602807639538,0.006222007181419289,-0.019716798962908635,-0.005575634988017683,0.0075227138185978,0.02905017529233522,-0.002561496102673485,0.0077856601222935674,-0.018270234849399533,0.0015319274784333064,0.006288602807639538,0.006222007181419289,-0.019716798962908635,-0.005575634988017683,0.0075227138185978,0.02905017529233522,-0.002561496102673485,0.0077856601222935674,-0.018270234849399533,0.0015319274784333064,0.006288602807639538,0.006222007181419289,-0.019716798962908635,-0.005575634988017683,0.0075227138185978,0.02905017529233522,0.007003398066340627,-0.021222689673600602,-0.055887381511555256,0.016698891437941177,-0.009912304315832931,0.04139945606458973,-0.025092848115037314,-0.014484719924941845,0.02182624505025602,0.026539335100332503,-0.02153967715520961,-0.0203768008080061,-0.00200941778809689,-0.018533316375730986,-0.03395123182200735,-0.01630575944946446,-0.03706081172448327,-0.055866954665026856,-0.0271094835359624,-0.02213537178517873
2003-04-01,2003-05-01,-0.05062031346449854,-0.020868758191578143,-0.04226716108005321,-0.03286790479896147,-0.04896930584520353,-0.10345343988028421,0.0037912054258844655,0.03777465594333865,-0.018153101422986893,-0.08071223854521044,-0.02064139079213899,-0.006108744312642265,-0.029551688643879002,-0.01475355927744704,-0.0554068981050338,-0.03666004687935306,-0.007733325810701861,-0.03380304013422584,-0.020944900633518594,0.010322960516143061,-0.015728931893632375,-0.005341710658052582,0.04165013831203795,-0.003412565279715597,-0.014821977276711504,-0.023278266611651385,-0.048998197335836394,0.011137943525271535,-0.01154837657074942,-0.01438898244601616,-0.029429344835858604,-0.012323340474668019,-0.025155706887855102,-0.028831012231991485,-0.026677101149529012,-0.06701166419448813,-0.004666061483043322,-0.009889103690907845,-0.03711279195936495,0.003948565989003306,-0.015728931893632375,-0.005341710658052582,0.04165013831203795,-0.003412565279715597,-0.014821977276711504,-0.023278266611651385,-0.048998197335836394,0.011137943525271535,-0.01154837657074942,-0.01438898244601616
2003-05-01,2003-06-01,-0.0017601348380375872,-0.02410011285097358,0.012652800896675616,-0.0038059429880815954,-0.023429847313691802,0.01241295715110621,-0.013023479681730753,-0.060509876702179215,0.011076130893856458,-0.0027843762182274863,-0.02121470664923935,-0.0269938090244109,0.004480276309032938,0.005229013665826001,-0.019180201731464067,-0.05658318540186987,-0.019922810305835172,-0.0014829536509932402,0.0024615650695649543,-0.021027640453932586,-0.02121470664923935,-0.0269938090244109,0.004480276309032938,0.005229013665826001,-0.019180201731464067,-0.05658318540186987,-0.019922810305835172,-0.0014829536509932402,0.0024615650695649543,-0.021027640453932586,-0.07034832747667685,-0.02410312497206387,-0.02506979624823627,-0.04734702833573928,-0.05381603234117697,-0.18882245020560517,-0.018541415204845774,0.026008827420292504,-0.050552321045176624,-0.0845050261265454,-0.02121470664923935,-0.0269938090244109,0.004480276309032938,0.005229013665826001,-0.019180201731464067,-0.05658318540186987,-0.019922810305835172,-0.0014829536509932402,0.0024615650695649543,-0.021027640453932586
2003-06-01,2003-07-01,-0.02745039879711117,0.01851764413478768,-0.0093220877872111,-0.0187853088485359,-0.025639780720390734,-0.0733144219087248,0.001571709774064383,0.006781984305324923,0.0011657689729402607,-0.023967276244102973,0.01832967083864471,0.017873971482516186,-0.010575826932257898,0.0210825707602565,0.010064522445212803,0.07664324195008393,-0.022561230298902158,-0.007407386605656806,0.004822726404371258,0.016076119436793376,-0.02527107052239425,-0.01139890483788724,-0.015177826868803843,-0.03791960318743946,-0.012438173920852263,-0.03123159916835885,-0.032849521930286375,-0.028274298784974793,0.01362340637367495,-0.023791073316722963,-0.12952231412264345,-0.06731097511719046,-0.0796215939558681,-0.08752319398933864,-0.12989133545794027,-0.2941796292402944,-0.021215158009008486,-0.023407888585380964,-0.12006581133402712,-0.14154236931824996,-0.02527107052239425,-0.01139890483788724,-0.015177826868803843,-0.03791960318743946,-0.012438173920852263,-0.03123159916835885,-0.032849521930286375,-0.028274298784974793,0.01362340637367495,-0.023791073316722963
2003-07-01,2003-08-01,-0.030074144977156728,0.00083908984978571,0.014719608682205346,-0.026625296961045354,-0.026991022567214123,-0.07801557993269669,-0.004484860824969247,0.001547153073691722,-0.015321186853937888,-0.026779198096679977,-0.019012296987366426,-6.952830254945718e-05,-0.029552266756878554,-0.04707648231962534,-0.017015465824096167,-0.019494144905969124,-0.01516308077068787,0.006097439258763033,-0.01912483601753458,-0.02548038801283226,-0.019012296987366426,-6.952830254945718e-05,-0.029552266756878554,-0.04707648231962534,-0.017015465824096167,-0.019494144905969124,-0.01516308077068787,0.006097439258763033,-0.01912483601753458,-0.02548038801283226,-0.019012296987366426,-6.952830254945718e-05,-0.029552266756878554,-0.04707648231962534,-0.017015465824096167,-0.019494144905969124,-0.01516308077068787,0.006097439258763033,-0.01912483601753458,-0.02548038801283226,-0.09013512372450773,-0.13561713613464854,-0.11138124002418197,-0.18585969531590407,-0.11209083398859224,-0.039010005389365145,-0.12941381735500554,-0.019288663246603416,-0.04629673289219368,-0.11795108346046282
2003-08-01,2003-09-01,0.0014117152574188163,-0.00815577104637106,0.0157803993969317,0.04151592396024488,-0.005580073811393727,-0.013438055179650157,-0.00906967981284981,0.02106996289523261,0.0067268139686748486,0.012659894285618258,0.0014117152574188163,-0.00815577104637106,0.0157803993969317,0.04151592396024488,-0.005580073811393727,-0.013438055179650157,-0.00906967981284981,0.02106996289523261,0.0067268139686748486,0.012659894285618258,-0.06540861131232178,-0.018525112403403498,-0.054040062993536184,-0.02175917739729638,-0.08378133465183879,-0.14840824876454695,-0.034737369979967785,-0.03182693161505406,-0.038139695823946856,0.012593396942196928,-0.011023837892789826,-0.017980041311641336,0.009819775580802895,0.0219609301445757,-0.01739336455853084,-0.03732159001979035,-0.02158061585383165,0.013243850570923726,-0.014261356046385606,-0.026333557886385993,0.0014117152574188163,-0.00815577104637106,0.0157803993969317,0.04151592396024488,-0.005580073811393727,-0.013438055179650157,-0.00906967981284981,0.02106996289523261,0.0067268139686748486,0.012659894285618258
2003-09-01,2003-10-01,0.035225412054095406,0.0134473496602443,0.05150529760260275,0.08832945513741587,0.06200190834966597,0.025147352698534818,0.026201653044130788,0.01975931546541669,0.016953216545527294,0.06292466237151058,0.016338285381789972,0.02379988568839232,-0.004299853576061115,0.026984736971989626,0.03487094373594471,0.03612588020881456,-0.007648471420023527,-0.004454863314657907,0.01016557617971417,0.01010838519857676,0.016338285381789972,0.02379988568839232,-0.004299853576061115,0.026984736971989626,0.03487094373594471,0.03612588020881456,-0.007648471420023527,-0.004454863314657907,0.01016557617971417,0.01010838519857676,0.016338285381789972,0.02379988568839232,-0.004299853576061115,0.026984736971989626,0.03487094373594471,0.03612588020881456,-0.007648471420023527,-0.004454863314657907,0.01016557617971417,0.01010838519857676,0.016338285381789972,0.02379988568839232,-0.004299853576061115,0.026984736971989626,0.03487094373594471,0.03612588020881456,-0.007648471420023527,-0.004454863314657907,0.01016557617971417,0.01010838519857676
2003-10-01,2003-11-01,0.029261065056226557,0.0037658525740319167,0.052490176373332656,0.05772937569645036,0.05116892008711315,0.04699271879336587,-0.0026465448406553377,0.0067972705737107605,0.011292120184845347,0.03275633934465867,0.02361766156203189,0.00545630723831673,0.03472115780110545,0.007868674010484342,0.006547501428916651,0.04546656456256934,0.016960400524228307,0.006617987903913162,0.046199948875881136,0.0007015823383568704,-0.02835077515382236,-0.011791230620293799,0.0014429917405992532,-0.017220858356333267,-0.03405593503794787,-0.07250161896067332,0.008865394911088736,0.034382961287821,-0.011436680948303708,-0.03317889900801439,-0.07286050782474021,-0.02059776075899019,-0.022612968850394835,-0.05057779495135197,-0.05269852182392793,-0.17895846749935423,-0.0731485280698738,-0.04377006940939246,-0.09088536997167565,-0.06304722617812793,-0.02262621548520347,-0.026145087264643138,0.005530340640789275,-0.012756251023512924,-0.03536346288327082,-0.044720206820367314,-0.02666656494105859,-0.011271298106153422,-0.012711037601426691,-0.0335891291457647
2003-11-01,2003-12-01,0.005221917649018709,0.038494974440567896,0.027067932598347173,0.018702848596365382,0.032953253739034065,-0.005966200553210385,0.0008241303789135004,-0.006007628812900043,0.004573627253040642,0.006417475076944283,0.011762368914464753,0.037578309950878255,-0.047482000186996304,0.016634965800751245,0.03886736899846618,0.031183759307666384,-0.006160434859107574,-0.06471998312667789,-0.012364292501512955,0.03384462819435765,0.005221917649018709,0.038494974440567896,0.027067932598347173,0.018702848596365382,0.032953253739034065,-0.005966200553210385,0.0008241303789135004,-0.006007628812900043,0.004573627253040642,0.006417475076944283,0.005221917649018709,0.038494974440567896,0.027067932598347173,0.018702848596365382,0.032953253739034065,-0.005966200553210385,0.0008241303789135004,-0.006007628812900043,0.004573627253040642,0.006417475076944283,0.005221917649018709,0.038494974440567896,0.027067932598347173,0.018702848596365382,0.032953253739034065,-0.005966200553210385,0.0008241303789135004,-0.006007628812900043,0.004573627253040642,0.006417475076944283
2003-12-01,2004-01-01,0.04348130021571281,0.055686442085744206,0.05243934920868334,0.1058288479091688,0.09914160346181866,0.011224916020174593,0.041080174245304316,0.05347583498607056,0.04015479998900274,0.1062206317061619,-0.003747404726692884,-0.01107117457772048,-0.0039679394751966565,-0.002645042336582028,-0.013749457536999661,-0.0009200760641027671,-0.02378229730210196,-0.007887957255856129,0.000170541422604897,0.0011238608639723459,0.01577939211379763,0.027378192578053392,0.021941086152219808,0.023330694323466714,0.03171028330710945,0.017236180767795227,0.011424543928453176,0.02127794961055783,0.017798889797616624,0.026401793140576967,0.017624673297720397,0.023687045574956142,0.011537221692129049,0.007191345445944548,0.02279548558893528,0.052619712930579106,0.0016309344049918735,-0.012405058815216195,-0.006804553022544586,0.02885354302752623,0.06386112635071325,0.05379460146282124,0.07248897133615471,0.062394652667651526,0.05719089509962732,0.12913907094490104,0.04007152755611424,0.042829564274616365,0.08606920467026828,0.04581025377230289
2004-01-01,2004-02-01,0.03392419577896387,0.033548357455794584,0.027444196238621155,0.06141537388438087,0.06423710244436776,0.013755752999875116,0.043475777474260686,0.032427041515198554,0.05319662495013738,0.06314962582375579,0.01973613313165823,-0.045677789401024564,0.030250555470359857,0.03220580518560519,0.000619616280994547,0.04177127286689759,0.006164175501093558,0.003504640088819993,0.03495570803938808,-0.004167938191691744,-0.009819821709105116,-0.018127966007688144,0.014843672068853352,0.017828142121279304,-0.007877248153854554,-0.04189254353905366,5.1645264931988576e-05,0.01839750138241146,0.007079921908423999,0.0032050458594537305,-0.009819821709105116,-0.018127966007688144,0.014843672068853352,0.017828142121279304,-0.007877248153854554,-0.04189254353905366,5.1645264931988576e-05,0.01839750138241146,0.007079921908423999,0.0032050458594537305,-0.009819821709105116,-0.018127966007688144,0.014843672068853352,0.017828142121279304,-0.007877248153854554,-0.04189254353905366,5.1645264931988576e-05,0.01839750138241146,0.007079921908423999,0.0032050458594537305
2004-02-01,2004-03-01,0.024115429461199635,0.026801491493027893,0.017084939791513813,0.028545995701985502,0.03389849440843536,0.043839851431402774,-0.0020208025776348253,0.002886102054483769,0.02590152012287005,0.017215284263956156,-0.050692178788238354,-0.05568861187692953,-0.10578478163130474,-0.055607837346048114,-0.02916639073466854,-0.052213980176378696,-0.0513778230075248,-0.1019394404050171,-0.00862553330218301,-0.05447776524984717,0.024115429461199635,0.026801491493027893,0.017084939791513813,0.028545995701985502,0.03389849440843536,0.043839851431402774,-0.0020208025776348253,0.002886102054483769,0.02590152012287005,0.017215284263956156,0.024115429461199635,0.026801491493027893,0.017084939791513813,0.028545995701985502,0.03389849440843536,0.043839851431402774,-0.0020208025776348253,0.002886102054483769,0.02590152012287005,0.017215284263956156,0.04315640477353211,0.00323112340303415,0.05232352707689894,0.05036652173024894,0.03755677381813806,0.08816933711814981,0.013355003181086069,0.03127985886432038,0.0435284547384619,0.027598395215075698
2004-03-01,2004-04-01,-0.019918664584680168,-0.020391317026138164,0.01948902644352372,-0.012531964879727957,-0.035290423429719935,-0.000805176970073887,-0.0432481145583142,-0.018289485422365494,-0.026253467564365654,-0.03300544743343608,0.024070242768164368,0.02492781552285947,0.03891217912117295,0.031073917469241284,0.015414418345518273,0.013163035740237234,0.03186502367754716,0.026479506520036195,0.03362658994504104,0.012431773082321766,-0.017421602381625278,-0.011525164631804613,-0.0037539508147758096,-0.007232718319376843,-0.02233098345742069,-0.04848074382113704,-0.0016029722120076014,0.019742248458886898,-0.0335133905358037,-0.0409489800419002,-0.017421602381625278,-0.011525164631804613,-0.0037539508147758096,-0.007232718319376843,-0.02233098345742069,-0.04848074382113704,-0.0016029722120076014,0.019742248458886898,-0.0335133905358037,-0.0409489800419002,-0.056940161970374534,-0.03159504022503695,-0.0934103603247406,-0.059179027749733014,-0.028301120926503432,-0.04370704331207213,-0.06243117239504044,-0.08668927006594657,-0.06756920584654275,-0.07947269465294853
2004-04-01,2004-05-01,0.006535687093470544,0.0013055660873800097,0.03910197857002086,0.01878249886402068,0.006172615292901321,-0.01410649314526764,0.024707822122454707,0.02936930861791268,-0.00024401314878638855,0.0037824437120865862,0.006535687093470544,0.0013055660873800097,0.03910197857002086,0.01878249886402068,0.006172615292901321,-0.01410649314526764,0.024707822122454707,0.02936930861791268,-0.00024401314878638855,0.0037824437120865862,0.07193440587079128,0.08529852404998904,0.03417749935916819,0.07230463848086165,0.06441035164685799,0.20867977940046187,-0.007781031812009209,0.004537016773343902,0.038112151220553614,0.06373036863731446,0.018566092676889297,-0.01099493956970847,0.034130100376135085,0.0273106753755349,0.006541431376409033,0.0195117836816034,0.01763814539609391,0.03009312806638447,0.022339322586465343,-0.002085712926589098,-0.030566078025642974,-0.0501855980421982,-0.05563128767819867,-0.01653473802764809,-0.02782449146336719,-0.06030786987264045,-0.015130779796609038,-0.025862543930547766,-0.02660331427273622,-0.021213457396550443
2004-05-01,2004-06-01,-0.015067297622541956,0.012932892632920936,0.03442657350063311,-0.02108506028254833,4.041570550571334e-05,-0.039323266717916444,0.005826387938310083,0.004890619039203899,-0.014571364134143835,-0.034387003111529806,0.002473662150347729,-0.03146426857601861,0.004772379331050453,-0.0011341664807804422,0.009318808650138195,0.01458861031665274,-0.0022688562284252124,-0.0069925912665130124,0.014932294631643953,-0.008515581158428053,-7.74934911241601e-05,0.0690969872182333,-0.013242953085389335,-0.019727519672863767,0.02425389600617614,0.01029945463286066,0.007579126610956276,-0.015474845247226917,-0.01352172820690634,0.010572053922788871,-0.015067297622541956,0.012932892632920936,0.03442657350063311,-0.02108506028254833,4.041570550571334e-05,-0.039323266717916444,0.005826387938310083,0.004890619039203899,-0.014571364134143835,-0.034387003111529806,-0.015067297622541956,0.012932892632920936,0.03442657350063311,-0.02108506028254833,4.041570550571334e-05,-0.039323266717916444,0.005826387938310083,0.004890619039203899,-0.014571364134143835,-0.034387003111529806
2004-06-01,2004-07-01,0.015335588584164467,0.012577684795385229,0.04102114656585536,0.03958527910728793,-0.0007354264050606044,0.016067101104846524,0.017309086495512695,0.023741386717757353,0.0016904446282781256,0.03685463063574156,0.015335588584164467,0.012577684795385229,0.04102114656585536,0.03958527910728793,-0.0007354264050606044,0.016067101104846524,0.017309086495512695,0.023741386717757353,0.0016904446282781256,0.03685463063574156,-0.000515408000834031,0.003890987110420928,0.01748766171064016,0.007069212259340305,0.0007058568393654222,-0.013954767219458302,0.01279619665474225,-0.012960055003050173,0.0017733509942807666,0.0030684088386353425,0.015335588584164467,0.012577684795385229,0.04102114656585536,0.03958527910728793,-0.0007354264050606044,0.016067101104846524,0.017309086495512695,0.023741386717757353,0.0016904446282781256,0.03685463063574156,0.015335588584164467,0.012577684795385229,0.04102114656585536,0.03958527910728793,-0.0007354264050606044,0.016067101104846524,0.017309086495512695,0.023741386717757353,0.0016904446282781256,0.03685463063574156
2004-07-01,2004-08-01,0.015825025731888175,0.011316906034350108,0.028837433330439418,0.014695451465263793,0.030303175716372126,0.0033288945899741483,0.02646487044250923,0.0574708931361792,0.02958570330122255,0.004218550798403123,0.015825025731888175,0.011316906034350108,0.028837433330439418,0.014695451465263793,0.030303175716372126,0.0033288945899741483,0.02646487044250923,0.0574708931361792,0.02958570330122255,0.004218550798403123,0.015233605824090111,0.006856321174650225,-0.015110097622613795,0.0006987572730919819,0.0302257442822534,0.03010258213616988,-0.005210475563138547,-0.005217994630615135,0.06160525481742992,-0.009695048708624854,0.015825025731888175,0.011316906034350108,0.028837433330439418,0.014695451465263793,0.030303175716372126,0.0033288945899741483,0.02646487044250923,0.0574708931361792,0.02958570330122255,0.004218550798403123,0.015825025731888175,0.011316906034350108,0.028837433330439418,0.014695451465263793,0.030303175716372126,0.0033288945899741483,0.02646487044250923,0.0574708931361792,0.02958570330122255,0.004218550798403123
2004-08-01,2004-09-01,-0.003934571313178415,-0.02808287102757539,0.034017993965227214,-0.007724344168223636,0.0005092285621543513,-0.017706083188366507,0.0042294138078834915,0.0061864336999184096,0.0033828695313716265,-0.005056509941669403,-0.013093061588089306,-0.020618693217614288,-0.014962378760182688,-0.00575081945430964,-0.008736237254899639,-0.01514863472519419,-0.005483317432963134,-0.07331436201588941,-0.01627846879647242,-0.028587889555583577,-0.09136823494302268,-0.10579610093545057,-0.17283142678695018,-0.08956435629573817,-0.06470740007651243,-0.10200616881135814,-0.07580619449763676,-0.14116357242315364,-0.0443728913764133,-0.12631837224545614,-0.013093061588089306,-0.020618693217614288,-0.014962378760182688,-0.00575081945430964,-0.008736237254899639,-0.01514863472519419,-0.005483317432963134,-0.07331436201588941,-0.01627846879647242,-0.028587889555583577,-0.013093061588089306,-0.020618693217614288,-0.014962378760182688,-0.00575081945430964,-0.008736237254899639,-0.01514863472519419,-0.005483317432963134,-0.07331436201588941,-0.01627846879647242,-0.028587889555583577
2004-09-01,2004-10-01,0.014457727341992513,0.03325802402811258,0.0012350741127521696,0.027589524114497326,0.021300562823396423,0.02634678212134411,-0.0009981853746474827,-0.009162972205400192,0.01022006658955419,0.015716669481191374,-0.00026947152073650846,-0.006564590685786518,0.021321573003764596,0.010237905329566614,-0.007540243058114186,-0.016477594981722413,-0.010171897129594657,0.01555521002141995,-0.00380385875027305,0.014486954093971077,-0.011415103376897707,-0.03826875189106932,0.02815191748398547,-0.005018538632509421,-0.016346008643950506,-0.05536838516687752,0.033111486466086755,0.014708744730513265,0.009618510138893808,-0.023880215271598632,-0.07358962126267021,-0.0555953761421576,-0.08064267374811478,-0.0509745653184165,-0.07688627293901593,-0.12596970644222785,-0.06166996294592317,-0.07384475743406044,-0.047636184476082005,-0.06778237286548355,-0.00026947152073650846,-0.006564590685786518,0.021321573003764596,0.010237905329566614,-0.007540243058114186,-0.016477594981722413,-0.010171897129594657,0.01555521002141995,-0.00380385875027305,0.014486954093971077
2004-10-01,2004-11-01,-0.009728053231114203,0.0034785704558593453,0.002596073175351705,-0.005237713434100723,-0.006271778228022678,-0.019368735707310864,0.015178995800745346,-0.03342215298547962,-0.0075320308327676624,-0.011190539845730135,-0.009728053231114203,0.0034785704558593453,0.002596073175351705,-0.005237713434100723,-0.006271778228022678,-0.019368735707310864,0.015178995800745346,-0.03342215298547962,-0.0075320308327676624,-0.011190539845730135,0.045626791117140665,0.11725663491283234,0.008535177309515148,0.05446664626882022,0.06034566786741276,0.09428995815685695,0.05182543902860058,-0.0034097624153039416,-0.00982362525569496,0.06203541567356039,0.010398200196966795,0.04906065809857743,0.0005233649442115849,0.015719247564025214,0.028524207726410462,0.04636252855956792,-0.014252000680889183,-0.011205469019480415,-0.016709375724993064,0.020257129195722694,-0.009728053231114203,0.0034785704558593453,0.002596073175351705,-0.005237713434100723,-0.006271778228022678,-0.019368735707310864,0.015178995800745346,-0.03342215298547962,-0.0075320308327676624,-0.011190539845730135
2004-11-01,2004-12-01,0.008076602665536546,0.013265097058250004,0.03440028498184847,0.012890934414302325,0.004056252978845232,-0.001371873129674184,-0.008139909586448956,0.031433946702729455,-0.01968248669727511,0.015220768411138083,0.010306114151645032,-0.005808660882563502,0.0072100603725304795,-0.0006821408940833459,0.011051605642081897,0.03245141809354646,0.006824710059621566,-0.004012501825133,0.004827736610816839,0.013811677390104658,-0.02423386485326947,0.0008269046494814476,-0.00024003414676607507,-0.012071355204363934,-0.02154386959157619,-0.05733592188785644,-0.008792540725124573,0.021426865047823786,-0.05014261881450632,-0.021328729111194905,0.008076602665536546,0.013265097058250004,0.03440028498184847,0.012890934414302325,0.004056252978845232,-0.001371873129674184,-0.008139909586448956,0.031433946702729455,-0.01968248669727511,0.015220768411138083,0.008076602665536546,0.013265097058250004,0.03440028498184847,0.012890934414302325,0.004056252978845232,-0.001371873129674184,-0.008139909586448956,0.031433946702729455,-0.01968248669727511,0.015220768411138083
2004-12-01,2005-01-01,0.017925459383781463,0.009249008257987206,-0.023225253144675592,0.01216678021313643,0.035240802489620617,0.025247968427122156,0.04028857668840714,0.026323155503614942,0.04356369723167417,-0.005876347676251505,0.05376310914449376,0.09287958011172062,-0.03282626733918721,0.06673726693941673,0.06757240971984549,0.10367739578298633,-0.011264894069496654,0.0155105639041011,0.010726711817110216,0.05694853817937967,0.020777016449792324,0.06211711788837954,0.034173321568130834,0.0180682927779675,0.04492854650587507,-0.0006481498225088811,0.016123274198695747,0.055907700110236706,0.008365520910487756,0.010590298298493566,0.020777016449792324,0.06211711788837954,0.034173321568130834,0.0180682927779675,0.04492854650587507,-0.0006481498225088811,0.016123274198695747,0.055907700110236706,0.008365520910487756,0.010590298298493566,0.022918135820507224,0.09943695825397886,0.03551308493433389,-0.008001656243333303,0.0614876147321268,0.05807279381663267,-0.051714054991118565,0.05390529836036332,-0.015403018699201857,0.05721130176720897
2005-01-01,2005-02-01,0.003307429026181802,0.015356009440427431,-0.02016146418771038,0.00993592499738177,0.007569743407496289,-0.025992217593253514,0.0036472650340237823,0.01492774936448581,-0.0027877844786530024,0.027994821193967765,-0.08941549196245425,-0.061701024646766564,-0.10135621301297829,-0.07377675927995156,-0.13636688808025,-0.1783369849510377,-0.001363623485841103,-0.05725879074288469,-0.10921147807198615,-0.08174702442590673,0.003307429026181802,0.015356009440427431,-0.02016146418771038,0.00993592499738177,0.007569743407496289,-0.025992217593253514,0.0036472650340237823,0.01492774936448581,-0.0027877844786530024,0.027994821193967765,0.003307429026181802,0.015356009440427431,-0.02016146418771038,0.00993592499738177,0.007569743407496289,-0.025992217593253514,0.0036472650340237823,0.01492774936448581,-0.0027877844786530024,0.027994821193967765,0.003307429026181802,0.015356009440427431,-0.02016146418771038,0.00993592499738177,0.007569743407496289,-0.025992217593253514,0.0036472650340237823,0.01492774936448581,-0.0027877844786530024,0.027994821193967765
2005-02-01,2005-03-01,0.07400296988686256,0.11866724270166559,0.16032596846780256,0.061017232699598384,0.09531892048520611,0.0956419253719627,0.03470470522138251,0.07287106574496072,0.019990211552819628,0.09184768763763773,0.030894645289323047,0.022994414785351303,0.04589465141958089,0.029488340179574076,0.03969803401425228,0.044976330322347664,0.03214415698066397,0.04299803632537962,0.013013615768357576,0.01407976621031444,0.030894645289323047,0.022994414785351303,0.04589465141958089,0.029488340179574076,0.03969803401425228,0.044976330322347664,0.03214415698066397,0.04299803632537962,0.013013615768357576,0.01407976621031444,0.034360480166912906,0.05067244049516653,0.08909258688838004,0.03752568104229176,0.03716618214280864,0.013384646553554376,0.015732808830433747,0.06155561751124782,0.049121285704239966,0.017574611504350628,0.030894645289323047,0.022994414785351303,0.04589465141958089,0.029488340179574076,0.03969803401425228,0.044976330322347664,0.03214415698066397,0.04299803632537962,0.013013615768357576,0.01407976621031444
2005-03-01,2005-04-01,0.014157234512668836,0.019547133212885107,0.03251000919839289,0.01459690824010491,0.015594286366558801,0.007326331333602275,0.01349584161438358,0.02227819376275761,0.012396865847399258,0.008239762015795578,0.04615833752758871,0.1188796374306135,0.018420765279288105,0.03317448653467031,0.06498442347549913,0.12189525397704412,-0.04472302062349315,-0.013014782821796331,0.02587121764249803,0.05552823049173051,0.00021749494693868452,0.030110149313398477,0.00859951363727724,0.02244742208325238,0.010210237407438087,-0.027895920264297068,0.002094920702614814,0.014321735548400348,-0.013243763177165704,-0.0015975155854174037,0.014157234512668836,0.019547133212885107,0.03251000919839289,0.01459690824010491,0.015594286366558801,0.007326331333602275,0.01349584161438358,0.02227819376275761,0.012396865847399258,0.008239762015795578,0.014157234512668836,0.019547133212885107,0.03251000919839289,0.01459690824010491,0.015594286366558801,0.007326331333602275,0.01349584161438358,0.02227819376275761,0.012396865847399258,0.008239762015795578
2005-04-01,2005-05-01,0.029088732155224607,0.04417618484951244,0.09218449926003204,0.024862420457995395,0.030840049550227778,0.037102005671379557,0.01084968810373443,0.03804088548374249,0.012695644543639448,0.029111675097304127,0.021521768157613343,0.038833918672140706,0.020689725050130885,0.003088241527198136,0.06112243161986242,0.05938207100285564,0.007240108445043901,-0.007609421590853423,-0.003055014724293973,0.0007089785310527893,0.0056997371544006805,0.006874802696435414,0.03463025237609573,-0.012141025924916971,0.008135900092349843,0.019527060725782957,0.0029550328466843305,0.007291281432924604,-0.004747963090793312,0.0008837830357953497,0.0056997371544006805,0.006874802696435414,0.03463025237609573,-0.012141025924916971,0.008135900092349843,0.019527060725782957,0.0029550328466843305,0.007291281432924604,-0.004747963090793312,0.0008837830357953497,0.0056997371544006805,0.006874802696435414,0.03463025237609573,-0.012141025924916971,0.008135900092349843,0.019527060725782957,0.0029550328466843305,0.007291281432924604,-0.004747963090793312,0.0008837830357953497
2005-05-01,2005-06-01,0.027041809082928737,0.027929810275064484,0.051208228770906514,0.018003557459503643,0.016847180233867623,0.039570871655686304,0.01701662874659389,0.03587314287353464,-0.0074243713593771755,0.04730378391087224,0.02423712034058843,0.018324570408716365,-0.02718014602009503,0.04815401898925257,0.001700311821249322,0.032076030669830294,0.03461375536088408,0.035630919061292496,-0.0448716818127088,0.03202673424606099,0.027041809082928737,0.027929810275064484,0.051208228770906514,0.018003557459503643,0.016847180233867623,0.039570871655686304,0.01701662874659389,0.03587314287353464,-0.0074243713593771755,0.04730378391087224,0.027041809082928737,0.027929810275064484,0.051208228770906514,0.018003557459503643,0.016847180233867623,0.039570871655686304,0.01701662874659389,0.03587314287353464,-0.0074243713593771755,0.04730378391087224,0.027041809082928737,0.027929810275064484,0.051208228770906514,0.018003557459503643,0.016847180233867623,0.039570871655686304,0.01701662874659389,0.03587314287353464,-0.0074243713593771755,0.04730378391087224
2005-06-01,2005-07-01,0.01852759680456599,-0.005821526456014692,0.04169927710873793,0.01251073958335004,0.003359636811277166,0.016837267900372543,0.03853346122890532,0.04762799971145726,0.028523570088645426,-0.00970716500510711,0.01852759680456599,-0.005821526456014692,0.04169927710873793,0.01251073958335004,0.003359636811277166,0.016837267900372543,0.03853346122890532,0.04762799971145726,0.028523570088645426,-0.00970716500510711,0.01852759680456599,-0.005821526456014692,0.04169927710873793,0.01251073958335004,0.003359636811277166,0.016837267900372543,0.03853346122890532,0.04762799971145726,0.028523570088645426,-0.00970716500510711,-0.006531139812756867,0.02941885386245379,0.004178553962128618,0.01239007039713686,-0.00843992461368534,-0.027434055704438597,-0.007945799705688589,-0.03655478029824695,-0.017811843227722904,-0.013990999196978634,0.01852759680456599,-0.005821526456014692,0.04169927710873793,0.01251073958335004,0.003359636811277166,0.016837267900372543,0.03853346122890532,0.04762799971145726,0.028523570088645426,-0.00970716500510711
2005-07-01,2005-08-01,0.023405579376768428,0.026296687294941022,0.1198717798982697,0.015250446788827417,0.022039453954144462,0.01420415797528455,-0.00579165895231437,0.05686106669381037,0.026661156319672072,0.010426350390655042,-0.005259929266508608,-0.005982240339693003,-0.011182534711627473,0.01090366865110513,-0.010736829836640458,-0.03166943702478409,0.025477324613198578,0.03914242990556556,0.013284807160550936,-0.018703849376473358,0.018340534783646424,0.006054942704193017,0.04533769475082515,0.0033793725718743346,0.021902768637965083,0.04268786013994524,0.0006748797631914463,0.010756656746717809,0.015863129867882412,0.007354891016130761,0.018340534783646424,0.006054942704193017,0.04533769475082515,0.0033793725718743346,0.021902768637965083,0.04268786013994524,0.0006748797631914463,0.010756656746717809,0.015863129867882412,0.007354891016130761,0.018340534783646424,0.006054942704193017,0.04533769475082515,0.0033793725718743346,0.021902768637965083,0.04268786013994524,0.0006748797631914463,0.010756656746717809,0.015863129867882412,0.007354891016130761
2005-08-01,2005-09-01,0.012984045364255483,0.028992250828483425,0.04815573695640424,0.0049694339625765225,0.02410506837635154,0.0099113713227998,-0.0030183791513693735,0.022994799283300688,0.011168870047344875,0.004914964283514067,0.020150020920927072,0.015897815658667953,0.06731087519480347,0.011959097419558763,0.01713814261191243,0.03936165690144527,0.0025229705360660997,0.024669599683943236,-0.0013240777825442376,0.026178210021320758,0.020150020920927072,0.015897815658667953,0.06731087519480347,0.011959097419558763,0.01713814261191243,0.03936165690144527,0.0025229705360660997,0.024669599683943236,-0.0013240777825442376,0.026178210021320758,0.020150020920927072,0.015897815658667953,0.06731087519480347,0.011959097419558763,0.01713814261191243,0.03936165690144527,0.0025229705360660997,0.024669599683943236,-0.0013240777825442376,0.026178210021320758,0.031982502779759336,0.03334650782805961,0.03339199951869075,0.03091215673446538,0.037023225824685944,0.06292987978196697,0.020059846748879052,0.01604664012107062,0.004409916377953998,0.048775452813110264
2005-09-01,2005-10-01,0.0047710341917558356,-0.016888530360917905,0.06945674193720239,0.004552902082799321,-0.012281361081316996,0.0048495545381021035,0.005710262383045136,0.04125983544779594,0.004069079618163359,-0.02761739645428173,0.037901228528048864,-0.005673851819681053,0.03190139478843879,0.027829465263172006,0.013648692965805405,0.10520390778549026,0.004227458100372262,0.028656773885683377,0.02838610282832653,0.045512118180811745,0.037901228528048864,-0.005673851819681053,0.03190139478843879,0.027829465263172006,0.013648692965805405,0.10520390778549026,0.004227458100372262,0.028656773885683377,0.02838610282832653,0.045512118180811745,0.03678858562313744,0.05946813851407508,0.10613812820460887,0.0218289825122783,0.05022711177545028,0.060269988801294666,-0.011244191828743522,0.02674829252142256,0.002583265383979921,0.04748026279655582,0.037901228528048864,-0.005673851819681053,0.03190139478843879,0.027829465263172006,0.013648692965805405,0.10520390778549026,0.004227458100372262,0.028656773885683377,0.02838610282832653,0.045512118180811745
2005-10-01,2005-11-01,-0.0034399649737154704,-0.006943423853224937,0.05957472660792682,0.006504369535469575,-0.007752782547577688,-0.03847682705868722,0.01480491964263905,0.025385669433214443,0.011869324700501845,-0.0214163116478088,-0.04110910421197519,-0.06273570518564757,-0.034339191145303906,-0.044693149699488136,-0.03374270634568281,-0.052073360409938645,-0.03939853687154132,-0.0020132011789980656,-0.06334273872732844,-0.031868810391144954,0.01944123276078925,0.03600753089439336,-0.010888860225127594,0.014265119918423837,0.015925772333512302,0.01907652272078832,0.015618165055968638,0.007964524055389652,0.023269629948804087,0.027112473436760057,0.02991995148697224,0.02633949665393869,0.0765632722742231,0.023695844027298973,0.03171574346511088,0.050441451837457976,0.017788070954277587,0.08880141731946684,0.017872498214678945,-0.0003555305088003072,0.02991995148697224,0.02633949665393869,0.0765632722742231,0.023695844027298973,0.03171574346511088,0.050441451837457976,0.017788070954277587,0.08880141731946684,0.017872498214678945,-0.0003555305088003072
2005-11-01,2005-12-01,0.008803567566306843,-0.008476747510561185,0.08654530383425707,0.002259388207053752,0.0034877399707022774,0.008788962855806562,0.004223291980961707,0.022002424016975265,0.006099060263070678,0.013499706687529076,0.02103412505376231,0.01134170967605961,0.061460295931765954,0.00881201316774191,0.030055110325283872,0.003227221880061253,0.037435744159689324,0.0727279384618551,0.011672262025996635,0.021823478824668778,-0.04027096841922475,-0.053138341953690826,-0.06632360467529574,-0.04301519245987879,-0.027948205792859306,-0.051546505381083234,-0.025196746536400708,-0.004852740540175475,-0.04748820849274503,-0.040650280711609796,0.02103412505376231,0.01134170967605961,0.061460295931765954,0.00881201316774191,0.030055110325283872,0.003227221880061253,0.037435744159689324,0.0727279384618551,0.011672262025996635,0.021823478824668778,0.02103412505376231,0.01134170967605961,0.061460295931765954,0.00881201316774191,0.030055110325283872,0.003227221880061253,0.037435744159689324,0.0727279384618551,0.011672262025996635,0.021823478824668778
2005-12-01,2006-01-01,0.026515071880890265,0.014532267903073609,0.022948847230702143,0.026926290219516216,0.021914230066113503,0.04803148633198907,0.013391346328399166,0.0146933219594576,0.017285279292222948,0.04099794776581943,0.01810593333350791,0.03203074453212909,0.03092210692042833,0.014332665541722897,0.03139519081338307,0.02057620544208919,0.003889587845656528,0.021837182295721503,0.0060053606818272895,0.0185941375949724,0.009373994492997393,0.008638868439054554,0.057558000861976856,0.004563030500727694,0.0006649331766495452,-0.0005048714974172758,0.005717594490920586,0.0346876632131424,0.010592379058205183,-0.0010544376771950944,-0.003124433643715934,0.0015619826195811,0.013564469856627664,-0.0012937517294748348,-0.006459977917730227,-0.0008320059923424899,-0.011789682630286702,-0.013901959452547016,0.0041510524299994,-0.013900176225470233,0.008423741017056277,-0.01636587353301006,0.04351207468745606,0.015366528824422897,-0.006151237369118896,0.00918781469158813,0.011370869074373107,0.024952830968095294,0.006581736571848566,-0.006488946354297074
2006-01-01,2006-02-01,0.0023373585514463845,0.009234198245255003,0.033371762096403995,0.011642178230523256,-0.004528431351819606,-0.02724672151700251,-0.0011272813376053611,0.03157916610002499,0.017750018554222504,-0.00560688081902268,0.011387605779434692,0.0037741594740778152,0.05131169781109218,-0.0014556195750811338,0.012686581817801345,0.0192485288382388,0.011569519572386633,-0.004706516487301943,0.010609955499515277,-0.009214001564397925,0.011387605779434692,0.0037741594740778152,0.05131169781109218,-0.0014556195750811338,0.012686581817801345,0.0192485288382388,0.011569519572386633,-0.004706516487301943,0.010609955499515277,-0.009214001564397925,-0.013738678625282615,-0.024692776398966124,0.060724073802274924,-0.031929792597119436,-0.01648572868154298,-0.01647400532882064,-0.019387941795851345,0.02139790561127414,-0.017465390957489245,-0.027529686586284473,0.017173946358932764,-0.014049383978001668,-0.03021363299199261,0.04211245405841174,-0.006939502529634067,0.0011365038429180718,0.04928001315898986,0.00617040438520478,0.04693198441360129,0.007180429696931725
2006-02-01,2006-03-01,-0.00840643333845095,-0.016743644965744472,-0.016353729119735032,-0.015340009406179281,-0.006169644454454119,0.013175335489646608,-0.02063716841700352,0.03387194817931863,-0.026792998418698623,-0.00019534768271464633,0.011452336594378637,0.029835027121803772,0.07997895166062849,-0.006724953927180619,0.027226234152171652,0.013594598147269384,-0.0077483271988056275,0.020947402481193287,-0.0008968071919296765,0.009584986982825316,0.02572661801911763,0.03093885410333487,0.04929724550098341,0.029889777057909076,0.02566563345915083,0.05401572529131093,0.0026634666067082953,0.03002316021182138,0.012488174935204642,0.012572169031360386,0.0093198529176561,0.018602904471073878,0.037391917540362044,0.014677337045695281,0.009269088195084063,-0.0024879528652327174,0.0017283275692696358,0.03101000795811684,0.012932114636956869,-0.0016707332933107097,0.02572661801911763,0.03093885410333487,0.04929724550098341,0.029889777057909076,0.02566563345915083,0.05401572529131093,0.0026634666067082953,0.03002316021182138,0.012488174935204642,0.012572169031360386
2006-03-01,2006-04-01,0.008267617080868282,0.011027198076188375,0.0006616825143015148,0.010168581616632155,0.007589103650079602,0.006063648737504012,0.005959262313966344,-0.0015606719327659795,0.005524072023123548,0.010115369724543148,0.008267617080868282,0.011027198076188375,0.0006616825143015148,0.010168581616632155,0.007589103650079602,0.006063648737504012,0.005959262313966344,-0.0015606719327659795,0.005524072023123548,0.010115369724543148,-0.001591004965007515,0.018945916550524813,-0.02953815753637421,0.003869370862468899,0.005688907112925199,0.018403348295195732,-0.007994760276746,0.0034014973421492307,-0.03326745011600164,0.014927633464428975,0.01952392589756388,0.02239619102020171,0.04348863526081118,0.010091869289972234,0.023069263926671683,0.03513767600007887,0.010446696419297893,0.0019312758288965804,0.010529650998381487,0.0261209749044806,0.0008418528982874866,0.009796780866314678,-0.009689476975805383,0.013114749168181599,0.0014032999450677656,-0.02274339093887027,-0.003951529541506874,0.018862020783309574,0.007363225106470403,0.00021629893490294648
2006-04-01,2006-05-01,0.003866882612314035,0.015337478229056872,0.010977141832335498,0.006152393910474794,0.015743136173205934,0.006998014611718078,-0.008049309718364227,0.0146557812303698,-0.010248922845141662,-7.0846988184106e-05,0.022228302186903758,0.03131929843271827,0.03965497042706167,0.02168142447506306,0.02604564252689915,0.031101584159797975,0.007494484980143977,0.0175456727467862,0.012319418928260002,0.015123764166708149,0.00883151204178613,0.029967382521065525,0.011956916631304,0.020592029190871906,0.011939476183936364,0.004952734787976672,0.005791678129534682,0.0017813650821934396,0.011369363858099642,-0.01070899610052636,0.012287626594592945,0.027865729778703583,0.05310301566149724,0.023532742673850776,0.027983978910342086,0.004985166179310715,0.007267500525330798,0.0006177509651796066,-0.028809140336154435,0.016970030614763775,0.00883151204178613,0.029967382521065525,0.011956916631304,0.020592029190871906,0.011939476183936364,0.004952734787976672,0.005791678129534682,0.0017813650821934396,0.011369363858099642,-0.01070899610052636
2006-05-01,2006-06-01,0.0013822617993668827,0.00021775437307516854,-0.009255633715790058,0.008285184505573086,0.009960192821327655,-0.001416612875228623,-0.00808655054801189,0.0159149274366829,-0.018467349111434862,0.006938474259283076,0.024307804586058197,0.03650445304039955,0.07977042851815924,0.02508925186551928,0.029839867104475643,0.03528085000421153,-0.0022123967303148894,0.011815768860091377,-0.01560837572347041,0.036354638660360636,0.016529327654975223,0.027353088555408866,-0.008289691156969554,0.03489211437592122,0.016402270517556366,0.02997723079851524,0.016037447074793376,-0.008046826176687819,-0.003083684632741234,0.01937908126611788,0.003724877093014894,0.012663774848143298,0.039054059243020404,-0.005926481222783117,0.021503780931314054,-0.001437784399575542,0.0060616026920492835,-0.0074558032157672,-0.0001689183789445759,-0.0066404555877890925,0.02171794159199219,0.031377973907724954,0.0018950220107673763,0.03364686445671274,0.026982218757682364,0.01575953264051061,0.011433417737654248,0.0005831330636474914,0.0176420788587468,0.026576609530798545
2006-06-01,2006-07-01,0.013902161068534523,-0.017834057421499756,-0.050522499468975066,0.024578495615665587,-0.00623211825026471,0.0019370197254429018,0.03126822412423186,0.0065821771963464224,0.05421779099334827,0.004977372660738173,0.0006522381350339487,0.006022394151228842,0.01161057458040796,0.013540178593891197,0.0029185430700701225,-0.022065528266431888,-0.0029536291036836126,0.014137283030238769,-0.0019505322132220872,-0.002942583066260678,0.003075741401308449,0.014884327602693103,0.04358345413743345,0.007420713119817603,0.002123197515999306,-0.021838232218344213,0.012331973395633666,0.007944175666688473,-0.001892140693686208,0.0064830870642007205,0.003075741401308449,0.014884327602693103,0.04358345413743345,0.007420713119817603,0.002123197515999306,-0.021838232218344213,0.012331973395633666,0.007944175666688473,-0.001892140693686208,0.0064830870642007205,0.018828444772378418,0.014317004187774488,0.037724097191018185,0.01924802618636543,0.03239755183788372,0.04368753436942008,0.003417290384348129,0.014800284654235128,-0.009743130252212365,0.027045926825395823
2006-07-01,2006-08-01,-0.00923854893089928,-0.008827181933174454,0.028972684719840734,-0.0038739351918787375,-0.01376528329652801,-0.026784508712729645,0.007450231833096149,0.029248808961668628,-0.00441415365942065,-0.03482957571992555,-0.00636274876619327,-0.02334036131845671,-0.0023271601407575913,-0.008954631159065416,-0.013198794968926994,-0.012711749231717572,-0.0029915084501424306,0.015383571055592068,0.001936307281840115,-0.006598926100873243,-0.00636274876619327,-0.02334036131845671,-0.0023271601407575913,-0.008954631159065416,-0.013198794968926994,-0.012711749231717572,-0.0029915084501424306,0.015383571055592068,0.001936307281840115,-0.006598926100873243,-0.01063208398712463,-0.017035743756161677,0.048248491090192316,-0.003704111633079401,-0.015165296599512735,-0.040601100532636644,-0.00498366394968869,-0.0013528180089860606,-0.019057645695229167,-0.022750808409078668,0.017290583268302042,-0.00819118534098355,-0.049192852927343655,0.028017109898339648,0.02929349525568615,0.04593608330520611,0.015587828257461318,-0.0005331929473275411,-0.009609610680387896,0.0388645279211703
2006-08-01,2006-09-01,0.005983991653379373,0.00507592479516038,0.049809603665308747,-0.0005971304871751106,-0.023490417338540164,-0.012576767786200236,0.020937073843855764,0.028512997525745397,0.014601704233115461,-0.0063191414759729975,0.015114339468828952,0.03339269796036083,0.01818812008496666,0.017952452885005427,0.024861921846659963,0.007929055634272984,0.024544588773899246,0.020777403295999045,-0.008553886679799238,0.02915018775663571,-0.021520336010490228,0.01282521886737423,-0.027789430538923743,-0.001877681310121419,-0.0319190271223447,-0.0635955645659152,0.025509859249997442,-0.001004425276031437,-0.05509753105745105,-0.0002784116609137969,0.024564072409951412,0.04577339009724435,0.007972625630059477,0.02744777798215616,0.02430218221322452,0.03064000915368065,0.02189924640137789,0.01897103142420458,0.0044180393040006575,0.03756305128019281,0.058405361158801336,0.0820570303358368,0.015023196635049405,0.07059774836436894,0.06299680388590959,0.0996257805976039,0.04074319697352867,0.014533053747259083,0.020819248541941157,0.08770752007979671
2006-09-01,2006-10-01,0.02618310647300076,-0.009866986795509796,0.022174801366817494,0.03713695940526718,0.004233401323402455,0.03285299507249716,0.04695805818412448,0.03721462587778362,0.01846657643218437,0.03267496043950858,0.002454726091957287,0.027847822349114704,0.07789306695294562,0.0009131847039745037,-0.011937177165582968,-0.01599105255386802,0.012732532200455851,0.021707863391214444,-0.028942466454694206,-0.002439875993096698,-0.003026021829774071,0.019516835072904585,0.0407442149941325,-0.013577279433726065,0.016655713107418937,-0.03120277857749104,0.00816529594790108,-0.019181537344717718,0.020666012442538056,-0.017611370755261396,0.011294834422650224,-0.014005241028952183,-0.07481091054372851,0.04008628371431984,-0.0009935850407816194,0.01520157274387983,0.02815496640306038,0.008201105736274073,-0.005950649931111215,0.027722653152224525,0.02803344593391526,0.01782447126796402,0.0069681302345726975,0.034254726139055815,0.007691856645761511,0.022457489292498342,0.03261846488376908,0.031023539949208832,0.0378491015495092,0.033520917209542284
2006-10-01,2006-11-01,-0.003479777309989251,-0.007630790442762419,0.08515576074064155,0.014227667551443803,-0.0046736973135991094,-0.027663405671716802,-0.020689110501605875,0.007609980056510642,-0.04879263186245279,0.012907936876477968,0.0256015057345709,-0.020354124910280727,0.10216293900054377,0.0159323140968776,-0.04079580919389342,0.01677215577256476,0.015391818003476474,0.04073844799054113,0.06172173205283827,0.004206085693324213,0.02115757183256642,-0.010737411545139968,0.01451181103738132,0.021212313915368042,-0.008076893525139598,0.021898039263092403,0.018105955023983104,0.05678932033479213,0.02533079956167199,0.028668475448285935,0.004188320298231677,-0.013315496655553233,-0.008571429501233737,0.009544395011210094,-0.01092665769091631,-0.0037147178668092556,0.027822515699991744,0.02381892722890719,0.00392642821333543,-0.00422982029755439,0.029828430722768903,0.07965358844143752,0.09623759360237961,0.037744359137636574,0.020095465213572784,-0.004064864145501293,0.05063051058782736,0.03324629826598996,0.026646954599780965,0.024157189744132102
2006-11-01,2006-12-01,-0.018990025451139876,-0.037501956676531806,0.04218087387453625,-0.01786614985076916,-0.041758086688355206,-0.0469797539556377,0.007000907250082915,0.04971472663946752,-0.015480059927076751,-0.03584682555225672,0.01699624256660462,-0.007821444775087165,0.04790695105425987,-0.009409686884198184,-0.009833233452826697,0.016201587637806183,0.013164446504132482,0.0032330527093750224,0.06027900925810892,0.006364591569489549,0.026441131092036475,0.03932454746846991,0.057325751895776114,0.03429809112173966,0.03099909367604358,-0.01051423932335214,0.03606147876793672,0.03384809308138215,0.014826525573163368,0.03930738557218856,0.008193526725059677,0.011676086842250907,-0.04027725226161531,0.006035218106460073,0.01108863593510736,0.017988134293447977,0.012758333616881463,-0.01499298080080744,0.008273246382882155,0.025516145201044133,0.008193526725059677,0.011676086842250907,-0.04027725226161531,0.006035218106460073,0.01108863593510736,0.017988134293447977,0.012758333616881463,-0.01499298080080744,0.008273246382882155,0.025516145201044133
2006-12-01,2007-01-01,0.004607003812349138,0.005963963838274938,0.005983138921299715,-0.0013702461497017851,0.013504079008132863,-0.004130036050695233,0.007694532557186386,0.041334491491894707,-0.019822078035133646,0.03527055327410138,0.026296077408282464,0.012564764599850198,0.018322137664535713,0.026761032047896448,0.03689246083504971,0.04332895768226161,0.029554274913865718,0.005448477140949507,0.02455343157184371,0.03617581323323561,0.017035147297429738,0.01744498742707514,0.00760100869589167,0.017209678731981926,0.02389165145709369,0.023978753171046023,0.019380154507632905,0.012740318519313096,0.004355880185599181,0.03832446283663786,0.017035147297429738,0.01744498742707514,0.00760100869589167,0.017209678731981926,0.02389165145709369,0.023978753171046023,0.019380154507632905,0.012740318519313096,0.004355880185599181,0.03832446283663786,0.017035147297429738,0.01744498742707514,0.00760100869589167,0.017209678731981926,0.02389165145709369,0.023978753171046023,0.019380154507632905,0.012740318519313096,0.004355880185599181,0.03832446283663786
2007-01-01,2007-02-01,0.006194986902539503,0.02353759458837779,0.031003926097954562,0.024100977880386832,-0.004544642679752469,-0.016231324733526335,0.027893560805215552,0.025363114874236516,-0.0096702007339548,-0.000180355153643931,-0.006561354156125085,-0.025044871054276337,0.040797229513820484,-0.014622714679625226,-0.016424284336029944,-0.021040455350162097,-0.007734710179348249,0.039220963487423884,-0.006937491029752607,-0.004561125722763587,-0.006876394733782125,0.01376823455923143,0.04512625604206931,-0.022684810844155644,0.019296265020135674,-0.028956428498956806,0.00084871997835836,-0.030157788595358833,0.001408385531636601,-0.02011795366620114,-0.009899456039301466,-0.02040460088121597,-0.04753491857303018,-0.00441975157820295,-0.004576808452002441,0.0102014601886181,-0.0006307483750460207,0.009231400659195838,-0.05734069934838898,0.017991983066140627,-0.016514060050457923,-0.053074926485704804,-0.0024346909869852294,0.002808425706479484,-0.045220661349728554,-0.04828636416973074,-0.004611931770087057,0.043149168880349545,0.009502934545702441,-0.05054399673404021
2007-02-01,2007-03-01,0.01960134571344135,0.03479594121029364,-0.00170824606335878,0.017368179953286458,0.017766384742502687,0.030047906777616325,0.023606669697748054,0.008837484183489553,0.012031822652065446,0.026662868408467322,0.00022967212726810078,-0.014142243763607535,0.06396838549914924,-0.0066806958647813676,-0.0014234134283716178,-0.01098139996600572,-0.0018066499879097926,0.02201470808062002,0.0028792989796675474,-0.0021652522318345436,0.0065608051290941116,0.002281999827654815,0.0229431639433178,0.014537759417587986,0.010136173677235422,-0.0037869675363717166,0.0036460982384821155,0.016291024203354272,-0.01607389797171981,0.013016241504195076,0.015704841837041378,0.019364077273503276,-0.04673462646480438,0.03171916644237381,0.02467484171648477,0.012796252724664678,0.02124939344324348,0.014662691503897438,0.0005846048276637872,0.026774049332618607,-0.003924684212651514,-0.032972861389162916,0.04114931650720129,-0.005974870459069954,-0.040065715498569195,-0.025417784320220033,0.0029075865584906766,0.0389826733984433,0.026335404621083573,-0.03951986724940964
2007-03-01,2007-04-01,0.007856412440821511,0.011507149289943897,0.0010459662603631292,0.015280589685223812,0.016071577346014932,0.008602317391011357,0.00023298125867902628,0.020895821840431178,-0.016474518392689323,0.01758349588000631,-0.008105290765325079,-0.029145204667494807,0.03160784212211033,-0.0029487893023043693,-0.04176579174393273,-0.03986748722044072,0.010868854996160951,0.03826936909466572,0.018045406272260166,-0.034399323042645764,0.011684933914966514,-0.0030602200876139046,0.02459797146657506,0.002761845780088498,0.004667823857660203,0.016565740598873988,0.012500113521230594,0.0415448912206923,-0.0047477246710290934,0.027439819457191233,0.002523895031900954,-0.007923725928260076,0.05432963936539068,-0.001785689469414065,0.02149036410592146,-0.018295028886088173,0.017705017360236178,-0.006386648927961404,0.0037693337232833943,0.009256671262249553,0.016787031750741744,0.014973267842177488,-0.0127117404946685,0.01362115479908838,0.02407295018647132,0.03005498056254617,0.018154002817256504,0.023846507209333262,0.009593284521020175,0.03339499657616941
2007-04-01,2007-05-01,0.015254029678288449,0.03314351022281599,0.02308573124020206,0.007395650858332048,0.012490751714234642,0.009626139755819716,0.01972014289707885,0.03635797350176604,0.012700648006405614,0.02531375073304319,0.01873478831396146,-0.005344384881836389,0.018860864040246846,0.020914157616848873,-0.03222491326985077,0.007756013071476792,0.015604173682572662,0.04102768168160621,0.0565943585810574,-0.007911757472747064,0.024870729815092342,0.005904929048283836,-0.031149465939352708,0.021124908038994628,0.008357217510740715,0.016417820932245343,0.03549103135455763,0.010003260779696729,0.06177772984469139,0.023937192038749347,-0.026446048375630495,-0.042272365643420816,0.08486329238414403,-0.029748142187967078,-0.0324062279763366,-0.08420716467811676,-0.013245216698068068,0.03438882469203715,0.005769725048391088,-0.04626761052051826,0.01797239735916891,0.023075013028793064,-0.01278348794434608,0.01373839893856758,0.027126666067410966,0.005141321800666133,0.044760259200405876,0.05043273886225268,0.0022746865986234942,0.05940480073454287
2007-05-01,2007-06-01,0.010503230475239985,0.015018601682637769,-0.006400093883052391,0.014144912551834903,0.00642954704920534,0.0062743490447973675,0.013532736591296543,0.016771187974420086,0.01582240031342124,0.008211917090029114,0.011841900306269998,-0.006273532973923407,-0.03505734749747426,0.015411869243478999,0.003765794503089281,-0.0011518178068069904,0.018127913958891136,0.014540896171386528,0.04508558086912203,0.002479493257497035,0.020300480712862244,-0.009459413310064148,0.012154715279709665,0.03361764744334074,-0.028660211861815693,-0.003957115729043973,0.021197363715681226,0.04209758419918515,0.061610268349887906,-0.003562840006684909,-0.017548111702623437,-0.036234830824047444,0.05354512668741124,-0.025924635739838157,-0.014869495489556859,-0.052818977839412806,-0.00028620546300229047,-0.0013670396276568852,0.006050450835020265,-0.0250025881582765,0.018346333218594878,0.003884846515686404,0.04315154200273634,0.02775946157180277,0.004981814861033844,0.0011740086517850771,0.03757237874779958,0.028078930097285716,0.02512774609822599,0.010271356895208283
2007-06-01,2007-07-01,-0.0006245255494272024,-0.03924136157384231,0.022815840588852523,0.0028229398569073636,-0.03855059971884756,-0.043116956139640596,0.01667102766025158,0.027027086128215732,0.06047788662429753,-0.03664322034083638,0.008759396067000292,0.019718429706019728,0.0031714662293667283,0.008755842861024706,0.014189838549254274,0.009585327401303584,0.00786100067049147,0.010287344692016037,0.011623676510769194,-0.005240899360125305,0.007634462738899572,0.017974511558218206,-0.013231002024187435,0.006260080818958697,0.01859937609535191,0.006293819992427063,0.009508304021480219,0.010923225323239515,-0.005219263385254543,0.018223869547739448,0.008759396067000292,0.019718429706019728,0.0031714662293667283,0.008755842861024706,0.014189838549254274,0.009585327401303584,0.00786100067049147,0.010287344692016037,0.011623676510769194,-0.005240899360125305,0.002374893751064296,-0.0506509444021144,-0.03162265302056531,0.01633327493048505,-0.0030459544584412563,-0.011164758903654327,0.017368939698961604,0.03868986378181258,0.015892281746499953,0.004785987615843795
2007-07-01,2007-08-01,0.00888771034118051,0.018085372886397614,-0.008504596330402667,0.002680399855326059,0.012277600125509365,0.017621249051880845,0.01449357912743139,0.022621802492742465,0.0026503318995230664,0.009516364367875334,0.00888771034118051,0.018085372886397614,-0.008504596330402667,0.002680399855326059,0.012277600125509365,0.017621249051880845,0.01449357912743139,0.022621802492742465,0.0026503318995230664,0.009516364367875334,0.007529534063368033,-0.03901550614258781,0.012396523656245335,0.0073038483378660615,-0.03839247713546527,-0.011056666813180285,0.002230217747075561,0.03699883228437573,0.038535689943079425,-0.010357463481929776,0.013367102153043086,-0.0009090497051349854,-0.020244198574671628,0.036265547258017145,0.0005712259014083159,0.0016919123983505794,0.035458652407460406,0.02355899234249073,0.02438056245857221,0.006690189465662334,-0.005890129948761898,-0.02684187034249856,0.05745988048885173,-0.01783993599793166,0.0027954586894793562,-0.018863821971742877,0.0034677593681249723,-0.004121220856856657,0.0014440581025136024,-0.008530963153747444
2007-08-01,2007-09-01,0.0071244477917595415,0.032535328142067096,0.06625782052927433,-0.012151018847289134,0.004131967272190142,-0.01693683655324842,0.030944127362987905,0.006314473699250714,0.018202944619982744,0.016846110704127597,0.03394419475187765,0.028589133636346464,0.05678799100450352,0.019882831347421703,0.024713740338083212,0.05471313495626522,0.02190711973060742,0.010929879559406504,0.028718799803801286,0.03755225080306247,0.036065162369249296,-0.020684542351437143,0.015505223613324806,0.06607563646079287,-0.0338607845112569,0.013789167360575196,0.028452539072258948,0.05776706224985093,0.07081484999552347,0.015520943008646582,0.029877055219536316,-0.04862429161563732,0.02904527409048617,0.043287700884203625,0.0151479349966766,0.024944646162062455,0.03203017068296137,0.029308220670957248,0.05403048526207013,0.018565464092521092,-0.007797909572207768,-0.03750590074682091,0.08590757778444144,0.0012110408491313382,-0.028773781678436333,-0.026307290506709827,-0.020611501077223773,0.05004600340881235,-0.016686792765926786,-0.010398164044942995
2007-09-01,2007-10-01,0.029806044616235258,0.029436167647039827,0.04371117807915517,0.02088156393879219,0.029074735063362785,-0.0020448056457484393,0.04723035121990894,0.02299461579171007,0.05023493922258867,0.04618737491545901,0.012454397814260412,0.02717863742677794,0.018633387954253514,-0.004303720902393421,0.024321259603493066,0.016177255577414992,0.00605096420554043,0.01315852616847277,0.010271761985237465,0.0057542265996349765,0.011016268623905222,-0.01170040194495864,0.0008161994188863042,0.0020174423277511833,-0.011426645012321232,-0.0006703732944183414,0.00033892147860917557,0.020717830278704434,0.045148175215705896,-0.0021223785468650613,0.012454397814260412,0.02717863742677794,0.018633387954253514,-0.004303720902393421,0.024321259603493066,0.016177255577414992,0.00605096420554043,0.01315852616847277,0.010271761985237465,0.0057542265996349765,0.012454397814260412,0.02717863742677794,0.018633387954253514,-0.004303720902393421,0.024321259603493066,0.016177255577414992,0.00605096420554043,0.01315852616847277,0.010271761985237465,0.0057542265996349765
2007-10-01,2007-11-01,-0.01888396616313175,-0.07980845727187644,-0.021582909977548977,-0.012665546548098244,-0.0694767818027322,-0.040770321850877325,-0.01703831110087996,0.03436992342075744,0.0025008926658756665,-0.03487236022655094,0.005858712889738897,-0.0016948140769272087,-0.013365987325169457,-0.00819382981435337,0.00971317876251525,0.025324201318692313,0.014543961073546767,-0.0037039320515428395,0.010725036862696408,0.00046142010754553816,0.005858712889738897,-0.0016948140769272087,-0.013365987325169457,-0.00819382981435337,0.00971317876251525,0.025324201318692313,0.014543961073546767,-0.0037039320515428395,0.010725036862696408,0.00046142010754553816,0.005858712889738897,-0.0016948140769272087,-0.013365987325169457,-0.00819382981435337,0.00971317876251525,0.025324201318692313,0.014543961073546767,-0.0037039320515428395,0.010725036862696408,0.00046142010754553816,0.032614017360430736,-0.014727471871128526,0.052329829469582326,0.05566693746697509,0.01704277202032538,0.015581870650119466,0.05806357372054488,-0.01981625827809623,0.06923080965809532,0.00781330760875598
2007-11-01,2007-12-01,0.009642930381683477,0.01518673340459117,0.024469309558244733,-0.024659761716237384,0.006242859625782412,0.023595691575759033,0.022713628732258843,0.019582087368365256,0.022200971587235704,-0.00205512170183919,0.009642930381683477,0.01518673340459117,0.024469309558244733,-0.024659761716237384,0.006242859625782412,0.023595691575759033,0.022713628732258843,0.019582087368365256,0.022200971587235704,-0.00205512170183919,0.013756823451460171,-0.01912889996547952,-0.009510929157679648,0.029387555020528908,-0.03414531312871862,-0.017636344501379655,0.022432982279230955,0.03753746410515091,0.05619956484191589,-0.006142312224177476,0.009642930381683477,0.01518673340459117,0.024469309558244733,-0.024659761716237384,0.006242859625782412,0.023595691575759033,0.022713628732258843,0.019582087368365256,0.022200971587235704,-0.00205512170183919,0.017839326341192167,0.04197525593766282,0.06371937541040988,0.036144619331777185,0.006253394930741009,-0.03272557854509267,0.06251885212610513,0.025082240240142453,0.0013652043598776295,0.03597988983072322
2007-12-01,2008-01-01,-0.010720646111625395,0.011834675585778685,0.014728339675849085,-0.04220227458929358,-0.0032072319592403135,-0.006729782290703729,-0.0012029721996626485,0.02469753131847452,-0.007279799768161262,-0.042949696880620156,-0.010720646111625395,0.011834675585778685,0.014728339675849085,-0.04220227458929358,-0.0032072319592403135,-0.006729782290703729,-0.0012029721996626485,0.02469753131847452,-0.007279799768161262,-0.042949696880620156,-0.010720646111625395,0.011834675585778685,0.014728339675849085,-0.04220227458929358,-0.0032072319592403135,-0.006729782290703729,-0.0012029721996626485,0.02469753131847452,-0.007279799768161262,-0.042949696880620156,-0.010720646111625395,0.011834675585778685,0.014728339675849085,-0.04220227458929358,-0.0032072319592403135,-0.006729782290703729,-0.0012029721996626485,0.02469753131847452,-0.007279799768161262,-0.042949696880620156,-0.02715798784095322,-0.1122909191972591,-0.051656052957713576,-0.01582435396794926,-0.09937325709362779,-0.08448796355507864,0.004030548456462082,0.05281718000495063,0.033949529303966615,-0.050621856758387845
2008-01-01,2008-02-01,-0.008478987559825875,-0.0043688210694236874,0.0033109052718310293,-0.034378325823067685,0.0006242748059756501,0.008303841309910333,0.0005721547345074992,-0.001032478753897427,-0.008667935797209975,-0.012412869871772347,-0.008478987559825875,-0.0043688210694236874,0.0033109052718310293,-0.034378325823067685,0.0006242748059756501,0.008303841309910333,0.0005721547345074992,-0.001032478753897427,-0.008667935797209975,-0.012412869871772347,-0.012064270768861267,-0.030659892019064737,0.07462541470139446,0.0005726464609638118,-0.03995670573289528,-0.033361856207812346,-0.0019411258600750677,0.02968470599442399,0.0015136259750168906,-0.031095465485822663,-0.008478987559825875,-0.0043688210694236874,0.0033109052718310293,-0.034378325823067685,0.0006242748059756501,0.008303841309910333,0.0005721547345074992,-0.001032478753897427,-0.008667935797209975,-0.012412869871772347,0.013103168062585392,-0.04151686267318429,0.0013111567851602363,0.027263152826875317,-0.04001756753649515,0.0015838939008578883,0.007055847945957377,0.03775349632676252,0.0302823455763051,-5.358002078773537e-05
2008-02-01,2008-03-01,0.058127872118642815,0.08079928776850591,0.10905539197582902,0.05771357953887637,0.06148375737915972,0.09495125558084447,0.01512872558205563,0.021829623095830083,0.01267979352931896,0.07228241025207285,-0.011376495455876523,0.024637909589490352,0.0294201017532024,-0.03527216656193772,0.006591035241527277,-0.016574840631316017,-0.004720712567710901,-0.01610887174412159,-0.019695685086817884,-0.01892511001110184,-0.005842573901991768,-0.016793735069306943,0.045393846085471895,-0.0009285732780837932,-0.0180685609415906,-0.01763450284876259,0.008027684357363552,0.0348446165697847,-0.004312759327444237,-0.024722740061194487,-0.011376495455876523,0.024637909589490352,0.0294201017532024,-0.03527216656193772,0.006591035241527277,-0.016574840631316017,-0.004720712567710901,-0.01610887174412159,-0.019695685086817884,-0.01892511001110184,-0.00815605116405587,-0.06923875495361685,-0.03669570787549997,-0.015384029856395332,-0.07327393817831891,-0.024164393138925586,-0.000534489760403501,0.04937225184960921,0.061886047001491404,-0.030212053427134206
2008-03-01,2008-04-01,-0.003299177293602405,-0.03714259438433461,0.015272671401251558,0.009596900527748364,-0.04760908555663268,-0.040545574017083155,0.003137290172282848,0.040917481348383924,0.04047270176837346,-0.03327279658019493,-0.002299579959858863,0.01101883092182228,0.0457209130067374,-0.004053377123471778,-0.0036110908646106565,-0.013663396734343468,0.0034026981377352997,0.025547760074507878,-0.011765369981386959,-0.01591571506041347,-0.02679837130578553,0.004332240677170605,-0.006032617660480289,-0.0495372386658563,-0.017662159042959206,-0.032077078903679355,-0.005748278781807514,-0.02172972086881128,-0.027284157424135667,-0.03163968295302669,0.030193249586368424,0.06652540378180422,0.04892977976810256,0.02931941027851094,0.03329380563536231,0.02163219268967638,0.022461122530052523,0.004734489519360163,0.024712789159229184,0.03613038373658465,-0.0017157084859153113,-0.024723356407296154,0.028752199102682008,-0.003162670825755191,-0.007388099282238806,0.01553739654507557,-0.016172544049475397,0.03624576010887478,-0.03848484272923592,0.02287951697232067
2008-04-01,2008-05-01,-0.012002124972146352,-0.009779931212258407,-0.011376158623289868,-0.00982128864152964,-0.010404642317405215,-0.027614883684927132,0.009469210924717487,0.010503829239057154,-0.0028333232973273203,-0.021462556107046577,0.029440283711646947,0.055184259840091225,0.05496461654664973,0.016802095429916224,0.023517797331853114,0.03641396548111228,0.01639513460667686,0.0029325923655018297,0.027874627233959,0.035373934883278384,-0.012002124972146352,-0.009779931212258407,-0.011376158623289868,-0.00982128864152964,-0.010404642317405215,-0.027614883684927132,0.009469210924717487,0.010503829239057154,-0.0028333232973273203,-0.021462556107046577,-0.012002124972146352,-0.009779931212258407,-0.011376158623289868,-0.00982128864152964,-0.010404642317405215,-0.027614883684927132,0.009469210924717487,0.010503829239057154,-0.0028333232973273203,-0.021462556107046577,-0.007710404183715127,0.004545772561543659,0.1646173646413116,-0.033105072563069736,-0.044630198991619865,-0.045112299108934543,-0.0106962992611012,0.04593637211095703,0.0179866270435695,-0.05667737747874911
2008-05-01,2008-06-01,-0.008991081283605642,-0.0215709828782686,-0.07487390794716904,0.01983952002560089,-0.012288141261787806,-0.02378111511491205,0.0045992959097443135,-0.014825491174172024,-0.012544965510486998,-0.008423267742163287,-0.0243900891480056,-0.03613557329642954,-0.01689184912044945,-0.03459638322527378,-0.03669157757432745,-0.025388063555855187,0.002335421062034564,0.014592796167977682,-0.02885394664844161,-0.029070960086056388,-0.005225543299478214,-0.011522279600344701,0.007728527910656514,-0.002042496740792822,-0.0047481306341927805,-0.029647791053906948,0.004752835686453236,0.02732109605222481,0.0009736312002036973,-0.004636871707573107,-0.0243900891480056,-0.03613557329642954,-0.01689184912044945,-0.03459638322527378,-0.03669157757432745,-0.025388063555855187,0.002335421062034564,0.014592796167977682,-0.02885394664844161,-0.029070960086056388,-0.0243900891480056,-0.03613557329642954,-0.01689184912044945,-0.03459638322527378,-0.03669157757432745,-0.025388063555855187,0.002335421062034564,0.014592796167977682,-0.02885394664844161,-0.029070960086056388
2008-06-01,2008-07-01,-0.020270590813890706,-0.0047212091321621845,0.010424045300169433,-0.05839424989951254,-0.02526051988285737,-0.025659708422121712,-0.00019353967974192286,0.001842081911121441,0.005305957076474303,-0.04317669384274427,-0.020270590813890706,-0.0047212091321621845,0.010424045300169433,-0.05839424989951254,-0.02526051988285737,-0.025659708422121712,-0.00019353967974192286,0.001842081911121441,0.005305957076474303,-0.04317669384274427,-0.011307593960907508,-0.07706320074245473,-0.05864958781726677,-0.004367934290338088,-0.04644471896632457,-0.02844042326641162,0.004744516751203182,0.0459340053328257,0.06641963781714412,-0.04807193117324596,0.032797290769495314,0.05261634530783693,-0.00970154806666796,0.023393010124934215,0.039782275124920635,0.0356598983631955,0.039417247026251906,0.006281117266040123,0.029565769520005065,0.03213177057044356,-0.020270590813890706,-0.0047212091321621845,0.010424045300169433,-0.05839424989951254,-0.02526051988285737,-0.025659708422121712,-0.00019353967974192286,0.001842081911121441,0.005305957076474303,-0.04317669384274427
2008-07-01,2008-08-01,0.010161976645422224,0.00038339118948064674,-0.061295481028172116,0.03458323852668218,0.007632519657821765,0.0013771823991982624,0.011380654581481119,0.02346371018687132,0.018423928799555178,0.012907147503069798,-0.005094676465389576,-0.011830780442662408,-0.023446561661326668,-0.001643098062030091,-0.01062304289934344,-0.001003477278778757,0.0045910927468890235,-0.0015710727786595914,0.013800573541043585,-0.010134227242408946,-0.014309811690528291,-0.029961204397668577,0.02098199889368231,-0.018797156992679986,-0.046946550741620574,-0.017568331009596705,0.0026893316513375014,0.07789807859383328,-0.025266738640612265,-0.016023332436736412,0.027536677948669062,-0.03540702416320429,-0.010352834866290909,0.04555697772735094,0.04097974626342101,0.04403325113829815,-0.00628946452200188,0.02340840812143119,0.018292332577362097,0.031318801183489654,-0.005094676465389576,-0.011830780442662408,-0.023446561661326668,-0.001643098062030091,-0.01062304289934344,-0.001003477278778757,0.0045910927468890235,-0.0015710727786595914,0.013800573541043585,-0.010134227242408946
2008-08-01,2008-09-01,0.007317343561748072,0.0599082755661788,-0.06788170156009726,0.005355453287627423,0.0075005670173744435,0.04979276118647688,0.020177763847996136,0.009107082588502555,0.017138188641458437,-0.013199243166833786,-0.02326781228502551,-0.020563014106106413,-0.010149121098351924,-0.053914354846806886,-0.02688672285598437,-0.013762810736690768,-0.005511335956079474,-0.0022004894446976692,-0.016031258604200356,0.00025308986539556723,0.02243803552597729,0.04085709480698037,-0.0205034389549561,0.0036497886853970596,0.034574454197590074,0.03812954325993168,0.046737357715704135,-0.011475083367388433,-0.016922719223190164,0.05065605036247864,0.003701404921969815,-0.03680173870866359,-0.04955704830466152,0.02206253613541077,-0.009606082606156276,0.030141261396433517,0.012056262384790671,0.042477846472913916,-0.031281646526963046,0.043464737691151,-0.03344324571777947,-0.09709738087232916,-0.029681445159873705,-0.06643156391792238,-0.04683191752491255,0.005849873981236018,-0.042590917280277245,-0.024306857520799134,-0.021666410659368557,-0.06062758118317475
2008-09-01,2008-10-01,0.004241047569325121,-0.04962173062935965,0.013006026153455977,0.00634393096018211,0.01706804616312009,0.026005424169130213,0.0052200597209818385,0.019542067178968336,-0.013937689325271427,-0.024224736565530466,-0.005116283208424504,-0.06198065129681496,-0.13828810917505024,0.041818751535068116,-0.027276998430004733,-0.009346661572635055,0.020731934749806006,-0.029243569410053936,0.002602711825232391,0.017049326501655953,-0.07241362560566539,-0.1313420405719861,0.017336315383834296,-0.11668592060143379,-0.07986586795018534,-0.04735938766582669,-0.0387814067312122,0.05662574280353804,-0.12122080547871084,-0.07602747724412802,0.023743699404543978,0.028052405325628003,-0.04119948607614942,0.0596182800831703,-0.03954615249481251,0.033846591029358594,0.02734866224585175,-0.051885839529246754,0.06740284784046098,-0.014770396798012824,-0.005116283208424504,-0.06198065129681496,-0.13828810917505024,0.041818751535068116,-0.027276998430004733,-0.009346661572635055,0.020731934749806006,-0.029243569410053936,0.002602711825232391,0.017049326501655953
2008-10-01,2008-11-01,-0.005637729393109626,0.006871247270330007,0.08069264932752115,-0.005657239517532626,-0.04242370045047129,-0.06503903546630203,0.0025027657499210997,0.03900662801649949,0.03323446212082688,-0.02562833091480899,-0.03944885463083835,-0.07445531983675466,-0.07935684433667373,-0.06792736592799482,-0.04111687175527375,-0.023643690334093373,-0.014731096505680006,-0.011855638437192948,-0.013905819384834723,-0.05528407027162911,-0.00445023184791665,-0.07344428045488263,-0.05674521392124209,-0.026852357430721056,-0.040550819587291585,-0.011837896534614405,0.01713317199378394,0.08380249220448731,0.10311873427584219,-0.058183316238881996,-0.03944885463083835,-0.07445531983675466,-0.07935684433667373,-0.06792736592799482,-0.04111687175527375,-0.023643690334093373,-0.014731096505680006,-0.011855638437192948,-0.013905819384834723,-0.05528407027162911,0.01989841502142002,-0.04519284515792339,0.163446165513766,-0.034191635400129816,0.00746775003317043,0.062310456781598925,-0.030986669638998442,0.03607821011953302,0.012403695123447092,-0.023687159550965113
2008-11-01,2008-12-01,-0.06953606341048871,-0.16279791079765732,-0.016882967911843304,-0.150443234518816,-0.02299000161678182,0.004317864116754655,-0.05612080807206525,-0.03332540469505116,-0.09085526509207735,-0.12380389420985055,0.11278492247225014,0.12931048815321788,0.13881932729712543,0.09130486593985354,0.10384732521551371,0.22823865520234385,0.02410046075862248,0.03737399327601288,0.019864246188640876,0.14384922234982908,-0.03558079222493639,-0.0376096847461751,-0.12133157177783847,-0.05669321835505807,-0.06928001924119184,-0.014797294621205506,0.00293473287114464,-0.05879280115836685,0.07354224882944735,-0.10506516114000518,-0.01573386933367064,-0.0430577112474746,0.04142207171870288,-0.030713175886634816,-0.05903180796804572,0.02157589282243688,-0.005791775336813932,0.15808402377023342,-0.08434593268946478,0.021784889486432032,0.05556664673974607,0.06433634441116104,0.04049704611328129,0.05865348157899657,0.06161992039884148,0.06172455100388854,0.06444959258086094,0.05991708282477971,0.05284114799351651,0.06681025190712883
2008-12-01,2009-01-01,0.0013496916167338724,-0.05570176445340559,0.007307070718023353,-0.005661359437497361,0.02225911503463333,0.03106204752746946,-0.025964285963173368,-0.011215879123319283,-0.020146073945240296,-0.009460196131714914,0.16025063063872208,0.13614842082459824,0.26318063913438516,0.048811918142525924,0.11195406680181019,0.3580221612170785,0.06344124530664051,0.13069659321889798,0.07017055591153877,0.10125315047991408,0.06420119615440115,0.06952239856929421,0.08895523156903681,-0.008732055787767444,-0.009429885163328822,0.022605658400021832,0.03763371404502642,-0.026937270862863637,0.10099187874515722,0.11771887990699033,0.02447511428888899,0.0619768296485325,-0.008215451937322732,-0.06247058765568134,-0.030891488299419467,0.13208976032612313,0.020916933836289717,-0.03234026607161241,0.0646694173050484,-0.012805247718795645,-0.01310632567204731,0.0007808096980179216,0.026180623902844504,-0.03336195543800022,-0.023811792071943637,0.02632239290071421,0.015597372465698076,0.13608790753837272,-0.10715966195104153,0.012993218880612077
2009-01-01,2009-02-01,0.018077904699404238,0.016818235971475193,0.11818951440029801,-0.024963941506934907,0.010454816423394834,0.05247687774806929,0.04533739448255543,0.06718624349655268,-0.0017220488554416102,-0.030750532657252326,0.13649238480707074,0.08161473463574868,0.2292264826448591,-0.05935166559526424,0.06798803642220716,0.38135548421054927,0.09443889848497827,0.23261303034078132,0.06941172180009111,0.035833651874047065,-0.0782734843359813,-0.10814079067231756,-0.05391084397056913,-0.2272292353040102,-0.13271081229215956,-0.03531678329977129,0.02353567181598086,-0.0021905235103374114,-0.0033645035935797435,-0.11370996614875437,0.021279465947257523,0.049592737210093746,-0.11923120161002632,0.09274627935425372,0.028261561458053405,0.09474381545023955,0.04540033616237588,-0.13614454287974326,0.05183229480523437,0.008788606777915608,-0.08810689563676169,-0.20873928596415162,-0.028295463573093024,-0.11784042458550904,-0.13854408095800128,-0.07900291005130478,-0.042106054546039405,0.06392661018944933,-0.07406208681590065,-0.11823684215547864
2009-02-01,2009-03-01,0.026860889760023356,-0.04754304769238708,-0.006144066479677447,0.0032194260718066674,0.022475108718758113,0.06766854286595458,-0.0068168085517060495,0.04467038468780535,0.04985102179227788,0.026520811007181296,-0.0023578484985157756,0.07184792855017169,0.09913657295276125,-0.0928837243671071,0.0026469781600541955,0.02154036299206556,0.005588939926901716,0.02848215903675092,0.012699209659352236,-0.02527178570418446,-0.056831734872003166,-0.07874882238927147,0.00046336136429053765,-0.0999712510507125,-0.10389332006597121,-0.07503448238259604,-0.03775308828629176,0.001532430146001869,0.007020415533152528,-0.1304989540957659,-0.06070920347252218,-0.0625584609607411,-0.06631766818717347,-0.13322828473111806,-0.06981368977676607,-0.05578750498781555,-0.04738405618531572,-0.05834069062785574,-0.014119616332595307,-0.0484095555431384,-0.055997505644793416,-0.0549523178588202,-0.10346275787097702,0.016052480092529024,-0.04888806062905736,-0.10448818092440518,-0.018413609694643455,0.01863875876721001,-0.06371697286008679,-0.03167836790943902
2009-03-01,2009-04-01,0.005429093928417891,-0.08516294957557113,0.08143160164244517,-0.07224426828923115,-0.033098579208573516,0.026124821050038577,0.013894172147412885,0.11217389274720256,0.08968380896868859,-0.06279684946823517,0.07231875989231737,0.033600200407296804,-0.01509499557769426,0.13876389804805012,0.06810991076992134,0.1004812562916595,0.050649935367704915,0.07764143723728177,0.028112207302318726,0.09881243026248573,-0.008858811942934027,-0.007499171465912222,-0.037432395347713296,-0.013402184005732537,-0.013719000264479496,0.004471710292490191,-0.0074415484369296705,-0.019623818135232833,0.07270412955979007,0.014078592049046604,-0.010859489475793047,0.005186335442288712,-0.0063418265775944255,0.0040936646375165486,-0.00042661151088295955,-0.012653143231279395,-0.012604606242515663,-0.0706799554316722,0.008210367459974048,-0.0012712147320237234,0.006971993006483174,0.012913175674400885,0.04925833118428519,-0.023720253255955868,0.013539995385931584,0.03871263020086952,0.019817796874029684,0.014500256903945647,-0.04437373372523509,0.01629465645590437
2009-04-01,2009-05-01,-0.07160395251113467,-0.10700965164726284,-0.026768241327948715,-0.08088508383899222,-0.08227971317252433,-0.08395973496143572,-0.0495209268142643,0.04835908306623762,-0.07245789611357639,-0.07594274387730336,0.019495306076313737,0.008627421142899943,-0.04233163313875283,0.00818797850307405,-0.005606282505711119,0.07047194853489187,0.02661593960188418,0.06857798052629083,0.023075188453814767,0.03116159887439081,-0.005249741561252717,0.0370461866160103,0.03959928661264602,-0.028596355419709906,0.17023897130748672,0.020305972573696162,-0.014988245133364513,0.00821764719444218,-0.013039701831003685,0.002085860180328929,-0.029026601691917335,0.0241019105417891,-0.016510096937109826,-0.09621204897256563,-0.012108985562246244,-0.013450413032196873,0.01935087305743076,-0.0015974730719311167,0.0017158838765201252,-0.038765987859420516,0.0369498863561827,0.09630151316943245,0.29289160626524635,-0.022010206264137216,0.03581531165215057,0.07827790019888133,0.016758678899343064,0.04191349700680486,-0.012646420184908795,-0.042552667490233266
2009-05-01,2009-06-01,0.07324187373399355,0.12376686468623661,0.2654012541363752,0.05000453804156386,0.09394212686200076,0.09474142757769205,0.04796644355900032,0.04351479449980869,0.022198084502656715,0.022100032952778077,0.037139614625416525,0.007983328560988972,-0.038412691641924214,0.05281508188873506,0.012868127147170682,0.09154606841669272,0.029047073053370245,0.07696621151580872,0.022954128519722013,0.05232952573150918,-0.01691039130953053,0.03386968106799117,0.03892746151437281,-0.09222644422181711,-0.009901213108776273,0.0066505665632006425,0.007834614068450006,0.006479790947185742,-0.0025378612344228585,-0.03383957940740294,0.04513024809443178,0.06352176277585583,0.057404690553816876,0.07265721276424471,0.07804106913201948,0.035923931102827274,-0.010940439530173002,0.0075987608822856495,-0.032261170634405104,0.03245449334227346,-0.056185017323484375,-0.05904930683630833,-0.05496097077436088,-0.0834889823808883,-0.025693794043246627,-0.04533710555909543,-0.030268237413555502,-0.017555424143985258,-0.06283930567063806,-0.06536081039979326
2009-06-01,2009-07-01,0.005568298659028194,0.028043923047033865,0.06192432048624005,-0.021605332674693653,-0.01681097434760785,0.056424658620499966,-0.002303391982671701,-0.00863258118806289,-0.009675124333544189,-0.032070672995737265,0.021892671624925877,-0.03720401793727758,0.04253729770792789,-0.007010428864413958,0.00019992673250741194,0.043346404877922275,0.053568492284035596,0.08999608778551108,0.021576192202611838,-0.02476110469461993,-0.027021225103658925,-0.08579827182724266,0.009093400346733532,-0.0980654343354872,-0.07041700378638617,-0.00801402246113209,-0.020280676950898212,0.05995478616606434,0.03846953878854945,-0.08519124798957815,0.024055676553972824,0.045414324961160275,0.04021048984982988,0.03842878825260063,0.0193399302832306,0.03979170639033337,0.02045849138116688,0.0008676367428249007,0.03560673271928431,0.0019165799125669906,-0.07193652115643052,-0.09090008913501037,-0.04319877707598166,-0.14561159477553653,-0.012895846087042594,-0.03338939799778946,-0.03221787000393435,-0.06608254529133362,-0.08872901699148462,-0.11579157223588782
2009-07-01,2009-08-01,0.03013737612882072,0.03828972976147212,0.045105788904645505,0.02066284057561843,0.03518470042555237,0.04849183590754027,0.030739935960188158,0.006190666097379598,0.011697847990949528,0.027214655384620527,0.1618624147814805,0.14297749173975377,0.15118077582329753,0.25474361783852745,0.13814697856360442,0.09339523843101705,0.08142080094469095,0.07452238378510838,0.13891518829154118,0.11118613274150062,0.1618624147814805,0.14297749173975377,0.15118077582329753,0.25474361783852745,0.13814697856360442,0.09339523843101705,0.08142080094469095,0.07452238378510838,0.13891518829154118,0.11118613274150062,0.008489556478059426,0.06456389911705686,0.006577215646557329,0.033436301158427356,0.034871408104921245,-0.032759588369509214,0.016073511626965506,-0.0016309387832594258,0.016387516163976386,0.004202742805669067,0.04906569945606694,0.001213711928232471,0.08389948102337766,0.031814977959024604,0.08528104437376346,0.06304769566652739,-0.022027033953270554,0.0033117060071133093,0.05225161619251053,0.05743467785461323
2009-08-01,2009-09-01,-0.014645652510896149,-0.015045579735229908,-0.04381391663561603,-0.044466100216983384,-0.04457984220176071,0.0002800804258520032,0.016447641329903694,0.03940031014481528,0.015380118701570493,-0.02217059928379413,-0.01009632672657215,-0.05847988792625417,-0.07187496118986662,0.04610721684489356,-0.00908089113910017,-0.04189146237248831,0.005140773830902586,-0.038880293890615134,0.03789522980218297,0.0020465261855519643,0.02445565839450054,0.03379141695477782,0.014926597257867281,0.046500369039821784,0.02360493359182638,0.021923183665246926,0.021332027211364648,0.03561662160839349,0.0020680476390818633,0.030681022481324885,0.02445565839450054,0.03379141695477782,0.014926597257867281,0.046500369039821784,0.02360493359182638,0.021923183665246926,0.021332027211364648,0.03561662160839349,0.0020680476390818633,0.030681022481324885,-0.0024877965339154245,0.04976462561556773,0.12000642625989605,-0.1288186650226304,-0.012583680324616969,0.032854289441029666,0.01564033002186652,0.08393962849758253,0.02679917078906717,-0.06208124275238767
2009-09-01,2009-10-01,-0.0680627337833317,-0.1373084851019322,-0.11182797008918807,-0.2575658683070817,0.0018415762943405096,0.14615052938893622,-0.09664832129533348,-0.07178544000922259,-0.03379846340578691,-0.15838429931673093,-0.012415120879655638,0.02651097082883546,-0.022239360528220575,0.033868699439644046,0.012864863229474926,-0.05563899930841308,-0.013342299781500314,-0.05257043800637616,0.0011172081936668202,-0.0022870738918968903,0.0315500597041151,0.04291511979159392,0.032446385829386165,0.054546295311304456,0.04719491224855496,0.01660024815078184,0.02406316061814285,0.017707030004076637,0.07381709702708525,0.03396771228704746,-0.008168445006996044,0.052284907668997876,0.060318765895909746,-0.06918119142426113,0.004984545169529572,-0.023374209814589268,0.020452351121712953,-0.006310664779482913,0.009499710083422604,-0.021583304566902856,-0.011676623067859743,0.0005101106604241123,-0.027255759213979755,-0.01591633209436292,-0.0040008951629748515,-0.017202214891747503,0.021563789643174052,-0.016495610085563973,0.017657041006442786,-0.015479405521798734
2009-10-01,2009-11-01,0.004506881388461068,-0.055723736528797814,0.05552181281564271,-0.031618571245575086,-0.04387699046038713,0.00741822872501522,0.015053611070201155,0.08649190547442469,0.06170121903948346,-0.05040255974477939,-0.010951764838352291,0.012600278331222074,-0.0076646857121468685,-0.005345061795588046,-0.0009396365957363359,-0.03308759685785164,0.013233308428140966,0.007053682795957984,-0.004648267840681279,-0.007064687392323655,0.030697442922373357,0.026912612751136683,0.04340384281363236,0.05074377905260365,0.02662553857400766,0.03257496113023164,0.027580014083119792,0.0318667867690827,0.022091141247502236,0.026843296491467255,-0.04737365921314086,-0.04693165426701723,0.012904225051167739,-0.09410654091524268,-0.06121910605811334,-0.06578339056366306,-0.022846228554694155,0.004013139607732866,-0.03186736132350735,-0.07573336495035765,0.030938613417923675,0.02957233698667862,-0.010024649547244364,0.029492110928950405,0.017433429421738884,0.07594768580784095,0.023276858802272926,0.06587088820445215,0.025379197040531435,0.008346213241586997
2009-11-01,2009-12-01,-0.017537069258288324,-0.04550856230633995,-0.0006416344604465588,-0.029623062833986205,-0.050135961243947015,-0.020281893477575016,0.00768072262913673,-0.020320834410440088,-0.014705461599541104,-0.06475203829029239,-0.02988067234196926,-0.03154107168404555,0.009167139856103053,-0.15279867615734274,0.05428537578319826,0.1166185265123539,-0.0617521893397602,-0.07200755074271692,-0.06650274017159812,-0.08728037940931596,-0.017537069258288324,-0.04550856230633995,-0.0006416344604465588,-0.029623062833986205,-0.050135961243947015,-0.020281893477575016,0.00768072262913673,-0.020320834410440088,-0.014705461599541104,-0.06475203829029239,-0.013176631171295911,-0.035461499191636686,-0.04444803780690876,0.004657184504667788,0.012903004217746148,-0.08366929117414067,0.06596196287550396,-0.06581217852110796,0.05956385184172243,-0.019034917580762582,-0.017537069258288324,-0.04550856230633995,-0.0006416344604465588,-0.029623062833986205,-0.050135961243947015,-0.020281893477575016,0.00768072262913673,-0.020320834410440088,-0.014705461599541104,-0.06475203829029239
2009-12-01,2010-01-01,0.03183927529383553,0.0289846344644007,0.024191304295101867,0.05460676673226855,0.034750406172487924,0.030415391877664393,0.02994703295543162,0.01593836851574266,0.026220595936655135,0.043569098349233865,-0.004786348810835065,-0.00016346400930010658,0.062348556856112805,-0.02953170964326876,0.009113487487351031,0.007048164646937098,-0.014988003955047444,-0.02245994243136114,-0.030038725188965006,-0.02184128875726224,0.03183927529383553,0.0289846344644007,0.024191304295101867,0.05460676673226855,0.034750406172487924,0.030415391877664393,0.02994703295543162,0.01593836851574266,0.026220595936655135,0.043569098349233865,-0.0005756469528899015,-0.023030163375027966,0.008967881324100178,-0.0044584989895476886,-0.008180259686493852,0.015066368263014086,0.0007506226648193916,0.0015440580411218326,0.00017567403161316587,-0.01063799587979288,0.006814318092372889,0.013433876814686226,0.0910719320183801,-0.02622426791882381,-0.009661005718429667,-0.0027985533898982357,0.005907290320244014,0.04280630953677578,0.012422906706162124,0.007270334378198899
2010-01-01,2010-02-01,0.05621309155536324,0.06606748864608206,0.0796338168009149,0.18651418640362366,0.06912809792497783,0.03587801587117932,0.03251728854421333,0.03151842549842821,0.058579363113885556,0.05765509658938224,-0.03445494402909121,-0.11103361136695651,0.018232158450744728,-0.08499733085326308,0.008369177551151201,0.013686823459061715,-0.06554455811124225,-0.08982813272636082,-0.04771821105952302,-0.07879752432136597,0.05621309155536324,0.06606748864608206,0.0796338168009149,0.18651418640362366,0.06912809792497783,0.03587801587117932,0.03251728854421333,0.03151842549842821,0.058579363113885556,0.05765509658938224,0.0010151875999779084,-0.06796125680898978,0.09059895443741275,-0.04233131203548607,-0.0576757402448736,-0.01942049619733348,-0.0049788303372069525,0.10066135513033639,0.06659255752507012,-0.058725969916556715,0.05621309155536324,0.06606748864608206,0.0796338168009149,0.18651418640362366,0.06912809792497783,0.03587801587117932,0.03251728854421333,0.03151842549842821,0.058579363113885556,0.05765509658938224
2010-02-01,2010-03-01,-0.015819972441532187,0.019942753513600805,0.0818686938862378,-0.06742038571483547,-0.011995412613439036,0.008141977029549236,-0.016436327007418122,-0.013082132932590551,-0.03364281464947367,-0.05975756633222337,0.004884981576485482,0.007393787323015561,-0.058416751208682685,0.013511274713056982,0.05964144321047313,0.02941506221378573,-0.009768533239212155,-0.08812015856222202,-0.03947864502386418,0.05483051373976125,-0.031656867331409835,-0.038474434729322944,-0.04830041203614218,-0.04966613642681956,-0.02696874107535141,-0.02678268944032084,-0.02164888164151781,-0.01687224134472809,-0.022960835841591587,-0.020757836435934655,-0.031656867331409835,-0.038474434729322944,-0.04830041203614218,-0.04966613642681956,-0.02696874107535141,-0.02678268944032084,-0.02164888164151781,-0.01687224134472809,-0.022960835841591587,-0.020757836435934655,-0.031656867331409835,-0.038474434729322944,-0.04830041203614218,-0.04966613642681956,-0.02696874107535141,-0.02678268944032084,-0.02164888164151781,-0.01687224134472809,-0.022960835841591587,-0.020757836435934655
2010-03-01,2010-04-01,-0.02593866925268549,-0.08545815875867951,-0.07566097705647218,0.0003805082195899468,-0.030532072274033886,-0.06941870429264033,0.02589157965144449,-0.007701355731960559,0.0204288491936811,-0.022043206906677007,0.023241290502744073,0.014627519319528277,0.049644624721932554,-0.025444052063323203,0.0021522874476862935,0.05291702005936333,0.02429567051412837,0.07978556074248089,0.05868683394726127,-0.0012656680174804062,0.006740616917411108,-0.0172483815212991,-0.031579539080560576,-0.0005285057712318963,0.008774379433180091,0.0065339449392940625,0.022470898246071375,0.010166177907347078,0.03156676428656127,0.01735175475180357,0.006740616917411108,-0.0172483815212991,-0.031579539080560576,-0.0005285057712318963,0.008774379433180091,0.0065339449392940625,0.022470898246071375,0.010166177907347078,0.03156676428656127,0.01735175475180357,0.006740616917411108,-0.0172483815212991,-0.031579539080560576,-0.0005285057712318963,0.008774379433180091,0.0065339449392940625,0.022470898246071375,0.010166177907347078,0.03156676428656127,0.01735175475180357
2010-04-01,2010-05-01,0.010002958916853051,0.013398549522868734,0.06015832857756956,-0.02001550865450266,0.003264509536551056,0.03865598322314514,-0.0038314422653715433,0.020225208535607553,-0.020382458562267863,0.0018816143755602662,-0.08547143301056377,-0.13691117295805014,-0.02809928212153159,-0.15316321905513067,-0.03955585592233098,-0.11817521575520187,-0.025538531806051874,0.005118898269607913,-0.04544624526267403,-0.1386807971354195,-0.005459377506314396,-0.022626666419882032,0.003471714689061856,-0.04129800786232792,-0.0068178777818970505,0.001566520846726746,-0.0004953862847518111,0.019279135554366666,0.004339202759497429,-0.01735416709863145,-0.005459377506314396,-0.022626666419882032,0.003471714689061856,-0.04129800786232792,-0.0068178777818970505,0.001566520846726746,-0.0004953862847518111,0.019279135554366666,0.004339202759497429,-0.01735416709863145,-0.005459377506314396,-0.022626666419882032,0.003471714689061856,-0.04129800786232792,-0.0068178777818970505,0.001566520846726746,-0.0004953862847518111,0.019279135554366666,0.004339202759497429,-0.01735416709863145
2010-05-01,2010-06-01,0.01398086518227353,-0.0006551978024188919,0.003977775783998714,0.012842400135628313,0.025060826733789454,-0.002358531328303632,0.016539704896226512,-0.0014862857744732524,0.02604278553578047,0.02880942673560157,0.01364926088187058,0.02133897836394949,0.019710081765961097,0.035350129060582595,0.017138080938845748,0.007447754028554963,-4.468762957455293e-05,-0.01934849094521912,0.004082830020690647,0.03186144466966301,0.003100433959306703,-0.0510239221693306,0.09894962079527322,-0.060715719987059505,-0.05923472447108826,0.011207607439142063,0.002957018273991242,0.11704810723499609,0.06077224112422325,-0.06225110879652639,0.01398086518227353,-0.0006551978024188919,0.003977775783998714,0.012842400135628313,0.025060826733789454,-0.002358531328303632,0.016539704896226512,-0.0014862857744732524,0.02604278553578047,0.02880942673560157,0.01398086518227353,-0.0006551978024188919,0.003977775783998714,0.012842400135628313,0.025060826733789454,-0.002358531328303632,0.016539704896226512,-0.0014862857744732524,0.02604278553578047,0.02880942673560157
2010-06-01,2010-07-01,0.06301171924744885,0.06803791903464936,0.05418188329142802,0.08614594171905503,0.09630939666443857,0.06663554754672184,0.0342839319425579,0.03165565318565222,0.015069921180492179,0.09726266971690653,0.0016888778464846056,0.03104763277368123,0.03375478647767097,-0.038152782132491944,0.004686478357372908,0.007825784669558503,0.018620657855394324,0.011880556754383518,0.004232543862433699,-0.0038163037027905064,-0.01482472897997205,-0.057259477177063034,0.17965233182745527,-0.05200473749448318,-0.023173012119616063,-0.04764882918695576,-0.012586950301580637,0.03465957580756697,0.0015828684726653577,-0.09439687434136007,-0.011795226314783363,-0.02162714495135648,-0.012831975082491233,-0.025565539248656954,-0.00018514412264334854,-0.011868805169816574,-0.004731110767629663,-0.018170515625324506,-0.018927323985914152,0.0116816625990453,-0.011795226314783363,-0.02162714495135648,-0.012831975082491233,-0.025565539248656954,-0.00018514412264334854,-0.011868805169816574,-0.004731110767629663,-0.018170515625324506,-0.018927323985914152,0.0116816625990453
2010-07-01,2010-08-01,0.0006455450061023055,-0.004485273861876529,-0.004992048597538897,-0.023225646888666174,0.00952342029039796,0.012760825094361994,-0.0011089577068583547,0.0021624488041934674,-0.012927134259115304,0.008587244651427395,0.017625272022394847,0.04538119538263449,0.0253318954016796,0.008899600932719326,0.027634004315405806,0.030477941343541627,0.020066962007744795,0.032155865256154235,-0.02563050951347014,0.01607514531307045,-0.015022577104373434,-0.05078133064120598,0.059486147419787846,-0.07342351180513527,-0.01375216915904817,-0.012239459252266119,-0.01990848694630679,-0.00969385213834446,0.0027075857983208827,-0.047765578585034225,0.0006455450061023055,-0.004485273861876529,-0.004992048597538897,-0.023225646888666174,0.00952342029039796,0.012760825094361994,-0.0011089577068583547,0.0021624488041934674,-0.012927134259115304,0.008587244651427395,0.0006455450061023055,-0.004485273861876529,-0.004992048597538897,-0.023225646888666174,0.00952342029039796,0.012760825094361994,-0.0011089577068583547,0.0021624488041934674,-0.012927134259115304,0.008587244651427395
2010-08-01,2010-09-01,0.03336934651494898,0.025286135434077428,0.0559533856618778,0.029515499912412486,0.02371237300786181,0.07007905372054567,0.009319374656580358,0.021565576275546332,-0.0020208721456514553,0.04792105781935434,0.008200714847265315,0.00951492232534827,-0.006022162041006984,0.006711954408833577,0.012128547273529399,0.013580693640456993,0.008296597191714356,0.0145161754575641,0.003671012917982339,0.022845533879862715,0.01745281896022121,-0.007573476023497536,0.015216792432563126,-0.012237374517287326,-0.05074903674118216,0.019449210585877442,0.05854741986509318,0.1831986167346212,0.09148903227500411,-0.02047896195750915,0.06479426713859811,0.0916691285106755,0.07403059078492036,0.07524088400541296,0.09612632550519654,0.06860052746889167,0.04281474892075435,0.053949631113712135,0.01646871514863582,0.07924135136243514,0.008200714847265315,0.00951492232534827,-0.006022162041006984,0.006711954408833577,0.012128547273529399,0.013580693640456993,0.008296597191714356,0.0145161754575641,0.003671012917982339,0.022845533879862715
2010-09-01,2010-10-01,-0.016155907049451947,-0.02162945178194513,-0.04268306047140952,-0.013316265758818259,-0.004540022760347283,-0.022903575903534087,-0.0020119051345174224,-0.01978528030919527,-0.013051742244022519,0.031087074964714682,0.017670318234465812,0.025562906698001157,0.0076015616066023705,0.029331495883889065,0.01952825111535274,0.018361255116443688,0.0168393396710211,0.0010352287827395629,0.006698165880498106,0.02908750294989699,0.05665413379110893,0.09271482925195641,0.06552656411083362,0.04503081328556541,0.07167444691305301,0.06946390198041916,0.04037253071744046,0.055190474169393614,0.03730449326445323,0.061847337202669744,-0.004998012938617078,-0.03153869933220015,0.0947684951182209,-0.05887459531931668,-0.01559644307649538,0.03146031057443639,-0.03684742622787742,-0.05138991338280215,-0.012313982389305596,-0.04394826201966555,-0.006708880426977465,-0.010198643063368516,-0.019190770233950747,0.0020040746437730524,0.0006121211874158209,-0.018731973259137027,0.005715909542477736,-0.0180408800801263,-0.005560978450899948,0.000601422672780438
2010-10-01,2010-11-01,-0.01702026543915843,-0.025385002421313738,-0.04915002031189825,-0.04375362570024698,-0.009141991121367935,-0.0075345228007892675,-0.005476764385669152,0.003681742892565207,-0.013282288322055332,-0.006241897349861463,-0.01702026543915843,-0.025385002421313738,-0.04915002031189825,-0.04375362570024698,-0.009141991121367935,-0.0075345228007892675,-0.005476764385669152,0.003681742892565207,-0.013282288322055332,-0.006241897349861463,0.030011317045160184,0.023012620288421475,0.004403619564349231,0.04884446328873429,0.01426326077359947,-0.03779268993742811,0.06082459794930967,0.09011918275219073,0.08159995132822023,0.09446789970643704,-0.015277631236469361,-0.00385536257132605,-0.023475829415508503,-0.03904925241771609,-0.02107683735797109,-0.015566470200274383,-0.000530869828679649,0.010345611326701833,2.707435261191729e-05,-0.011312179183642426,-0.0045519543651264625,-0.0005857731836314897,-0.015191008709522252,-0.043015025711632716,-0.014401277699735676,0.03132813230449305,0.0121948518298185,0.030428112564066384,-0.008380077270129677,-0.015655186159182807
2010-11-01,2010-12-01,0.008735376305645916,0.008045584073552164,-0.014096756837265804,0.0014311899557855013,0.013234107790391856,0.030004568782809944,0.005927827528312022,-0.004093821019612715,-0.0195238566527802,0.025228601440706277,0.023713233807163503,0.1351553027818143,0.030640724057161332,0.03300307395733088,0.17382129558432186,0.022764917869787345,0.0165718099766846,0.011380993333656199,0.00660111161544416,0.1875640548984687,0.007093233845553681,0.03707493772605296,0.01827116590979393,-0.0649670926753865,0.019570672270755884,0.03130124477974258,0.02204744526047097,0.006429324416659819,0.003719604645813628,0.06188180823292619,0.023713233807163503,0.1351553027818143,0.030640724057161332,0.03300307395733088,0.17382129558432186,0.022764917869787345,0.0165718099766846,0.011380993333656199,0.00660111161544416,0.1875640548984687,0.01512005329977645,0.028595587348979965,0.022730030204626682,-0.00788662745230272,0.008298673419551691,0.03859593326294622,0.017841007684835028,0.033440232857658854,0.014132581648212322,0.009000132430578496
2010-12-01,2011-01-01,0.047466794589375964,0.05022580388878238,0.06335254416932348,0.04989015639458362,0.07414887482104697,0.05093125570299986,0.03307180946860241,0.034605475697468614,0.022703060164542793,0.06441491893138655,0.047466794589375964,0.05022580388878238,0.06335254416932348,0.04989015639458362,0.07414887482104697,0.05093125570299986,0.03307180946860241,0.034605475697468614,0.022703060164542793,0.06441491893138655,0.08516263441895391,0.12337578717494524,0.14273668392158229,0.11596313270230041,0.11942066653652023,0.07543551374590235,0.03815249288089936,0.09904563106904052,0.0025977071384066215,0.09145836658543591,0.047466794589375964,0.05022580388878238,0.06335254416932348,0.04989015639458362,0.07414887482104697,0.05093125570299986,0.03307180946860241,0.034605475697468614,0.022703060164542793,0.06441491893138655,0.0257954806287083,-0.013452191831714203,0.15912728319200733,-0.07865421595077461,0.0830215428271686,0.13276425311831516,-0.07320305652001695,-0.30857006751302074,-0.042318162925473454,0.06262986161073478
2011-01-01,2011-02-01,0.008725783823765185,0.0209967491118304,-0.0055968696217437615,0.003636249293304342,0.017234564045473487,1.0929686797633321e-05,0.02532760652653304,-0.003140058297015494,0.011137818274266216,0.021118328001818083,0.008725783823765185,0.0209967491118304,-0.0055968696217437615,0.003636249293304342,0.017234564045473487,1.0929686797633321e-05,0.02532760652653304,-0.003140058297015494,0.011137818274266216,0.021118328001818083,0.018706649571883636,0.02925627684849969,0.019024595129654643,0.012195995719176646,0.02293890403230202,0.023273496582031518,0.01835874676205223,0.011017163855529345,0.011088690297997712,0.027023312180896687,0.008725783823765185,0.0209967491118304,-0.0055968696217437615,0.003636249293304342,0.017234564045473487,1.0929686797633321e-05,0.02532760652653304,-0.003140058297015494,0.011137818274266216,0.021118328001818083,0.016621940308019358,0.04071950252715576,0.12484473097562471,-0.01851019204512967,0.016345631199331277,-0.017474167981865605,-0.002320661983006576,0.0025362615449621064,0.018358179436674456,0.029845673600856194
2011-02-01,2011-03-01,0.12344423464159601,0.11560330320272687,0.25039331633809325,0.06097467056177859,0.12151426466168427,0.22713426829500197,-0.02436705161852261,-0.054858287564788596,0.02736010908760895,0.23110091421247395,0.004974550256101159,-0.012547001671676451,-0.005492563486205689,0.004659769865933739,0.009407087418789067,0.008298009601835505,0.0017441620830901268,-0.0006716835253430475,0.0009255959523918689,0.017410563947446035,0.004974550256101159,-0.012547001671676451,-0.005492563486205689,0.004659769865933739,0.009407087418789067,0.008298009601835505,0.0017441620830901268,-0.0006716835253430475,0.0009255959523918689,0.017410563947446035,0.004974550256101159,-0.012547001671676451,-0.005492563486205689,0.004659769865933739,0.009407087418789067,0.008298009601835505,0.0017441620830901268,-0.0006716835253430475,0.0009255959523918689,0.017410563947446035,-0.008136564680642278,-0.018074321453193275,-0.004990703645348038,-0.03213442343683727,-0.013616093969660124,0.00600560690661976,-0.005435818724997663,-0.019493660570708775,0.005074285492223607,-0.012690247576840258
2011-03-01,2011-04-01,-0.04157130049870536,-0.06318638982147343,-0.027582613585609712,-0.03655254820741144,-0.053879913703846545,-0.08148827340179426,-0.00894681311750179,0.017822509627683635,-0.015700308124642296,-0.06879067273420536,-0.0012880589471146089,0.024858554712476735,0.006252897325106321,-0.023016411689359334,0.007767092863642124,0.003077366675992509,-0.001257469246394513,0.008950109504123806,-0.010263389525986223,0.007208850268268825,-0.01256065282520984,-0.011630957435573734,0.006190112537657118,-0.06743851423681425,-0.02132992670638024,0.009008002365115071,-0.007295005599124941,-0.03412228658150117,-0.021175678629552448,0.02808052916895644,-0.0012880589471146089,0.024858554712476735,0.006252897325106321,-0.023016411689359334,0.007767092863642124,0.003077366675992509,-0.001257469246394513,0.008950109504123806,-0.010263389525986223,0.007208850268268825,0.01580085772204832,-0.007572598545273847,0.028734147869917247,0.009112354406199452,0.03238271612774221,0.021753469206026478,0.005101290970544448,0.00834034772162354,-0.008758662665057565,0.042285434389616544
2011-04-01,2011-05-01,-0.12381607369993783,-0.20424489003633037,-0.2558867031007501,-0.021524113934640248,-0.1571363495171318,-0.1499652085058884,-0.0521009654345131,-0.21549489755159182,-0.11478920297325625,-0.09663649339335326,-0.0028632707253808364,-0.04604215381925681,-0.005191626922001678,-0.016859372063629446,-0.04151610358956896,-0.0006687149201982864,0.004796380083503363,-0.012830864218750062,-0.0014825641606452762,-0.005246737089014559,0.00704196881543064,0.028836465725863743,0.025480035878207595,0.042630394610566495,-0.0012759320345986846,-0.016260737285322062,0.006115020081207753,-0.003591032246740379,-0.00021041843088028325,-0.014912985194013812,-0.0028632707253808364,-0.04604215381925681,-0.005191626922001678,-0.016859372063629446,-0.04151610358956896,-0.0006687149201982864,0.004796380083503363,-0.012830864218750062,-0.0014825641606452762,-0.005246737089014559,0.04659746448999051,0.05670199947551923,0.09501772571192149,0.022880804526670857,0.05881936591949612,0.054832475680502896,0.022617427188133497,0.0034922019072738016,0.04162024267841671,0.054619296025666154
2011-05-01,2011-06-01,-0.0361148988815802,-0.0076737163389029245,-0.023782447338622153,-0.05102037191347428,-0.0018930618042176778,-0.06905119738256756,-0.009010875517528157,-0.0811639790355581,-0.01722935939888521,0.024812825110405622,0.012378190909427298,0.004753590071286126,0.015152903641400334,0.013094294892880113,0.011962697596556724,0.0048260988042886635,0.013017773570313439,0.005918736177505703,0.02010983893306172,0.029680136997687286,0.041874366581650245,0.05612149890628815,0.05201235591504122,0.03395669145119351,0.04661015485437826,0.05284076689876872,0.02853069840681361,0.00824005349310545,0.031211671908114396,0.04808045422121798,0.012378190909427298,0.004753590071286126,0.015152903641400334,0.013094294892880113,0.011962697596556724,0.0048260988042886635,0.013017773570313439,0.005918736177505703,0.02010983893306172,0.029680136997687286,0.012378190909427298,0.004753590071286126,0.015152903641400334,0.013094294892880113,0.011962697596556724,0.0048260988042886635,0.013017773570313439,0.005918736177505703,0.02010983893306172,0.029680136997687286
2011-06-01,2011-07-01,-0.06024889587526771,-0.02415057445979553,-0.0032994221411164542,-0.15492362617437272,-0.04008001288529262,-0.12246054190652372,0.01991676288388007,-0.0015064740474193719,-0.004763085470902739,-0.019796924879467992,-0.014241085294399424,-0.02834532783575975,0.004120695874202097,-0.04296030925442196,-0.029455424484268487,-0.020792990029199782,0.0035127543001980963,0.008535165999347493,-0.010247100247367778,-0.02050278234658525,0.08000731992733014,0.117095689233253,0.09053297507623204,0.13157971532856816,0.10005464368604552,0.05910172878019973,0.05526745706932805,0.08820492877841019,0.0590367426016121,0.05479544170468594,-0.014241085294399424,-0.02834532783575975,0.004120695874202097,-0.04296030925442196,-0.029455424484268487,-0.020792990029199782,0.0035127543001980963,0.008535165999347493,-0.010247100247367778,-0.02050278234658525,-0.014241085294399424,-0.02834532783575975,0.004120695874202097,-0.04296030925442196,-0.029455424484268487,-0.020792990029199782,0.0035127543001980963,0.008535165999347493,-0.010247100247367778,-0.02050278234658525
2011-07-01,2011-08-01,-0.0269865005303715,0.0003220946407221075,0.010063963098980423,-0.0691618700565047,-0.020262476293570905,-0.006194013606529009,-0.02429984115502271,-0.05555245637637611,-0.02508568495061413,-0.02777769725252721,-0.01282505953780291,-0.014310839265304479,-0.009580685739381783,-0.07363899496570459,-0.009054897901550132,0.0011864140315269237,0.005269913177557081,-0.0033092261255045184,-0.001880662227267002,0.01708975569144614,0.010565679967920053,-0.007841703971181623,0.023907922090421335,0.004998955061294387,0.022478891086369107,0.00991935045909327,0.007836163557382033,0.007234122585191589,-0.008880780401484172,0.034438746267278345,0.009914222724263448,-0.006869954234372496,0.015554763834663234,-0.06682887617846787,0.0017933290543074402,0.0214480463117394,0.006335721468620045,0.023063991057931076,0.019752305611832294,-0.0036956728586653234,0.009914222724263448,-0.006869954234372496,0.015554763834663234,-0.06682887617846787,0.0017933290543074402,0.0214480463117394,0.006335721468620045,0.023063991057931076,0.019752305611832294,-0.0036956728586653234
2011-08-01,2011-09-01,-0.009901380978905784,0.011505221545038566,-0.05985100649965408,0.007614600081749544,0.01405302743755825,-0.008530263219304994,-0.023319561935562366,-0.03351491460466228,-0.008740693531862968,0.05136317833773079,0.05810356953360306,0.05238275267576408,0.008460564800099851,0.04949696756455786,0.09445706303212549,0.054756017744746005,0.03884796055221045,0.04301093111329139,0.09476148338378775,0.08701443366377028,0.025405829366104422,0.03972754644662368,0.050336797338532635,0.01623858630583044,0.04711171998513231,0.018964414723657914,0.020334424463670592,-0.006047182117077925,0.0052416989097272635,0.05769127353051106,0.04614589279149873,0.10131834867205006,0.012924357695851225,0.017260826254947237,0.0682890050361204,0.024433792893618425,0.02415424737279164,0.029453499049537587,0.06278889681929839,0.05093502067579411,0.04614589279149873,0.10131834867205006,0.012924357695851225,0.017260826254947237,0.0682890050361204,0.024433792893618425,0.02415424737279164,0.029453499049537587,0.06278889681929839,0.05093502067579411
2011-09-01,2011-10-01,-0.025767096100086324,-0.022856145064007287,0.017257191410039972,-0.07225079146797525,-0.04356524875103757,-0.020671681089274467,-0.00816729831876184,-0.016353663631918203,-0.03201585094246259,-0.045452339948471206,-0.025767096100086324,-0.022856145064007287,0.017257191410039972,-0.07225079146797525,-0.04356524875103757,-0.020671681089274467,-0.00816729831876184,-0.016353663631918203,-0.03201585094246259,-0.045452339948471206,-0.01720479266778429,-0.011563837258542813,0.009983278886808576,-0.02660994040259091,-0.01351794246993341,-0.01658897900436887,-0.025100606591585438,-0.0023810453672758053,-0.04298710921842139,0.009947019116209065,0.0007789860236280446,-0.012655706321668798,0.09923109148140909,-0.12397514854223501,-0.014965754776221162,0.02304531138273898,0.03320971260659375,0.07381405752048012,0.015552832640121575,-0.0039831595366949185,0.015561300925762609,0.06494869130233015,0.000821462873993508,0.020619172772179103,0.02709110709859822,0.03254369268057607,0.015303541123537299,0.0050046825590566125,-0.017116641856709424,0.0028960350895130913
2011-10-01,2011-11-01,-0.011753670475487107,-0.036248314289418375,0.009104615372268521,-0.00832899054189824,-0.0073934328310173054,-0.016510788528770914,0.0015795063956794298,-0.015711038099572416,-0.01789464058374924,-0.016673887156619355,0.010092556130987976,-0.010455337271174057,0.0032138118760362683,-0.025564352346150006,-0.004689306248414446,0.03592768842397019,0.020765384190887446,-0.027936534680945077,0.0268447578087942,0.02563419200064229,-0.04831495989411379,-0.0574181177594794,-0.03781605810528456,-0.08052907375377112,-0.09890502307347955,-0.021814397659364514,-0.025057140015776545,-0.005719286758149537,-0.048320924076286006,-0.04994470866485371,-0.04127528104021021,-0.042088197945324285,-0.07920813115139046,-0.011660749972479501,-0.04267646502923411,-0.07075635786346979,-0.0050057573976518875,-0.06237385417636576,-0.011944465520470817,-0.02460121613306098,0.02505448813781466,0.027838759228463288,0.01566525577365047,0.08515947770595451,0.02724137468860737,0.02647575420790383,0.025734037208435513,0.005845511966629975,0.017858799114162896,0.026072592658394168
2011-11-01,2011-12-01,-0.007235676474730283,-0.01952576961432672,-0.0405164269299973,-0.034690214391034264,-0.0015573630986195014,0.007958352800252304,-0.0050679784951953985,0.0038594784439306695,0.004581486675112379,0.012023822921450796,0.014795340822559969,0.00909934879189508,0.00797450912028394,0.0074474209917285445,0.03613740516345783,0.007037960338549635,0.02350276587669149,-0.006987177730944719,0.01598010436591506,0.0377603019376937,0.12944328315353587,0.17206884248852924,0.17616170579377005,0.1412071032211371,0.18580489407338052,0.11323069072495867,0.08463293671061371,0.05938060002478437,0.10280087748824385,0.15160716669419888,0.009950739940986608,0.023442899990497534,0.042802379318874616,-0.07220728958424302,0.02471269898056262,0.03346812754981886,0.023766425735895037,0.02989075830637048,0.0233601856833194,0.04884220176936536,0.003833209866463967,0.003334531028486502,-0.004023992229330201,-0.019284942629832366,0.00914703808492702,0.0111075301038655,0.00632240432709137,0.004617571709052618,0.008839163047858775,0.06254478824216904
2011-12-01,2012-01-01,-0.0007820995638362785,-0.008149128636140937,0.028276081888593065,-0.016794796641692245,-0.003109620695759335,-0.010366013401639937,0.008699802507675878,0.007665848209847314,0.0030928908760482396,-0.024047520572144595,-0.05022918047414146,-0.04767830290945675,-0.0699246052168849,-0.05172866767442206,-0.05405106931752952,-0.06464280350321067,-0.018784205873562783,-0.03459012189388306,-0.03589207715665355,-0.04880014845300158,-0.0007820995638362785,-0.008149128636140937,0.028276081888593065,-0.016794796641692245,-0.003109620695759335,-0.010366013401639937,0.008699802507675878,0.007665848209847314,0.0030928908760482396,-0.024047520572144595,-0.0007820995638362785,-0.008149128636140937,0.028276081888593065,-0.016794796641692245,-0.003109620695759335,-0.010366013401639937,0.008699802507675878,0.007665848209847314,0.0030928908760482396,-0.024047520572144595,-0.055126445561724066,-0.08714625873633196,-0.01193486637723443,-0.10598389020564555,-0.10918051164052425,-0.027055704092165372,-0.03343501723578636,-0.06438519142830175,-0.060018915441695714,-0.034460100483910176
2012-01-01,2012-02-01,0.0016317165623750806,-0.011948346665637695,-0.046610772949717647,-0.004245144392745449,0.025919936290559165,0.014506082323520264,-0.008876410268267633,-0.03372650229766341,0.030136197637157483,0.016748023753124865,-0.01299817063688839,-0.030576999939826637,-0.02908097423493456,-0.02122931283768037,-0.009360391936354767,-0.02462399549337725,0.008924179531636402,0.008548697857083233,-0.004717190556179601,0.0018090229439876454,0.021064106583204352,0.005722639442385577,0.014175985853668907,0.011245579156640744,0.02641857311973223,0.025492902630820997,0.015144275723882546,0.01146392343599336,0.010760042599118978,0.019837084833081695,0.008041442899431817,0.016467746510993735,0.019958116377216988,-0.047173908342050624,0.018766653397287513,0.02799400998189715,0.013031176197803099,0.02715124506050383,0.02515825406753138,0.03903164150098695,0.021064106583204352,0.005722639442385577,0.014175985853668907,0.011245579156640744,0.02641857311973223,0.025492902630820997,0.015144275723882546,0.01146392343599336,0.010760042599118978,0.019837084833081695
2012-02-01,2012-03-01,-0.019863101023218484,-0.03924114319961948,-0.05519060956915733,-0.014478936710199886,-0.02268989784780967,-0.01890189596055053,0.005156102821173656,0.0010402262455099232,-0.004728664211632844,-0.04052666825741371,-0.03438871116060015,-0.01930766604856695,-0.014351704009816165,-0.06109306941742702,-0.04077944231394584,-0.04119667915596762,-0.006740331572517183,-0.009054669413969828,-0.0030918036530571654,-0.04937218522581935,-0.03438871116060015,-0.01930766604856695,-0.014351704009816165,-0.06109306941742702,-0.04077944231394584,-0.04119667915596762,-0.006740331572517183,-0.009054669413969828,-0.0030918036530571654,-0.04937218522581935,-0.03438871116060015,-0.01930766604856695,-0.014351704009816165,-0.06109306941742702,-0.04077944231394584,-0.04119667915596762,-0.006740331572517183,-0.009054669413969828,-0.0030918036530571654,-0.04937218522581935,0.03342811591732596,0.04225757309924364,0.07537155049973962,0.03344295096764113,0.0314978158654389,0.027119598673238005,0.023253589772205756,0.012104547014754944,0.024850747129005007,0.042922815810285855
2012-03-01,2012-04-01,0.03584993745378274,0.07926666668870998,0.019001913488837733,0.04743734466037282,0.0781985910169818,0.014445022863834983,0.01919916740245615,0.007480854477941707,0.058163484469715324,0.04055439355034875,-0.023837794883198083,-0.01645904496515943,-0.011801982017991392,-0.05173564464255327,-0.015189626940485118,-0.02592897273062699,-0.006606319636269857,-0.0021809084639697884,-0.024894234061223142,-0.011187715239683746,0.02238420457262914,0.0417215938109562,0.037383065359426614,0.019366846571682333,0.02073479620788677,0.012725432050926124,0.0176538422437444,0.0003889326510889328,0.020729770890486283,0.03626960519268821,0.02238420457262914,0.0417215938109562,0.037383065359426614,0.019366846571682333,0.02073479620788677,0.012725432050926124,0.0176538422437444,0.0003889326510889328,0.020729770890486283,0.03626960519268821,0.0516234102325978,0.07104035761218766,0.06815003228983568,0.0536283183875636,0.05055261637339278,0.05818866798851424,0.024935224962598743,-0.016600670539618886,0.045857325869154864,0.0690562326285861
2012-04-01,2012-05-01,-0.00522803250519366,-0.018502937264272185,-0.004558828318981088,-0.009416677738725345,-0.014885704328101178,-0.007916137802000874,0.009002558068219202,-0.009978444917946867,0.005152331184922669,-0.022464719861894123,-0.00522803250519366,-0.018502937264272185,-0.004558828318981088,-0.009416677738725345,-0.014885704328101178,-0.007916137802000874,0.009002558068219202,-0.009978444917946867,0.005152331184922669,-0.022464719861894123,0.06601413302788746,0.09551301293962412,0.11544962777021502,0.08788953678245849,0.06867392323384923,0.05662999520442098,0.032822273604854284,0.042402533440111086,0.03432115195980493,0.07772701869682445,0.03692784828834248,0.05193336397386064,0.01709972436959757,0.06102799368968975,0.06290773836735793,0.021489053204825144,0.033315250834296345,0.05553257540476141,0.030894900587962744,0.027187445259619837,-0.0338409281140863,-0.0430926836343453,-0.05120338930935747,-0.07080077640300578,-0.045108769822516506,-0.034832748446552646,0.00795203412321525,0.006324108147976952,0.0005039150907368796,-0.036468964195968276
2012-05-01,2012-06-01,-0.07515572302181074,-0.09292282416662648,-0.11317003237361141,-0.11469551771195809,-0.08847780003269448,-0.07145736197113878,-0.034811412445867274,-0.0054194726171251486,-0.04747719810746984,-0.06761737619971142,0.014676490549691008,0.021438836923107253,0.010844096960052462,0.017768942382772174,0.04056292955307924,0.002896545316864797,-0.004797085623082404,0.008977959964576187,0.011911345518145643,0.035062953004134964,-0.03634640541844519,-0.10111540408837842,-0.03320044216971838,-0.053093177348972606,-0.04389987404548945,-0.05008195603508586,0.00023040881030755161,-0.010558070212951704,-0.005129053531936515,-0.04725026694133812,-0.03634640541844519,-0.10111540408837842,-0.03320044216971838,-0.053093177348972606,-0.04389987404548945,-0.05008195603508586,0.00023040881030755161,-0.010558070212951704,-0.005129053531936515,-0.04725026694133812,0.053492522477013776,0.08849637216322795,0.030523741977634477,0.08459820261976622,0.05849498237751103,0.0683475561958464,0.058365147028819786,0.05218106964001547,0.015433308510814755,0.014702265291474934
2012-06-01,2012-07-01,-0.07034148822033516,-0.04395951204239792,-0.05925664667909203,-0.13425340394304916,-0.07225520198302716,-0.025203925993662536,-0.03158593751834087,-0.009530439073605748,-0.017375137076887173,-0.05674180294211973,-0.016217557412256382,-0.03188086035697402,-0.03260031936990792,-0.07005072812299032,-0.024273369129197003,6.5928390395667e-05,0.010201497316713947,-0.007733134825252997,-0.0012790512534875988,0.012089962681661365,-0.07034148822033516,-0.04395951204239792,-0.05925664667909203,-0.13425340394304916,-0.07225520198302716,-0.025203925993662536,-0.03158593751834087,-0.009530439073605748,-0.017375137076887173,-0.05674180294211973,-0.06623051437985264,-0.05136898929000615,-0.11985794286983431,-0.09499385473344538,-0.037006862473992305,-0.09693747565956651,-0.029454742333059544,0.006577740708251365,-0.021903234393814294,-0.056318497470879705,-0.10927635304193292,-0.12667921283832856,-0.16867962716650528,-0.15956334953823628,-0.1297421080015068,-0.11081072725452198,-0.039448990799611755,-0.011140634442711506,-0.06331870021763576,-0.10706274008807258
2012-07-01,2012-08-01,-0.008296662172607785,-0.012156785034228504,-0.009867721128949208,-0.03709259923503433,-0.006532381187063502,-0.015274583821771957,0.017640251158917222,0.007933325114310701,0.01017079636672282,-0.00043835671119363435,0.0487021937349572,0.04539154143517139,0.051432610558973635,0.024385444285112995,0.04569065956568383,0.07931355514039803,0.029261324095322304,0.005305311179603058,0.045108558341782984,0.06632374325967831,0.009347553636025114,-0.01990733115856959,-0.023591204188661487,-0.003278985317583646,-0.010056162620289535,0.009192398466872323,0.024094336133979072,-0.008207589148884017,0.0011965359057503778,0.01725309023947063,0.0014011457434968608,-0.020904115024895913,-0.041643975705136296,-0.0003537710854125478,0.005173424849452744,-0.018721859671686193,0.03320945018968817,0.03339122784206461,0.03658136377791462,-0.004681264452484336,0.009347553636025114,-0.01990733115856959,-0.023591204188661487,-0.003278985317583646,-0.010056162620289535,0.009192398466872323,0.024094336133979072,-0.008207589148884017,0.0011965359057503778,0.01725309023947063
2012-08-01,2012-09-01,0.02850341121088182,0.016707985064552816,0.07227628853192147,0.00585900334671533,0.04669859739865158,0.03845139659157597,-0.001967312551014259,0.03542183299272836,-0.008185786873033228,0.0461612907400223,0.007383487236076538,0.008297818220327574,0.002242321281861831,0.01380600936858537,0.012873067730443648,6.743525842157691e-05,0.018201857293980127,0.044027178457789674,0.004676048853950791,-0.010626672727360391,0.009063359072062974,-0.002435999381811724,0.004807167821793745,0.040964217736783215,0.0010638975373459657,-0.005946085977838867,0.004293969365238594,-0.011969419661004009,-0.011308654143304455,0.014667015479880623,-0.05223232901972311,-0.09540262073815818,-0.04543578337182663,-0.09066967045457053,-0.06782915389367271,-0.06559934258795452,-0.008806082303668958,0.008981301119629194,-0.040552288923656706,-0.0331560101914813,-0.06224619256163588,-0.05451386263704597,-0.04402201509779374,-0.08302429445757545,-0.06828896660949378,-0.06241096055695861,-0.039317692331791804,-0.042237273619425454,-0.0774270816047471,-0.052472372424295935
2012-09-01,2012-10-01,-0.0024637790847384863,-0.0465963935319527,0.003828192846854546,-0.05890838268892744,-0.002467123931099907,0.011721064629605753,0.0035178009397106337,-0.03976774172333811,0.026931235384172424,0.028390943977723952,-0.011246089954534105,-0.028642388324898224,-0.020728316295991443,-0.013070388248178084,-0.037902252927466115,0.019211574497295568,0.01236612849938406,-0.0065909307912550355,-0.0021053400823357552,0.005187291186486505,-0.04682684404392759,-0.06265153677214187,-0.0705006894333935,-0.07517771708159957,-0.0695039392446597,-0.025050083008605888,-0.0036791967384039873,-0.024004352743698117,-0.031937265919900364,-0.05305757756881458,-0.0031384286395164766,-0.03357725928713465,-0.006747076152934132,0.001027369505727422,0.016129080377065085,-0.005590247209201999,-0.007218916679991177,-0.007824146894883728,-0.019872872986433074,0.03132175573362276,0.027456792745775588,0.006036709322907474,0.05304100550150064,0.03202361476670494,0.015262172717454172,0.031169495805199475,0.02551893168759664,0.012910659557160375,0.011588153751912645,0.037401606539066753
2012-10-01,2012-11-01,0.03282511625587987,-0.0183349561561919,0.054585091822377384,0.04471288971107376,0.006955905710385103,0.06249267005126655,0.015837046492501967,-0.0033212817153251643,0.00367010802457674,0.032492309686247695,-0.04568005474414781,-0.08043822353133134,-0.025622198673271875,-0.08934039358436034,-0.09396726344758081,-0.014092716555812745,-0.020831273574708126,-0.0587000259471059,-0.048930420678448765,-0.029505942104012976,0.027967200450734517,0.011287226727535205,0.006263646998262921,0.08000529770299986,0.01458175807848598,0.01865985354745395,0.027180377603346767,0.004982584651188486,0.0259999941661535,0.021548184496690395,0.00361415161394415,-0.02204084246069278,0.013986937694515832,-0.0001935815086952196,0.018280007339737284,-0.0009168740172736563,0.0035799162406592103,-0.005415703898799808,-0.009912609577422791,0.02863732424930528,0.07714662530439409,0.09496047817021253,0.08400704962327714,0.13291430134062088,0.07930034360891605,0.07355670892557362,0.038008290202220595,0.018279734834573628,0.07512531949172915,0.06420716050434927
2012-11-01,2012-12-01,-0.015536729205469585,-0.03641693091458889,-0.01464009578989038,-0.007702261006878803,-0.004399261130869887,-0.03253395555141696,-0.00279860476703395,-0.010635315512734602,-0.0027960803367829867,-0.016797417102402908,0.009112354335229157,0.005014807129347414,0.050250601594840565,-0.006987815233711607,-0.026479729280798815,0.025593184135645125,0.015473867005205689,0.015832428059064423,0.0014498614707600076,-0.0033150580190204476,0.030783776341799664,0.046748371246305084,0.022830873612532204,0.029856031801963532,0.030833722250923158,0.038603827491230966,0.02748359025629754,0.03715530948083038,0.015670199885555007,0.0394503079080821,-0.0656828294802377,-0.086241887194037,-0.08871650051595373,-0.0915147782794295,-0.07462830559982783,-0.0677650455806813,-0.02590515164889761,-0.03805722406695336,-0.052992641544155894,-0.05149642709747311,-0.04675040188291332,-0.030235717833230563,-0.09662072874121713,-0.04041159392055797,-0.03158882451206332,-0.059868322410407904,-0.0296931399741548,-0.010628079651986887,-0.02997586912212667,-0.04229384661666136
2012-12-01,2013-01-01,-0.06816373085004175,-0.07576902480877426,-0.06242635031495651,-0.09607940963661071,-0.10442274838185028,-0.05283029573818554,-0.03319320494664062,-0.049429505236588664,-0.068282680199075,-0.06874632755364674,0.02876858262142773,0.06316277846480882,-0.0008151709645273161,0.04309919633087199,0.040921384954924735,0.05093892732167518,-0.014272147075220454,-0.03879463677757468,0.02186844937706656,0.05567506085524934,0.0036338568101012235,-0.003419701211266295,0.002369381615546489,0.015859346387424457,0.013867340352474803,0.0038510981557319055,-0.0022920346171297554,-0.026935817390578203,-0.006468382856978634,0.018114661947612604,0.026154468266575213,0.01921720155361047,0.016404101451397653,0.00870923410764782,0.03766852308717123,0.04036679463837638,0.011753279112969507,0.03184819471385447,0.02091576124291282,0.0535086242743792,-0.004158465731703979,-0.038179223609838046,-0.04344310011860701,-0.01407151457604567,-0.029678089425625605,0.003224624505541014,0.02570159273731054,0.015076199143256192,0.029088024286385895,-0.011074254486585444
2013-01-01,2013-02-01,-0.11340633761470234,-0.1602424386055839,-0.15248509577241276,-0.19675164825534971,-0.14489226979897724,-0.11059159384822644,-0.01948200917648233,-0.026393117689281927,-0.06401833389337429,-0.11686860198024882,0.014417663468892625,0.015340266786585472,0.033628888273797404,-0.012257219398334095,0.023672156997139662,0.008931511694544668,0.023277168969040765,0.01098966871787711,0.019303596673334773,0.033231531148662376,0.02229493947772633,0.014736111088198764,0.043764419788189596,0.009680228706800126,0.04433758916803016,0.01955035669347506,0.00682744796802051,0.012677731819953679,0.012456630454472685,0.032605650142993166,0.059977316056186065,0.08059425634762692,0.07599777695161009,0.07085834682319078,0.06847020194821843,0.056973133811562666,0.04007038218052547,0.013321351178166097,0.04940945511767532,0.0745929636919461,0.0024588485091316843,0.004398379074260117,0.007821444568751192,-0.009383117188902765,-0.014949411790026899,0.04159178232223709,-0.02054734692669515,-0.06152525511295642,-0.024391813228978355,0.03685808010845672
2013-02-01,2013-03-01,-0.0031109159056500343,-0.016016507716726892,0.009687493873967178,-0.026961195739936356,0.0007310889060146101,-0.004239815634801792,0.0047524274488283105,0.007853989862603857,-0.00327765496893229,0.012315239444586354,-0.012475206083075742,0.0060634515694483445,-0.006277715481497085,-0.021022583113759697,-0.009012460272777573,-0.02165187146576048,0.003213216722293062,-0.012095720679825268,-0.002362459163020025,-0.012777041033391836,0.012125414604150047,0.012156292677408405,0.01727573762483716,0.021915152979883445,0.017759927020881257,-0.005794106801465226,0.010685635192678268,-0.0067497982375659075,0.020621737593142266,0.026309654045382325,0.018925564754154613,0.019340520853192426,0.022733503385532833,0.04587466181357238,0.0322521308723642,-0.012575020015472959,0.020370470314786136,0.02520009261974565,0.034798951080600916,0.015673373945987563,-0.0029241244175588904,-0.010965216214652747,0.0308491546602428,-0.06305895987694629,-0.03262066602758892,0.0352083588519761,-0.004789813840399636,-0.0535325644656356,-0.006435927695990398,0.03628375401391462
2013-03-01,2013-04-01,-0.09063939159987311,-0.12568165367124853,-0.1563473168837491,-0.10996929989992862,-0.10089772888198775,-0.0738541002016157,-0.040240796777560976,-0.04270816448731207,-0.07952397253419569,-0.0963082582940667,-0.0042361273537116564,0.005850717071224884,-0.03520644029774887,0.0369488640474089,0.013914761503857644,-0.028561994499031247,-0.017760348600805696,-0.003146873503407331,0.010810306254950906,0.0005980197068878104,-0.01188246256172175,-0.031479030848347286,-0.011288518840239278,0.0013386658717538854,-0.010590610309061142,-0.028790247554761585,0.00178256157038407,-0.0004175783271280157,-0.0027792698848337245,-0.020520291565597582,0.019035028031324185,0.013632151559936486,0.031204527820259557,0.028217273353354763,0.017559854632627415,0.005686124401279979,0.028663403979388283,0.030487913550762732,0.01852007759426874,0.005142253240362018,-0.06560827660413278,-0.0816191080142212,-0.036709408977692815,-0.10957122008891555,-0.08228335847552304,-0.06187423264304977,-0.0421845793227133,-0.012239976491105507,-0.07155929786464932,-0.05127204202896464
2013-04-01,2013-05-01,-0.012283053210106504,-0.042948535814963655,-0.037009183554763306,-0.02781903078174891,-0.01864364171063193,0.008967429125451447,-0.01132635398078602,-0.014704345329673272,-0.006778294689158727,-0.006197349395312107,-0.0016103381789258422,0.006043221459601591,0.01181157487108395,0.010326797445133552,0.010137461049408845,-0.012519037016413055,-0.013711835468023122,-0.03365022762323431,-0.0009044695553069131,0.01295033876899684,0.0009400370947602685,-0.012283375268405282,-0.01340674652782078,0.004854803252423164,-0.004691266624997793,-0.004547493693703022,0.0070674751803033115,0.003876104788906742,0.015873676638024192,0.00991599197912054,0.009899738793035961,0.02660743872605192,-0.01736054068219637,0.014265748671047117,0.032016654020833625,-0.005467938259459047,0.016119542664600597,0.028514839069392735,0.028488050198856803,0.002540465961404923,0.0009400370947602685,-0.012283375268405282,-0.01340674652782078,0.004854803252423164,-0.004691266624997793,-0.004547493693703022,0.0070674751803033115,0.003876104788906742,0.015873676638024192,0.00991599197912054
2013-05-01,2013-06-01,0.06820782036695835,0.10433937279541938,0.129266472339165,0.10400273956630786,0.08559596660016391,0.05166436128990176,0.024338843025487285,0.01404502075647448,0.029664199784871417,0.07720826359804583,0.014114529165169264,0.011730376802580232,0.021660426904286684,0.02856479205885763,0.02499057094072865,-0.032332945502961986,0.03185508193370065,0.05402343283874912,0.04555861766358926,0.010454409975683508,0.005227393139851531,0.007367636369497368,-0.005265369403968053,-0.037476806803150894,-0.0035562901801486375,0.018907336284702224,0.028143763178291252,-0.00013641024687491982,0.02504700936700323,0.016208310390270264,0.010370339073945026,0.03488682490501659,0.00972988884670568,0.022071547978508656,0.03334325083201467,0.021061048004081612,-0.014762518221615818,-0.054943635092113564,-0.007325561293979627,0.02721317211586488,0.042388350044249484,0.0077412080831290205,0.06505548798931719,0.03790900649302506,0.029889660887100662,0.05799752376457546,0.0356473001757544,0.01698228772225325,0.02438993361773074,0.05858893101375702
2013-06-01,2013-07-01,-0.01732874601381905,-0.01898761497744366,-0.0277560941148837,-0.050948527044941905,-0.030639335517426057,-0.001055276273953902,0.003266802006260186,-0.019883781139443585,-0.010364480562340917,-0.0035284743056916584,0.012346241215106437,-0.001600952773029768,0.008276702493657664,0.008450429006558426,0.016998091263474836,0.0054366152764722545,0.025263837792984675,0.018132853568547016,0.01797602012214636,0.017852285452248005,-0.006720205711003024,-0.02170773745452134,-0.02747059070118082,-0.04809138946099768,-0.00978115249432672,0.0007623283699375906,0.026820643587337125,0.01770031674029129,0.01946642939547154,-0.0012044177829728595,0.023447597978363023,-0.0016806862880930284,0.022692425748612292,0.02884695823577298,0.022159882254624813,0.003898354778039688,0.03917424346513823,0.03723591703595057,0.0420773114578449,0.02769859324865005,0.044760725205005576,0.05763257675952921,0.12146753188168996,0.02750923796703485,0.05603895139159954,0.020613062173207793,0.057132858703548464,0.022514591566289315,0.049245867326779255,0.021003404500335054
2013-07-01,2013-08-01,-0.022403488827491953,-0.029888133981342064,-0.026967437628449546,-0.041866438112696566,-0.03148721210647587,-0.009359121273084917,-0.018316727687018676,-0.012008434960453424,-0.004113406209858071,-0.03707488726039683,0.03517741402103837,0.03869119835903475,0.04139789002225894,0.059801321560436806,0.037864264575754175,0.017722652620886487,0.021660670720923245,0.014768622033505104,0.034699204938342415,0.04457703335632272,0.03517741402103837,0.03869119835903475,0.04139789002225894,0.059801321560436806,0.037864264575754175,0.017722652620886487,0.021660670720923245,0.014768622033505104,0.034699204938342415,0.04457703335632272,-0.0006377718101772331,-0.001775307011241633,-5.378261821929048e-05,-0.01718296847486692,-0.019458796890644517,0.012840202209033905,0.013733285604584568,0.0027209913855293947,-0.004821001334790433,0.007532691192124822,0.04816504153063399,0.0640856059597032,0.10421296987008724,0.04616265806036681,0.06581752850450598,0.03582939135223613,0.03009869599031472,0.008975987581371227,0.029843275267373823,0.06834333063964473
2013-08-01,2013-09-01,0.0034953355250614618,-0.003093513779778111,0.0062157669505856295,-4.920742634256445e-06,0.003396262060603967,-0.004855653284492209,0.009622313481177943,0.01914425413449533,0.011743793944837877,0.012686938203660857,0.0034953355250614618,-0.003093513779778111,0.0062157669505856295,-4.920742634256445e-06,0.003396262060603967,-0.004855653284492209,0.009622313481177943,0.01914425413449533,0.011743793944837877,0.012686938203660857,-0.007992646581471141,-0.022780582218206398,0.0022290479227770714,-0.015813759865488816,-0.001527519017845317,-0.006349382194000903,-0.005401460945477778,-0.0008328046950165577,-0.02036465888416947,0.005081691275707789,0.0034953355250614618,-0.003093513779778111,0.0062157669505856295,-4.920742634256445e-06,0.003396262060603967,-0.004855653284492209,0.009622313481177943,0.01914425413449533,0.011743793944837877,0.012686938203660857,0.009689667229825394,0.016693096206818293,0.03352660975400392,-0.004258682151347861,-0.0036265918489488203,0.011296197163256683,0.009649809650052712,0.006832614818501035,0.01853103454826207,0.01455073965226144
2013-09-01,2013-10-01,0.0007570770022121212,-0.0409431885201931,-0.04962375735495749,0.017398678852860373,-0.007799624057845678,0.0025935852225571557,0.01078968591177313,0.0014884849796277279,0.0034314941193107906,0.021215052785384356,0.008587143433486839,0.00020794154559305913,0.007533762809949897,0.012064890118662028,0.016245320893280894,0.006827460033756715,0.009279616134487415,-0.033679489059531484,0.01158111768031174,0.01949177955201612,-0.005836563653260806,-0.023751508227911798,-0.02622039463731567,-0.004522849351949465,-0.008471460271430399,-0.010850121330703176,0.006574911894342307,-0.0017334788751408817,0.005103696638909491,0.002266453520026565,-0.005836563653260806,-0.023751508227911798,-0.02622039463731567,-0.004522849351949465,-0.008471460271430399,-0.010850121330703176,0.006574911894342307,-0.0017334788751408817,0.005103696638909491,0.002266453520026565,-0.005836563653260806,-0.023751508227911798,-0.02622039463731567,-0.004522849351949465,-0.008471460271430399,-0.010850121330703176,0.006574911894342307,-0.0017334788751408817,0.005103696638909491,0.002266453520026565
2013-10-01,2013-11-01,0.018490003593935416,0.008678135683679953,-0.01072817082694534,0.018444074313221415,0.013703227616566633,0.024791454729039035,0.015696535232493695,-0.001239862748291281,0.029478829179557506,0.037607789736600866,-0.026652458182652657,-0.04253678992745499,-0.04296030579625969,-0.032975866196108636,-0.0428334777842644,-0.0315273457927454,-0.007796986049259089,-0.008951342566179162,-0.00954385406202359,-0.01537109777480897,-0.06843121880289846,-0.0747811071590338,-0.10983281882587954,-0.09537086397248017,-0.06389557005660379,-0.07533786503837508,-0.021068974145702413,0.006031209934613011,-0.04777757061794234,-0.07806945296646882,-0.026652458182652657,-0.04253678992745499,-0.04296030579625969,-0.032975866196108636,-0.0428334777842644,-0.0315273457927454,-0.007796986049259089,-0.008951342566179162,-0.00954385406202359,-0.01537109777480897,-0.026652458182652657,-0.04253678992745499,-0.04296030579625969,-0.032975866196108636,-0.0428334777842644,-0.0315273457927454,-0.007796986049259089,-0.008951342566179162,-0.00954385406202359,-0.01537109777480897
2013-11-01,2013-12-01,0.01573344924737264,0.011280344256162441,-0.0021852225505359073,0.025554751814016063,0.020408687666532883,0.01301184326337552,0.01190915863471892,0.011905826158818186,0.014957592819157615,0.032246193532028816,0.01573344924737264,0.011280344256162441,-0.0021852225505359073,0.025554751814016063,0.020408687666532883,0.01301184326337552,0.01190915863471892,0.011905826158818186,0.014957592819157615,0.032246193532028816,0.01573344924737264,0.011280344256162441,-0.0021852225505359073,0.025554751814016063,0.020408687666532883,0.01301184326337552,0.01190915863471892,0.011905826158818186,0.014957592819157615,0.032246193532028816,0.01573344924737264,0.011280344256162441,-0.0021852225505359073,0.025554751814016063,0.020408687666532883,0.01301184326337552,0.01190915863471892,0.011905826158818186,0.014957592819157615,0.032246193532028816,0.03039988656171379,0.02004169005420037,0.021340169711581473,0.029080587084876094,0.034469873212077236,0.030560681762819078,0.023832721629437316,0.02685946535307326,0.032296531053934874,0.04493649643301159
2013-12-01,2014-01-01,0.007442583687262459,-0.0029339684599831595,-0.007031833068097917,0.005112545541613114,0.0083824956076125,0.009720577030461587,0.008277386393281242,0.002570937102725923,0.015627897810074898,0.013480446958728628,0.0037254589152781997,-0.012457633656046973,-0.00228554701561803,-0.013210190284186461,-0.0012707156556161225,0.014663507912463227,0.02348562996376159,0.0059918965759979525,0.005040924972088405,0.012485047787066928,0.04062488333863727,0.04723126899344633,0.04867628002621203,0.010630670772006127,0.039533174524194824,0.06618755813340592,0.030901679340080458,0.0030528864537008593,0.03248549218989279,0.055375669410444264,0.007442583687262459,-0.0029339684599831595,-0.007031833068097917,0.005112545541613114,0.0083824956076125,0.009720577030461587,0.008277386393281242,0.002570937102725923,0.015627897810074898,0.013480446958728628,-0.002254243470984101,-0.00513002041978192,0.021341137145654332,-0.013559474445306944,-0.01356755615182077,-0.006460084803857465,0.009090283703317315,0.00156174333218685,-0.003912333180396849,0.006000153785511903
2014-01-01,2014-02-01,0.007297537913868818,0.016516032531954054,-0.001764259159717077,-0.00692426477913846,0.002066071888694317,0.004462728267608008,0.02016356489008556,0.006420632315269794,0.027810869828447778,0.011996692183275155,0.007297537913868818,0.016516032531954054,-0.001764259159717077,-0.00692426477913846,0.002066071888694317,0.004462728267608008,0.02016356489008556,0.006420632315269794,0.027810869828447778,0.011996692183275155,0.007297537913868818,0.016516032531954054,-0.001764259159717077,-0.00692426477913846,0.002066071888694317,0.004462728267608008,0.02016356489008556,0.006420632315269794,0.027810869828447778,0.011996692183275155,-0.013592238761089441,0.0036134104990603834,0.024515049808300375,-0.047697838529899825,-0.024454857082736793,0.0009157686923004485,-0.014284984096607915,-0.037507394671524474,-0.02159951421359714,-0.011134210045024608,0.007297537913868818,0.016516032531954054,-0.001764259159717077,-0.00692426477913846,0.002066071888694317,0.004462728267608008,0.02016356489008556,0.006420632315269794,0.027810869828447778,0.011996692183275155
2014-02-01,2014-03-01,0.000650715013187678,-0.009877764221536248,-0.019709976143844808,0.008372079987832369,-0.0010229795017777966,0.0012483062505811264,0.0031322432772364905,0.007961980002992617,0.006537230396275063,0.005455735980227399,0.04258653213636769,0.04707533975816456,0.03584879439371201,0.03951169977308762,0.05301841213559212,0.042694273206551586,0.03127231808548807,0.03589524448799881,0.046889211865786665,0.05300420426573129,0.000650715013187678,-0.009877764221536248,-0.019709976143844808,0.008372079987832369,-0.0010229795017777966,0.0012483062505811264,0.0031322432772364905,0.007961980002992617,0.006537230396275063,0.005455735980227399,-0.0020444519679228453,-0.012389321225694553,0.0063481183079877514,-0.008310335486616523,-0.013916259805855001,-0.0035560010156219547,0.006490242832331407,0.0043555307198146044,-0.001611148568196094,0.017340825526488125,0.0005173043601004561,0.011006360859036824,-0.025082678414705368,-0.002592348413181976,0.009459660924295378,0.001824444805157012,0.009668026015613852,0.013491162501807442,0.0056207027993640715,-0.0009104675376433204
2014-03-01,2014-04-01,-0.012363801191886492,-0.03236325607087892,-0.039652594447269776,-0.027884683163139863,-0.015648903890535623,-0.012580892000252895,0.0033067888743262518,0.012028456221021232,0.007430383206182466,-0.0055065239970780375,0.024573093567265225,0.034408486093454316,0.024677117045155506,0.01898077272326413,0.045472482883142956,0.0271160459823874,0.007590141788505075,-8.801410353036568e-05,0.01348725221477446,0.0407130481365593,-0.012363801191886492,-0.03236325607087892,-0.039652594447269776,-0.027884683163139863,-0.015648903890535623,-0.012580892000252895,0.0033067888743262518,0.012028456221021232,0.007430383206182466,-0.0055065239970780375,-0.011839980010155744,-0.0420676234440308,-0.01281488178732404,-0.020859381351089085,-0.010279869730887108,-0.021973397062342123,-0.001866764714957822,0.0022319864686623885,-0.009768590221648093,0.004764052614700486,0.02868267674955176,0.02487712963408745,0.020431592709068355,0.010266559024883569,0.03898624320781502,0.02916073174303088,0.05553429706982245,0.02726976570585863,0.024649128622371355,0.03269967769716616
2014-04-01,2014-05-01,0.03758852706320251,0.03914843692732228,0.023818284656689975,0.046896867921256816,0.04508673505804747,0.03734897724335816,0.019055117312300324,0.009615034375860854,0.050828326525058254,0.04848777245339955,0.0007697949558853898,-0.001852142843034938,-0.008281560375767707,-0.0008336478921398983,-0.001965144089390313,0.007065925663749677,-0.010881335352238345,0.014042293728257835,0.019307562730833366,-0.001555511530635434,0.03758852706320251,0.03914843692732228,0.023818284656689975,0.046896867921256816,0.04508673505804747,0.03734897724335816,0.019055117312300324,0.009615034375860854,0.050828326525058254,0.04848777245339955,0.03758852706320251,0.03914843692732228,0.023818284656689975,0.046896867921256816,0.04508673505804747,0.03734897724335816,0.019055117312300324,0.009615034375860854,0.050828326525058254,0.04848777245339955,0.03758852706320251,0.03914843692732228,0.023818284656689975,0.046896867921256816,0.04508673505804747,0.03734897724335816,0.019055117312300324,0.009615034375860854,0.050828326525058254,0.04848777245339955
2014-05-01,2014-06-01,-0.002616545064544149,-0.000660736677988643,-0.0045957497955810694,-0.014240669872126903,0.0026491685523041143,-0.005794340494795616,0.0042114601992448136,0.012544279238759674,0.0050907980825922496,0.0018184038540258948,-0.002616545064544149,-0.000660736677988643,-0.0045957497955810694,-0.014240669872126903,0.0026491685523041143,-0.005794340494795616,0.0042114601992448136,0.012544279238759674,0.0050907980825922496,0.0018184038540258948,0.008866560610612757,0.002477013724399379,0.005576096161845923,0.029294255455918294,0.02478263238955889,0.0029916025685020205,-0.013438878644669416,-0.02339625046938012,0.023398869967283815,0.002816260318378147,-0.014246771320551596,-0.005244278822994854,-0.04578657795925719,-0.01636361431226668,-0.008276804050230195,-0.009690751932142512,-0.005278005334878932,-0.0037893289733084597,-0.012939143537028063,-0.005681250197761967,-0.002616545064544149,-0.000660736677988643,-0.0045957497955810694,-0.014240669872126903,0.0026491685523041143,-0.005794340494795616,0.0042114601992448136,0.012544279238759674,0.0050907980825922496,0.0018184038540258948
2014-06-01,2014-07-01,0.006649631032619246,-0.0045730117967539355,0.001956951192240935,0.010987742276955885,0.009011559266808276,0.014874961138333951,-0.012638629905417953,0.005894119761050321,0.022595685975559512,0.004740759051398209,0.03837111866578141,0.04504598627951928,0.048060587526092255,0.047942727774775803,0.048344242591118636,0.044692318523188945,0.018774102223182737,0.003235483289797527,0.025071866617725827,0.04291651976757326,0.03837111866578141,0.04504598627951928,0.048060587526092255,0.047942727774775803,0.048344242591118636,0.044692318523188945,0.018774102223182737,0.003235483289797527,0.025071866617725827,0.04291651976757326,0.02337814208783593,0.023862137601060106,0.019512631898744828,0.01663741396778285,0.03337844989173053,0.036691392290590215,0.00857558672773504,-0.013965503271933992,0.011541773797617658,0.03870181552310154,-0.005174508019254705,-0.0023992715259804837,-0.01574812086583094,-0.0020917218748876653,0.0016038006227899943,-0.0055419437901219545,0.005442294111596344,0.0005042698158610782,-0.01139802133535607,-0.0058869464535107425
2014-07-01,2014-08-01,0.0588943375167261,0.05524984791635877,0.05370883246120858,0.06766233814102095,0.06909002125358388,0.054113000937266786,0.04452133103408404,0.01916530965443972,0.06556732745948722,0.07278676075123044,0.03227215851657321,0.013464139004741119,0.01468389851278973,0.045057110733529075,0.03861554211809583,0.02753903406722066,0.03210539577216971,0.020095187703464024,0.03691371757310496,0.039931702507009,0.023153267169062387,0.01798992233091877,0.03755442439898006,0.025776217205297148,0.02806572016753836,0.011801816941036606,0.00990176489036433,0.0211970024279775,0.026478236587068518,0.034588485287450156,0.03227215851657321,0.013464139004741119,0.01468389851278973,0.045057110733529075,0.03861554211809583,0.02753903406722066,0.03210539577216971,0.020095187703464024,0.03691371757310496,0.039931702507009,0.03227215851657321,0.013464139004741119,0.01468389851278973,0.045057110733529075,0.03861554211809583,0.02753903406722066,0.03210539577216971,0.020095187703464024,0.03691371757310496,0.039931702507009
2014-08-01,2014-09-01,0.008719127470274882,0.03359297732905089,0.01410876979193059,0.01632482044076692,0.005895387169756117,0.01942412049583432,-0.011499146492691363,-0.015907341657833453,0.0034579741753757998,0.006997901100893062,0.030833362069840452,0.027341836157042068,0.05772013826777589,0.033939331834344034,0.013624369945998,0.03370461775290302,-0.0025925700064946787,0.023559690436006517,0.04123689965233685,0.037389889963237055,0.00014898084795455,0.010548537910932961,0.0082632746286001,-0.00804226878588986,0.002638787967825806,0.00826267878746427,-0.017894124535955902,-0.020349498283410178,0.011045872389540298,0.0006845476598666372,0.008719127470274882,0.03359297732905089,0.01410876979193059,0.01632482044076692,0.005895387169756117,0.01942412049583432,-0.011499146492691363,-0.015907341657833453,0.0034579741753757998,0.006997901100893062,0.008719127470274882,0.03359297732905089,0.01410876979193059,0.01632482044076692,0.005895387169756117,0.01942412049583432,-0.011499146492691363,-0.015907341657833453,0.0034579741753757998,0.006997901100893062
2014-09-01,2014-10-01,0.03290599084899188,0.00976846560782713,0.03281824651158488,0.040822298710181705,0.025648183908538902,0.018122689983260765,0.04305195727791513,0.036197939649834754,0.05333934550140014,0.0360726174009949,0.03629862742745293,0.036813887516080786,0.04242604408475846,0.032031430764393236,0.04256141915587434,0.03375714890247089,0.042507420050581765,0.04313890549335453,0.03382790510487695,0.03234466682402913,0.0021340228154065697,-0.014388303767304194,-0.00808245860091484,-0.00943766094032369,-0.00656823380053774,0.006738394238249026,0.007704875491465471,0.016992242837225974,0.019815553172709707,0.0011779646819624796,0.0021340228154065697,-0.014388303767304194,-0.00808245860091484,-0.00943766094032369,-0.00656823380053774,0.006738394238249026,0.007704875491465471,0.016992242837225974,0.019815553172709707,0.0011779646819624796,0.0021340228154065697,-0.014388303767304194,-0.00808245860091484,-0.00943766094032369,-0.00656823380053774,0.006738394238249026,0.007704875491465471,0.016992242837225974,0.019815553172709707,0.0011779646819624796
2014-10-01,2014-11-01,0.016016802480993977,0.011510622663252621,0.0030484161806392657,0.010232487935567584,0.0312426789417522,0.010454299565795955,0.008745150105036268,0.009674395661122074,0.017742351328098795,0.03780579323246283,-0.013550326900933662,-0.021679638627221512,-0.035656585012197206,-0.01829136440332954,-0.019623912516096027,0.00043710592243369553,-0.00964523022048867,-0.003493705603284136,-0.01333644188619795,-0.013061949397221901,0.0066622038717479015,0.011154779715146492,0.025951551379375,0.006264337570412462,-0.018748880840582276,0.021955338883999302,-0.019393029703174684,-0.01776300863457518,0.010075566641859853,0.009649128307340788,-0.013550326900933662,-0.021679638627221512,-0.035656585012197206,-0.01829136440332954,-0.019623912516096027,0.00043710592243369553,-0.00964523022048867,-0.003493705603284136,-0.01333644188619795,-0.013061949397221901,-0.013550326900933662,-0.021679638627221512,-0.035656585012197206,-0.01829136440332954,-0.019623912516096027,0.00043710592243369553,-0.00964523022048867,-0.003493705603284136,-0.01333644188619795,-0.013061949397221901
2014-11-01,2014-12-01,0.023163357331759754,-0.007317077773517115,-0.005594192344301826,0.03505029827849583,0.01691829999785091,0.02225281429069375,0.033058803924666674,0.06653419078106623,0.038676967379964025,0.011003280433713052,0.015905854065848362,0.012922648007438867,0.016891517206538448,0.04354133225122132,0.02996745693466981,0.0052645096019340015,-0.004265650030698712,-0.021320136876971853,0.016104221724381838,0.027391217498620765,0.046821071859583445,0.00526439981327082,-0.002718391167334618,0.04861083597131857,0.07387410562471744,0.038394636628156106,0.05595945825381023,0.09544050096467326,0.06681852751497191,0.04837170363018017,0.0421067971901642,0.03628533511117638,0.05681187052373759,0.04378241111096801,0.03896996655020274,0.037373436435038036,0.033147096331630536,0.046926249278290005,0.051313362982957786,0.04271669618025587,0.023163357331759754,-0.007317077773517115,-0.005594192344301826,0.03505029827849583,0.01691829999785091,0.02225281429069375,0.033058803924666674,0.06653419078106623,0.038676967379964025,0.011003280433713052
2014-12-01,2015-01-01,0.001785415304569377,0.0003613871219026333,-0.024526369725433365,-0.0014290002278355071,-0.0033277687426164215,0.015826376022134457,-0.005983328950526496,-0.015415949417051777,0.011846464745467486,0.0049079236260549525,0.02341282905206346,0.028633480810795676,0.01892994445651725,0.029830034976691983,0.023604582314497222,0.03060045690522654,0.017160767911916584,-0.017903507054201726,0.01834933168069462,0.022770475510694103,-0.009345731778015336,-0.02180239659868643,-0.04666826605598811,-0.019968804738542525,-0.013249816839590107,-0.0015301726785624768,0.011491491100768057,-0.032640397692651583,0.00023132717381214515,0.008622025149555571,0.02341282905206346,0.028633480810795676,0.01892994445651725,0.029830034976691983,0.023604582314497222,0.03060045690522654,0.017160767911916584,-0.017903507054201726,0.01834933168069462,0.022770475510694103,0.02341282905206346,0.028633480810795676,0.01892994445651725,0.029830034976691983,0.023604582314497222,0.03060045690522654,0.017160767911916584,-0.017903507054201726,0.01834933168069462,0.022770475510694103
2015-01-01,2015-02-01,0.01992944702725488,0.0018529395808528602,0.034344823938362086,0.03381872025568709,-0.009156674590071086,0.02173077449801548,-0.0010397179783751924,0.01696638420111654,0.019907607002099943,0.031064326407310903,0.010473181509716906,0.01432747103922511,-0.07739004011655809,0.012204846900935614,0.023656731627353884,0.027954110849214096,0.02118723708164557,-0.021925131305996957,0.009184567828867975,0.026771925819264297,0.01912213279626359,0.030396366298463165,0.010219083063864643,0.042967428164990704,0.028541809142263716,0.01790868269397284,0.0033423225368639908,-0.008843964074315182,0.008210585259416805,0.02078021584667635,0.03902462980327373,0.04824802349446693,0.047166902706639674,0.0706732224429604,0.07764244328926959,0.025639969602584724,0.004639846130232035,-0.03955189829327624,0.04272928864594458,0.04159356442355981,0.01912213279626359,0.030396366298463165,0.010219083063864643,0.042967428164990704,0.028541809142263716,0.01790868269397284,0.0033423225368639908,-0.008843964074315182,0.008210585259416805,0.02078021584667635
2015-02-01,2015-03-01,0.01579724522716945,-0.0059213606873763786,-0.0020552024133712633,0.010082380776478852,0.01622308908904121,0.00638455197240662,0.022949958634259686,0.003078863129577591,0.05041940611674817,0.021224217819978457,0.01859714438216608,0.0344464319201306,0.027932510527938142,0.021843057995730334,0.020301422410663874,0.007344209487955061,0.009745598022332644,-0.004349881734823395,0.023936467928795484,0.026963666346138677,0.010434201646644811,-0.007273694741657455,-0.04656714811448109,0.04637220216309156,0.050216974816252584,0.007099614255117858,0.0067194506822521455,-0.03719126953314364,0.015898068798514714,0.0007477553799780691,0.0449350614863372,0.0395905244459055,0.08180262959899856,0.04400125803157695,0.04911918454547368,0.02131898384489292,0.053276770562414574,0.06674562844233875,0.0631263433457313,0.03479358546423931,0.01579724522716945,-0.0059213606873763786,-0.0020552024133712633,0.010082380776478852,0.01622308908904121,0.00638455197240662,0.022949958634259686,0.003078863129577591,0.05041940611674817,0.021224217819978457
2015-03-01,2015-04-01,0.027193996208081227,0.03502810246133879,0.02544593252743474,0.030533870703624365,0.034578804793009794,0.047945319526700475,-0.010451092041150658,-0.016207038673717776,0.050097796158826424,0.003194715968984984,0.008615254091823444,0.02694807598219321,-0.001543081472779919,0.019554712515438877,0.006073844901516941,0.007373286783806306,-0.01300406791611334,-0.010690816749449793,0.004749338834278383,0.027590030572528457,-0.0034605116171836352,-0.002686466435890905,-0.0027510168599208067,-0.021341693503229082,-0.011131984676885294,-0.0026856228076170205,0.0013985474566193604,0.012799385366776616,0.01861119861437581,-0.004611982441740128,0.010973802586500835,0.02801869953691072,-0.004713602054821584,0.0137107023500064,0.023678907535840947,0.012241912683752928,0.0010918918050147747,-0.005634241256596666,0.02410223079409928,0.006030249008904372,0.010973802586500835,0.02801869953691072,-0.004713602054821584,0.0137107023500064,0.023678907535840947,0.012241912683752928,0.0010918918050147747,-0.005634241256596666,0.02410223079409928,0.006030249008904372
2015-04-01,2015-05-01,0.030519526940838336,0.03467618188296742,0.05028994032900716,0.04032929984446386,0.027906520738961375,0.017574591832120585,0.02043739231629249,0.014260421216913814,0.02425335144014456,0.048154613130188574,0.011364475544339786,0.016085575519018874,-0.0019936498915095876,0.03699263962173221,0.04068801911336265,-0.018702087058258914,0.005171438303647637,0.010164862703981519,0.014421007485609764,0.031753901869551605,0.013167637845601779,0.02091524894208075,-0.010836937689731303,0.0011243081545324381,0.011573139629320581,0.021197020117421056,0.017926620459105834,-0.03441809136629035,0.02321875188892464,0.03583051715335045,0.024302233453760556,0.013164968267776906,0.00383091748413706,0.02981283466533855,0.012491002843270468,0.02327143682803156,0.01494868859116906,0.01666839323629353,0.0425316158202024,0.03982228294494935,0.022618560951995575,-0.003902746956915686,-0.03292473047684748,0.030990242674086753,0.03825956895051934,0.016823388781773748,0.03734681788770012,0.056909630093601504,0.044148181781976936,0.016942608780551212
2015-05-01,2015-06-01,0.028316138603561393,0.035128386052308495,-0.010505645842443567,0.021675182156857112,0.045714252040932456,0.03154425973158019,0.03136226757763721,0.017180812346177833,0.027965118473020512,0.044211225679616474,0.027427444636469032,0.019504702520362915,0.03694656631670578,0.035316300197887174,0.02435883615237137,0.014569175778236028,0.023793770132722943,0.03586372416966625,0.04091922862879456,0.031401552817797364,0.02441073489138868,0.024327786236881775,0.021919068621714298,0.03347376183497926,0.029229962839619365,0.02357406522059832,0.00918320880382905,-0.004680601490272607,0.028644505705356902,0.03372110263497592,0.02441073489138868,0.024327786236881775,0.021919068621714298,0.03347376183497926,0.029229962839619365,0.02357406522059832,0.00918320880382905,-0.004680601490272607,0.028644505705356902,0.03372110263497592,0.029798018374033494,0.018360902980181566,0.009051878952378467,0.0362491671162463,0.04585863535115652,0.03276357323442229,0.018821197004096683,0.014214593001555262,0.03703152885117131,0.030324942362368396
2015-06-01,2015-07-01,-0.0076793789255521164,0.009820573055093217,0.005619320904640532,-0.014077347826617626,-0.00782577415471973,0.0026517625025810542,-0.02620532190925481,-0.035592746231402926,-0.00462596436001869,-0.00968481643257105,-0.0006904762612745452,-0.030499354798724596,-0.026396630270880284,0.00984597631012657,-0.00992531018576907,-0.009953435965486616,0.00805524379626452,-0.019488179622647085,0.008772234177679186,0.023466355097231835,-0.004561393010848227,0.013064359216387624,-0.026094585166505764,-0.020944168667879452,0.0015439229484982987,-0.005638947217126267,0.005183702027284787,0.00703248157808142,0.013915866762604858,-0.005942524116328736,-0.0216153698144481,-0.024921667506394525,-0.05163371895285626,-0.03895367026414365,-0.0260001221817675,-0.024253158912684647,-0.0024273482085019685,-0.008706636605136724,0.005185660092260631,-0.0195685568525392,0.03629483144145383,0.013265521613831533,0.0031126412381182744,0.04515412784722931,0.0501868237110256,0.04589003434420354,0.028078028971721687,0.03097876260632857,0.042014903745004675,0.032200004736685744
2015-07-01,2015-08-01,0.026646650103227427,0.020798288558979097,0.04918528622686526,0.022980424764366215,0.024333286209073463,0.022605104694343212,0.026763334437030627,0.04891631188157259,0.028462737446225655,0.01997020043097713,0.0033636609508597716,-0.001830022750336338,-0.01854903495021702,-0.0031482530633181348,-0.012938531102684683,0.006274904455817941,0.010669162468646663,-0.008568612602195817,0.019227072792778653,0.012568314088778168,0.04528605100942036,0.008801772144478987,-6.031077197634488e-05,0.0646055811259484,0.05329368870377663,0.03276679342482851,0.051890704074718026,0.08046966531589521,0.05743406260658859,0.05141090804426537,0.006419420752658056,-0.012784657882917588,-0.0017365430330478259,-0.005574055817460139,0.0025398698740098664,0.0008667226125288405,0.024609485576597506,0.035391579023007484,0.015491066516830698,0.002985786719505411,-0.00832688990688637,-0.019275253441927955,-0.05757206904306558,-0.024486698312238365,-0.013938780495182417,-0.010101819049581672,0.01506840598738872,0.03482359181365456,0.020258804215437434,-0.005895881147659664
2015-08-01,2015-09-01,0.03132738763660213,0.026162862798707325,0.005626312541264427,0.0498415127175231,0.056901073952965106,0.04153098437909117,0.00757142297593073,-0.012416276834848902,0.02663721633895622,0.028992063502048707,-0.008446341735134512,-0.002197269157755718,-0.014321201081257706,-0.00656390434951337,-0.011599520372098486,-0.007467715583053376,-0.021220320355667344,-0.00442985401629119,0.016141498555163544,-0.01404030750020473,0.012894754197586043,-0.0019339429916951662,-0.025732257134626246,0.019588964022539478,0.0046027677276973475,0.01669009260952553,0.023431699731494306,0.01763679690065966,0.021048077758348546,0.014390820469878994,0.03158185867389096,0.045216365373018985,-0.014864080163411243,0.02979182732565589,0.02905866450012483,0.04786972101236969,0.028165640769926455,-0.03867676024310579,0.038233300984504115,0.05397834083958688,0.012894754197586043,-0.0019339429916951662,-0.025732257134626246,0.019588964022539478,0.0046027677276973475,0.01669009260952553,0.023431699731494306,0.01763679690065966,0.021048077758348546,0.014390820469878994
2015-09-01,2015-10-01,0.023397159539940468,0.030550795541338598,0.08279076632925995,0.0034426298260265545,0.04444557399771435,0.017517308517637126,0.009113455161738008,-0.008191764451216839,0.023308235672916955,0.0065207529753818815,-0.010802588750844748,-0.037054590753875044,-0.02392082235019579,-0.002077996084914482,-0.011858739394712738,-0.0034883725520798037,-0.02526975192768874,-0.02559592822167943,-0.0038786130081776594,-0.0022157505579369612,0.04295255501593119,0.023709678986763242,0.0326177685398044,0.03790686551853163,0.04780761823123047,0.03941344361488787,0.051146000775544806,0.04855123290298506,0.05701480361759466,0.04288931415334683,-0.012258343643717438,-0.023091677051951108,-0.02710252901663348,-0.029206154344752478,-0.005380100564970805,-0.017357090417544158,0.005086258836204579,0.01963557391068832,-0.007165918150064215,-0.007650881106783244,0.05743142950262864,0.08956667061022075,0.05457097523905813,0.05275846100727293,0.09469016796070007,0.053680389593346166,0.03120233782231017,0.02786647323600588,0.05689511217522651,0.07123509948714651
2015-10-01,2015-11-01,0.026887835337055528,0.04511232430903259,0.027357405382090114,0.03861815864084216,0.03764665568152201,0.029933704614976894,-0.006298222597131418,-0.1387053375181083,0.02520902572319211,0.04855485992713337,0.026887835337055528,0.04511232430903259,0.027357405382090114,0.03861815864084216,0.03764665568152201,0.029933704614976894,-0.006298222597131418,-0.1387053375181083,0.02520902572319211,0.04855485992713337,0.026887835337055528,0.04511232430903259,0.027357405382090114,0.03861815864084216,0.03764665568152201,0.029933704614976894,-0.006298222597131418,-0.1387053375181083,0.02520902572319211,0.04855485992713337,0.026887835337055528,0.04511232430903259,0.027357405382090114,0.03861815864084216,0.03764665568152201,0.029933704614976894,-0.006298222597131418,-0.1387053375181083,0.02520902572319211,0.04855485992713337,0.003878107399348114,-0.002507481040727634,0.005899673231680784,0.025902475527225882,0.011529451199829148,-0.010556766657118195,-0.006310778179447123,-0.000897098028150801,0.0026785185894376146,0.016062248434843197
2015-11-01,2015-12-01,0.016139906069921186,0.03406063792976564,0.014566911840848408,0.0318966132217171,0.026991457064752276,-0.009538224576516907,0.009660392237938492,0.016598557072658563,0.029467960622504633,0.027729235968741803,-0.012525210389292203,-0.029967006764824444,-0.03670711917193132,0.007061197042807107,-0.013569695436843793,-0.02135938264786763,-0.01648904508897099,-0.05348918918103216,-0.009244372102859508,0.009403501509521003,-0.01802673123549143,-0.048572115193447625,-0.045778726948384266,-0.02344054425415826,-0.030669548119005238,-0.018223170150315115,0.00019407102009041943,0.011590017320711793,-0.02403913711804931,0.00681513207720149,0.003104791475918419,-0.03725560717336499,-0.04909156526250681,0.011994093119955827,0.002453443895249325,0.011166911801625259,-0.001677059876747182,0.022945508084475395,0.039973596754865795,-0.009460911695391991,0.02784537225645072,-0.0020668353070241834,0.018163431423046158,0.03476661173195267,0.01220284322090671,0.01979896756609691,0.04517878619212491,0.056270576561757324,0.04180932564597234,0.018258116795692676
2015-12-01,2016-01-01,-0.006645488067197421,-0.013568697115439475,-0.02092647580389412,-0.0017930107614636624,-0.009577022501575065,-0.012982897999099664,-0.009417475387177028,-0.0076581475813481854,0.014327839177655418,-0.0029372753937052937,0.028292551614928184,0.03148619273880324,0.018609541081462677,0.038298613057424144,0.02744620337242498,0.0365061585937326,-0.005290877658386841,0.013658870351486219,0.028051375284049013,0.038386426911882134,0.00413187613533166,-0.0012917417587664341,0.002452209904080146,0.009062138524648659,-0.005004530381937187,0.0070966609586065425,0.0010914699266897252,0.006938777401856765,0.003990317292942799,0.005841985418971916,-0.01881247409658134,-0.03816201981417532,-0.07899788102792392,-0.019201103249781474,-0.02903395787922876,-0.00026080004588251854,-0.0006413124296942973,-0.016419382503939685,-0.023079882875897358,-0.012091830823539014,0.10309085623426667,0.08007734164649709,0.13517244122014255,0.15404624024799335,0.09408573937216719,0.11540766157818928,0.06367489170412671,0.021667411090038,0.07987271347283335,0.08547915442216467
2016-01-01,2016-02-01,0.004177129048241822,-0.0012737291783018042,-0.0003442694058930942,-0.006316646393475985,0.0022336419161085516,0.010532897990998262,0.01002140643295946,0.022566568644364505,0.00659860119387384,-0.005118328881099175,0.0009002010100955839,-0.006432845270309415,0.021249382395777387,-0.02109332071484439,-0.004147879123903008,-0.004206906698960941,0.014554734404443458,-0.003429605298152019,0.012476825162733362,0.0010893253771973397,0.004177129048241822,-0.0012737291783018042,-0.0003442694058930942,-0.006316646393475985,0.0022336419161085516,0.010532897990998262,0.01002140643295946,0.022566568644364505,0.00659860119387384,-0.005118328881099175,0.004177129048241822,-0.0012737291783018042,-0.0003442694058930942,-0.006316646393475985,0.0022336419161085516,0.010532897990998262,0.01002140643295946,0.022566568644364505,0.00659860119387384,-0.005118328881099175,0.01951257286554653,0.019569733918080274,-0.04897084745525083,0.019139919242266497,0.0323405395004129,0.020458657441400185,0.035657987904337746,0.017625721922521,0.022096688582680733,0.04103187179588276
2016-02-01,2016-03-01,0.018788166792155184,0.03385063623019592,0.034739981237350864,0.018252593378605256,0.028550791749987328,0.02786877634336435,0.005609018594875381,-0.02448210915276914,0.007131685015461151,0.015728063558499716,0.018788166792155184,0.03385063623019592,0.034739981237350864,0.018252593378605256,0.028550791749987328,0.02786877634336435,0.005609018594875381,-0.02448210915276914,0.007131685015461151,0.015728063558499716,0.018788166792155184,0.03385063623019592,0.034739981237350864,0.018252593378605256,0.028550791749987328,0.02786877634336435,0.005609018594875381,-0.02448210915276914,0.007131685015461151,0.015728063558499716,0.018788166792155184,0.03385063623019592,0.034739981237350864,0.018252593378605256,0.028550791749987328,0.02786877634336435,0.005609018594875381,-0.02448210915276914,0.007131685015461151,0.015728063558499716,0.021683407512671508,0.01770501508046459,0.01639779577286623,0.023106789254716056,0.02134915224290622,0.026549585902280397,0.014505731636676383,0.026931727914288505,0.020147754105459013,0.019874452123399805
2016-03-01,2016-04-01,-0.006018341950195917,-0.00028139727575080854,0.006261201195208266,-0.0021914140320189648,0.00013970053391603766,-0.007998953292834976,-0.02055792953291262,-0.03763962498127375,-0.006744035392848655,-0.00021049458979875008,-0.006018341950195917,-0.00028139727575080854,0.006261201195208266,-0.0021914140320189648,0.00013970053391603766,-0.007998953292834976,-0.02055792953291262,-0.03763962498127375,-0.006744035392848655,-0.00021049458979875008,-0.006018341950195917,-0.00028139727575080854,0.006261201195208266,-0.0021914140320189648,0.00013970053391603766,-0.007998953292834976,-0.02055792953291262,-0.03763962498127375,-0.006744035392848655,-0.00021049458979875008,0.048616800970050396,0.050439729536034685,0.047961167679377734,0.08173752278397839,0.05563335898183292,0.0489326367904204,0.01902435403034919,-0.009959368374456889,0.0488864391377896,0.03983579149091239,-0.006018341950195917,-0.00028139727575080854,0.006261201195208266,-0.0021914140320189648,0.00013970053391603766,-0.007998953292834976,-0.02055792953291262,-0.03763962498127375,-0.006744035392848655,-0.00021049458979875008
2016-04-01,2016-05-01,0.02168744420986699,0.012317990392695474,0.01178595353793948,0.03746306280357026,0.024417148851310022,0.020465787960393923,0.017224884179578875,-0.002676180248539776,0.013255300014022996,0.03539433136079756,0.028472693394974664,-0.020721516021687748,-0.02617166241144336,0.036185445680194536,0.0231679524280262,0.022063940820068878,0.0470271459007442,0.07508544907494494,0.06468021655260565,0.0218545296540483,0.02168744420986699,0.012317990392695474,0.01178595353793948,0.03746306280357026,0.024417148851310022,0.020465787960393923,0.017224884179578875,-0.002676180248539776,0.013255300014022996,0.03539433136079756,0.030037706290605978,0.023191969764506534,0.03132609289362599,0.041148494733541,0.026943653925260304,0.023826556863465354,0.016728719099788958,0.0339864669690202,0.03407773599814906,0.03815803049479192,0.02168744420986699,0.012317990392695474,0.01178595353793948,0.03746306280357026,0.024417148851310022,0.020465787960393923,0.017224884179578875,-0.002676180248539776,0.013255300014022996,0.03539433136079756
2016-05-01,2016-06-01,0.01642358599087224,0.028572944610900933,0.05136955382605435,0.016957541607991036,0.004750619907505964,0.02448283957604442,-0.014619509344902585,-0.0018216101971104473,0.013934670137271487,0.0195974095542966,0.012141782524633726,0.019122926380588358,0.013608302208993353,0.0070236241123784,0.024940145123872375,0.01006705276268313,0.004979629437700342,-0.01247813518504345,0.007648992554851908,0.02338015584769107,-0.016987010936528286,-0.018017092980306765,-0.027310532778341997,-0.012352784486004059,-0.023730950380295712,-0.01501483822632372,-0.02023704825368322,0.016512675523283955,-0.015539623021729926,-0.017791307578012335,-0.016987010936528286,-0.018017092980306765,-0.027310532778341997,-0.012352784486004059,-0.023730950380295712,-0.01501483822632372,-0.02023704825368322,0.016512675523283955,-0.015539623021729926,-0.017791307578012335,-0.011937913534410635,0.0030955670274024905,-0.012927803720501809,0.0014547913308430478,0.004674371435124867,-0.018284712956714605,-0.03141384422815972,-0.0429861556013382,-0.0038227441781687466,-0.009663693646173425
2016-06-01,2016-07-01,0.005273248103828204,-0.006992206304178312,-0.002232977566969576,0.016596297492395835,-0.004594267056631338,-0.0055673547406254265,0.015555372017294615,0.01333178859794118,0.017458702447566136,0.009623414076231846,0.003803449600561384,0.0014896455232401755,0.006510975090330386,0.006107802443327874,0.0003965975204090668,0.007049399124599741,0.00837171096300851,0.007971576562221892,-0.003607726175164437,0.0017275473238532908,-0.021627010237636572,-0.013932614957482147,-0.0014310342642908538,-0.02222541753878036,-0.016810491356723405,-0.018159223408393717,-0.028446424803772692,-0.023862346576233037,-0.034888966130954525,-0.02163339229390606,0.022758445366487384,0.02468139858889462,0.04782639385412114,0.028473114926917387,0.020513110758271134,0.015269763389545637,-0.0013393389406264576,0.0185508900432573,0.029902139156239647,0.02788669052963429,0.003803449600561384,0.0014896455232401755,0.006510975090330386,0.006107802443327874,0.0003965975204090668,0.007049399124599741,0.00837171096300851,0.007971576562221892,-0.003607726175164437,0.0017275473238532908
2016-07-01,2016-08-01,0.0017354663535396938,-0.010015497502011925,-0.03093389210288318,0.0012821859458331444,0.000794970892306731,0.0030839082228708986,0.018681637021743084,0.00407629592690156,0.0008737158483990981,0.012577500124781881,0.03600604584637332,0.008891818157655235,0.023805337601257238,0.07595714548470492,0.07202720641348127,0.015564848137278412,0.014948146280636426,-0.03271482550753276,0.028353453656795966,0.061091295693518344,0.0017354663535396938,-0.010015497502011925,-0.03093389210288318,0.0012821859458331444,0.000794970892306731,0.0030839082228708986,0.018681637021743084,0.00407629592690156,0.0008737158483990981,0.012577500124781881,0.02291562561612616,0.00632593986725883,0.031510444904372215,0.0262186397462969,0.011831365326110701,0.015285814032123035,0.032717349638864426,0.02394584663004215,0.032719423939462824,0.018895589855706486,0.0017354663535396938,-0.010015497502011925,-0.03093389210288318,0.0012821859458331444,0.000794970892306731,0.0030839082228708986,0.018681637021743084,0.00407629592690156,0.0008737158483990981,0.012577500124781881
2016-08-01,2016-09-01,-0.016699156761974,-0.0083554612198976,0.018897564312699816,-0.0073827918060160175,-0.01094802893366183,-0.031665191193282816,-0.022113234537065134,-0.05123707221160429,-0.010522987785224182,-0.008514031633150685,0.035034660200634095,-0.0006641284625656975,-0.029323912214924655,0.04854662286003202,0.05726870292338539,0.020871348992119676,0.05025243267629991,0.0678067240826535,0.05853131248929043,0.0375384469071259,0.012417149263941697,0.00706145378857118,0.01797518888887143,0.006488365777097015,0.013422323703001482,0.014011887721591168,0.011003271298094223,0.03130530765417523,0.02054708301161641,0.005349795234215637,-0.035107480493229246,-0.019848724983209897,-0.016084907319066845,-0.045178078430378105,-0.03229029775293252,-0.025892612234405782,-0.05406240294579247,-0.015289059530117673,-0.028837567027241974,-0.04420854025755583,0.014735221395945651,-0.0012292948546844696,0.0012999019165920809,0.01989952027433846,-0.0068560292273741885,0.03606796009110006,-0.0006982029430634279,0.01256365279368472,0.026044053088612493,0.0015978021673648951
2016-09-01,2016-10-01,-0.005202489682319322,-0.0010234399927493715,-0.024859448914664066,-0.01230426115595153,-0.0015696293998801467,0.003089583533525777,0.003335080704132347,-0.0064275341423730495,-0.007198206846301736,-0.0023795578412098284,0.024441199428984494,0.033449167590401625,0.035472735930400325,0.03221452342433674,0.0346364724832873,0.020481574546693623,0.006768236094327255,-0.03996959994511436,0.032633404562358824,0.03424696226619618,0.007158838320582267,-0.0033481120942609396,0.004226656312712323,0.019690553551041032,0.008738507301987188,-0.004017597987047391,0.017354435339331363,-0.0009758932516843039,0.005332192089674686,0.013262560900356012,-0.0008595144787958745,-0.011687424025261354,-0.020708698382870556,-0.001387678451358307,-8.273140082949888e-05,-0.004492613847124245,0.005942926671414155,-0.008734951559966836,0.00609459947430987,0.009302943133926336,-0.0020040599178607482,0.0014940070033529554,0.015522788663395721,0.013750851642771823,-0.028235433624798485,-0.00031500685793981603,-0.014148630073501776,-0.0016624131241848167,0.0025587659385617294,-0.01178811457114725
2016-10-01,2016-11-01,0.022313637362439256,0.004557376054934326,0.01507909513555678,0.021629307904521257,0.020836055312416654,0.020473171598001418,0.031950938628768286,0.05060706663288947,0.022241556789897313,0.023420999289769928,0.04435302667704388,0.018396610278659943,0.01787419201944969,0.05918456608389383,0.041312691828748804,0.04090329029326564,0.028197186466407446,0.05823466543295819,0.06520046711886894,0.05104938682576607,0.022313637362439256,0.004557376054934326,0.01507909513555678,0.021629307904521257,0.020836055312416654,0.020473171598001418,0.031950938628768286,0.05060706663288947,0.022241556789897313,0.023420999289769928,0.022313637362439256,0.004557376054934326,0.01507909513555678,0.021629307904521257,0.020836055312416654,0.020473171598001418,0.031950938628768286,0.05060706663288947,0.022241556789897313,0.023420999289769928,0.01437967259399276,0.019548789304196408,0.01365403670253486,0.01083593656730976,0.016653343089129715,0.015464174737116199,0.003373481224260508,0.02118618566400335,0.03155671794959802,0.010934424220935624
2016-11-01,2016-12-01,-0.018010640174775897,-0.02050620384091933,-0.017603731406468818,-0.029227857579189692,-0.015709190038073632,-0.030201397269291774,0.0033774786051088196,0.038474576108436485,-0.010927485893484216,-0.016805143671659403,0.03038388241102633,0.02476697938236311,0.029541441757993038,0.043531356395173346,0.02245653154250022,0.04059421345515325,-0.0037146520803284858,0.021153324247204692,0.031911391830505495,0.03341351500119921,0.005068727174900086,0.0031648248561669257,0.025018096552357018,0.00057713325537119,-0.0022961790599716585,0.0038618104606864805,-0.003692980171997779,0.0256590597313644,0.02409856785479772,-0.00739309114380492,-0.018010640174775897,-0.02050620384091933,-0.017603731406468818,-0.029227857579189692,-0.015709190038073632,-0.030201397269291774,0.0033774786051088196,0.038474576108436485,-0.010927485893484216,-0.016805143671659403,-0.018010640174775897,-0.02050620384091933,-0.017603731406468818,-0.029227857579189692,-0.015709190038073632,-0.030201397269291774,0.0033774786051088196,0.038474576108436485,-0.010927485893484216,-0.016805143671659403
2016-12-01,2017-01-01,-0.003741890627326737,-0.005236147990587109,-0.04555967653633425,0.006040533542365067,0.01397801424530096,-0.012599451787162468,0.045584050008093055,0.032327875383818816,-0.022768808793728116,-0.019789689286741494,-0.05065592811428126,-0.08507909067495345,-0.06374628477637306,-0.04978823945356642,-0.05446777060384095,-0.0454460913172087,-0.05814358472277894,0.00864405003416887,-0.024407092337012465,-0.069929066820121,-0.03608395708134254,-0.06713170131203793,-0.04952962855644688,-0.03177854237122517,-0.044351164395402286,-0.027075436554360892,-0.01803142222039151,0.03136879342879311,-0.04828022000026808,-0.05124134413791284,-0.03608395708134254,-0.06713170131203793,-0.04952962855644688,-0.03177854237122517,-0.044351164395402286,-0.027075436554360892,-0.01803142222039151,0.03136879342879311,-0.04828022000026808,-0.05124134413791284,-0.03608395708134254,-0.06713170131203793,-0.04952962855644688,-0.03177854237122517,-0.044351164395402286,-0.027075436554360892,-0.01803142222039151,0.03136879342879311,-0.04828022000026808,-0.05124134413791284
2017-01-01,2017-02-01,0.01318737612004835,0.004671218429753184,0.028449406677691122,0.026525771046859034,0.0159167063237994,0.019450402983442708,0.004512558925198266,0.0004444247178395488,0.0052458504450268945,0.0024262867069224595,0.01318737612004835,0.004671218429753184,0.028449406677691122,0.026525771046859034,0.0159167063237994,0.019450402983442708,0.004512558925198266,0.0004444247178395488,0.0052458504450268945,0.0024262867069224595,0.01318737612004835,0.004671218429753184,0.028449406677691122,0.026525771046859034,0.0159167063237994,0.019450402983442708,0.004512558925198266,0.0004444247178395488,0.0052458504450268945,0.0024262867069224595,0.015610256637432526,0.019922914876997978,0.024569988079898502,0.042359955315614914,0.02744097931064903,0.008059027875855558,-0.007671683123393809,-0.048876205598566945,0.016914826809006994,0.022095311433507906,0.01318737612004835,0.004671218429753184,0.028449406677691122,0.026525771046859034,0.0159167063237994,0.019450402983442708,0.004512558925198266,0.0004444247178395488,0.0052458504450268945,0.0024262867069224595
2017-02-01,2017-03-01,0.020342650832087993,0.025950872533834865,0.021779694843762635,0.039433851461741644,0.02785514838053863,0.022911735793488635,0.003907422312647723,-0.004622462230358856,0.019968626043325274,0.011638247935298707,0.020342650832087993,0.025950872533834865,0.021779694843762635,0.039433851461741644,0.02785514838053863,0.022911735793488635,0.003907422312647723,-0.004622462230358856,0.019968626043325274,0.011638247935298707,0.020342650832087993,0.025950872533834865,0.021779694843762635,0.039433851461741644,0.02785514838053863,0.022911735793488635,0.003907422312647723,-0.004622462230358856,0.019968626043325274,0.011638247935298707,0.020342650832087993,0.025950872533834865,0.021779694843762635,0.039433851461741644,0.02785514838053863,0.022911735793488635,0.003907422312647723,-0.004622462230358856,0.019968626043325274,0.011638247935298707,0.03498851071249701,0.016274451269633936,0.021763384428129556,0.05608444049174938,0.02240292383100235,0.04387792212520472,-0.005518223446789618,0.03169873903290296,0.04866327092730538,0.0394683723997277
2017-03-01,2017-04-01,-0.011720510152221952,-0.028609069867405787,-0.05334420058488913,-0.024288036093697146,-0.00998054248798735,0.006211582636298521,0.0010567292991543083,0.004218664537145843,-0.018998268777945172,2.0267065657584432e-05,-0.011720510152221952,-0.028609069867405787,-0.05334420058488913,-0.024288036093697146,-0.00998054248798735,0.006211582636298521,0.0010567292991543083,0.004218664537145843,-0.018998268777945172,2.0267065657584432e-05,-0.011720510152221952,-0.028609069867405787,-0.05334420058488913,-0.024288036093697146,-0.00998054248798735,0.006211582636298521,0.0010567292991543083,0.004218664537145843,-0.018998268777945172,2.0267065657584432e-05,0.011075546224466123,-0.0014119393415582115,-0.002852612498020381,0.021069152116048335,0.0028762611497657187,0.014426555516982647,-0.005082435434094675,0.014968173236812342,0.017362080932526405,0.01661256741730249,0.03467162154369004,0.0373896287754501,0.027991784222640585,0.05812554304202047,0.050529536692825124,0.03205478006819223,0.007857291863227986,-0.0585519668320232,0.038455715408658955,0.04794534698009792
2017-04-01,2017-05-01,-0.007694213613777971,-0.01902703103778133,0.0319516198457109,0.01327806160802258,-0.025492484134745103,-0.010883788451836716,-0.012059773550059577,0.03754383408096043,-0.018870634336085785,-0.03652219441281035,0.007858018121587325,0.008954744824318928,0.032360226387203345,0.03133181611072262,0.021818038183731917,-0.006588619844519125,0.007451579746633231,0.04692088673473159,-0.011444423402287417,0.0005650983205884377,0.007858018121587325,0.008954744824318928,0.032360226387203345,0.03133181611072262,0.021818038183731917,-0.006588619844519125,0.007451579746633231,0.04692088673473159,-0.011444423402287417,0.0005650983205884377,0.007858018121587325,0.008954744824318928,0.032360226387203345,0.03133181611072262,0.021818038183731917,-0.006588619844519125,0.007451579746633231,0.04692088673473159,-0.011444423402287417,0.0005650983205884377,0.007858018121587325,0.008954744824318928,0.032360226387203345,0.03133181611072262,0.021818038183731917,-0.006588619844519125,0.007451579746633231,0.04692088673473159,-0.011444423402287417,0.0005650983205884377
2017-05-01,2017-06-01,0.03613071349618475,0.025061869251090562,0.006604878381039321,0.05393818322295801,0.03918228580436501,0.049011500309766455,0.026163978188832038,0.019638979912181886,0.025433794946422963,0.04013618146720858,0.03123003162413799,0.02118039719840273,-0.0015894665712593223,0.028824650503924503,0.02400464729544538,0.05067693005837687,0.026365169226359016,0.010883708430889975,0.01888419460176749,0.04548296852377467,0.03613071349618475,0.025061869251090562,0.006604878381039321,0.05393818322295801,0.03918228580436501,0.049011500309766455,0.026163978188832038,0.019638979912181886,0.025433794946422963,0.04013618146720858,0.008201441339443626,0.012708957513081195,-0.011346710855639385,-0.01872236541298139,0.0050957275905870614,0.014774901143641838,0.017151244309099048,0.01592896382029549,0.02543300094701873,0.0156270400034009,0.03613071349618475,0.025061869251090562,0.006604878381039321,0.05393818322295801,0.03918228580436501,0.049011500309766455,0.026163978188832038,0.019638979912181886,0.025433794946422963,0.04013618146720858
2017-06-01,2017-07-01,-0.0010131875675487428,0.005384435206948027,0.0013840441633534491,-0.0019473888474076922,0.0038371259518013515,0.004579651991059849,-0.007862766700128055,-0.004121513552223014,-0.006190713047950132,-0.0006844614231648043,0.006440669416237355,0.003015533092278147,0.002191605476034612,-0.003228976513394587,0.011253482617473429,0.032947708004496624,0.010208396847905536,-0.016734138245932326,-0.029399022319866974,0.012616930261334154,-0.0010131875675487428,0.005384435206948027,0.0013840441633534491,-0.0019473888474076922,0.0038371259518013515,0.004579651991059849,-0.007862766700128055,-0.004121513552223014,-0.006190713047950132,-0.0006844614231648043,0.03192228569151714,0.042485533664738936,0.06673528925586296,0.10574715830947239,0.07397998091855651,0.0025448781065315383,-0.0238318225605387,-0.025473122608404584,0.02680434319684001,0.03384893993584135,-0.0010131875675487428,0.005384435206948027,0.0013840441633534491,-0.0019473888474076922,0.0038371259518013515,0.004579651991059849,-0.007862766700128055,-0.004121513552223014,-0.006190713047950132,-0.0006844614231648043
2017-07-01,2017-08-01,0.01636356789347971,0.006483773734370673,-0.013924394963197348,0.033365556552125496,0.01187468949674229,0.02215479767668639,0.005077906442112724,0.0024237489173375548,0.024957768481547495,0.017509984286921933,0.02782923812784307,0.011167566328603657,0.016769142986725796,0.06435380226225271,0.03817158245427778,0.025248602398470057,0.012194314188445205,0.02731560521496023,0.00396648766664867,0.0385477824652919,-0.0004078806693436736,0.001874190384324819,-0.012340239856700547,0.01459547755668808,-0.013720491525758594,0.018079720416584257,-0.0015439152754546611,0.010884814140538024,-0.02516436091633963,0.0010796169015589935,0.01636356789347971,0.006483773734370673,-0.013924394963197348,0.033365556552125496,0.01187468949674229,0.02215479767668639,0.005077906442112724,0.0024237489173375548,0.024957768481547495,0.017509984286921933,0.01636356789347971,0.006483773734370673,-0.013924394963197348,0.033365556552125496,0.01187468949674229,0.02215479767668639,0.005077906442112724,0.0024237489173375548,0.024957768481547495,0.017509984286921933
2017-08-01,2017-09-01,0.03589078157628112,0.01967748823823639,-0.014117653926514285,0.06019667974139305,0.027450505139609283,0.05168104635071749,0.018736925953389306,0.020439201192302647,0.03928639194582292,0.03547866388517612,0.03589078157628112,0.01967748823823639,-0.014117653926514285,0.06019667974139305,0.027450505139609283,0.05168104635071749,0.018736925953389306,0.020439201192302647,0.03928639194582292,0.03547866388517612,0.02725764545257367,0.007505578698844689,-0.015361660934997936,0.028841120779197246,0.02227515421947783,0.037547870686919275,0.03907922788389071,0.058040946835112114,0.018195503393003975,0.03079983308817401,0.020583063498851917,0.011733236216795924,-0.0066641589128793345,0.035078411706916494,0.020299722769241732,0.03177565515898015,0.01612410803368658,0.031400717268125856,0.014521876213914615,0.01033794091461078,-0.00547546288582642,-0.003365339754314087,-0.02688393780532549,-0.02121703218675138,-0.010631733764537379,0.011831937538059297,-0.0088785037930386,-0.026077273900554993,-0.006617578093384008,0.009025890369088702
2017-09-01,2017-10-01,-0.0061639292216146835,-0.0019947872216982358,-0.010055982243584543,0.019060073785826873,0.0017881341921278451,-0.007124673765625382,-0.02798659989487896,-0.020602196701697335,-0.00725215312156295,-0.00117487834974506,0.00764569908063863,0.014699330385706552,0.01937532658384245,0.011418710873853013,-0.004407612741639408,0.017346349668331058,-0.024736672044245726,0.008928699641256282,0.014102180565475677,0.007913759500312662,-0.0061639292216146835,-0.0019947872216982358,-0.010055982243584543,0.019060073785826873,0.0017881341921278451,-0.007124673765625382,-0.02798659989487896,-0.020602196701697335,-0.00725215312156295,-0.00117487834974506,-0.0061639292216146835,-0.0019947872216982358,-0.010055982243584543,0.019060073785826873,0.0017881341921278451,-0.007124673765625382,-0.02798659989487896,-0.020602196701697335,-0.00725215312156295,-0.00117487834974506,-0.0061639292216146835,-0.0019947872216982358,-0.010055982243584543,0.019060073785826873,0.0017881341921278451,-0.007124673765625382,-0.02798659989487896,-0.020602196701697335,-0.00725215312156295,-0.00117487834974506
2017-10-01,2017-11-01,0.032745456304735576,0.053007541212148214,0.045062577122135974,0.11855959083384396,0.07866535474531146,-0.0015712259096897704,-0.02373428564029996,-0.031737528604888245,0.027738394148031503,0.050612155889165567,0.02777364333301608,0.03391249202472899,0.0661530402680374,0.037669350574687246,0.02730436810837733,0.04017888874137321,0.019657450734836296,-0.009448203653585185,0.003934632224430851,0.01148844241855377,0.012977807818584213,0.013576408528078837,0.01089480285592808,0.02121928151134229,0.026184012097459228,0.012232171587973028,0.009471188777605107,0.027456900048883185,0.010960539660361307,-0.0020003056619989773,0.007308586943486201,0.01001826896334474,0.00015923914837797856,0.068184769330647,0.0173803279845023,-0.0292768676747369,-0.01011278660254186,0.019073266225790975,0.0419118019514202,-0.02022459330352694,0.012977807818584213,0.013576408528078837,0.01089480285592808,0.02121928151134229,0.026184012097459228,0.012232171587973028,0.009471188777605107,0.027456900048883185,0.010960539660361307,-0.0020003056619989773
2017-11-01,2017-12-01,0.020865705072510315,0.03272340257258198,0.03436465861453981,0.05359655899198272,0.023422047679466165,0.017586790201635925,0.0006197156021864811,0.002786613368771524,0.013640179689898276,0.013216331484403411,-0.03119038288687084,-0.04959342250327252,-0.07937089246462767,-0.04389420585339365,-0.033929497643498195,-0.024858818675441985,-0.015505194610609997,0.004139684854068128,-0.027979306236469874,-0.01650013141670164,0.019463178447328814,0.019586818153310658,0.023295879927211157,0.014872807609670139,0.026418528610280045,0.019322589601913034,0.02863322135091321,0.032635139155486347,0.018832728456665372,0.008078591622176175,0.020865705072510315,0.03272340257258198,0.03436465861453981,0.05359655899198272,0.023422047679466165,0.017586790201635925,0.0006197156021864811,0.002786613368771524,0.013640179689898276,0.013216331484403411,-0.029767234337259245,-0.07655030645871608,-0.06339461191378808,-0.0160238075146939,-0.029192836781295275,-0.027668589189087347,0.006976752882122492,0.05319184715168885,-0.05351877000582048,-0.04406981203398442
2017-12-01,2018-01-01,0.0270633020420208,0.03641369372423097,0.07727123515870216,0.06226529388226604,0.04463392237221507,0.0028704094302158343,0.0042393105579537505,-0.01162789058368673,0.03567701462500673,0.01637985530500735,-0.01263835936438313,-0.03225009177184674,-0.020321237556627958,-0.03375388040100101,-0.018224149636441145,-0.005085189478089641,0.0028321339269174496,0.013288329240248187,0.0027829743088437697,-0.02606090671530174,0.01245351273037382,0.019003004576962877,0.005161825119976586,0.013809319708818203,0.004288045105090642,0.032628806745171435,0.003276116917061753,0.009089001312283082,-0.00712866563384822,0.02069380963250273,0.004205311658266105,-0.008989197160602366,-0.0025317021614081553,-0.009222968364218006,-0.008968207504867797,0.025462121072029536,0.010092809233308204,0.02470747238074682,-0.006150907118681456,-0.0004008690145964368,0.0042141440739887955,0.006526271694624915,-0.02353730428183171,-0.0006634592728305656,0.005858797834220836,0.012447750635800232,0.0008014038457344747,0.009329232556243553,0.01632893149150528,-0.002561228506407636
2018-01-01,2018-02-01,0.017999302642377576,0.020782436443089344,-0.027740643731707374,-0.007881408475717208,0.0201860936973684,0.044476039931786435,0.007597259934958372,0.005166668454732443,0.03341805660615225,0.015370917833411978,0.010362668279765284,0.010736764084114,0.03204097506415662,0.02023147723355586,0.013522003144179067,0.014896085900940452,-0.009274551898917056,0.004104083122048628,0.0006267304910540592,0.004365057620880056,0.005682302756444551,0.009566523486169033,-0.01787097127891707,0.02526872083662273,0.0010585289968719491,0.01434892900870451,-0.007552189240214398,-0.002595819684358633,0.005473434203413296,0.0067982470816485025,0.010362668279765284,0.010736764084114,0.03204097506415662,0.02023147723355586,0.013522003144179067,0.014896085900940452,-0.009274551898917056,0.004104083122048628,0.0006267304910540592,0.004365057620880056,0.024537257839190044,0.032769938194825085,0.018609344319224782,0.0479020792910953,0.030866916614995354,0.032396109943993584,-0.004729045199461579,0.005276125225130237,0.011849309524212492,0.03377553134278993
2018-02-01,2018-03-01,0.010062445630550634,0.008951963400793133,0.0001568659672131858,0.021687760348302908,0.027713298376799398,0.00713885642327289,0.01913083020712487,-0.023121564610195402,-0.006689138559222077,0.025986885294808436,0.010062445630550634,0.008951963400793133,0.0001568659672131858,0.021687760348302908,0.027713298376799398,0.00713885642327289,0.01913083020712487,-0.023121564610195402,-0.006689138559222077,0.025986885294808436,-0.030715463024439015,-0.045375574270463126,-0.07582286030018956,-0.011755439294234084,-0.03530602453611275,-0.015953422605806532,0.007130634668560173,0.013232346299388182,-0.06322228005836203,-0.04209989666607236,0.010062445630550634,0.008951963400793133,0.0001568659672131858,0.021687760348302908,0.027713298376799398,0.00713885642327289,0.01913083020712487,-0.023121564610195402,-0.006689138559222077,0.025986885294808436,0.0353383333415028,0.0397843462166943,0.005240767118843172,0.038842530181835803,0.054805228871487296,0.03904053955160391,0.024146610641255513,0.025992456768225935,0.03810344477166626,0.041884641657921357
2018-03-01,2018-04-01,0.001265930046388507,-0.009461774292024806,0.005555900987735667,0.010402303752687803,0.012525302313879208,-0.00010821126777503173,0.0019055594541602262,-0.001861118269967486,-0.012656029581333654,0.01045141870975242,0.001265930046388507,-0.009461774292024806,0.005555900987735667,0.010402303752687803,0.012525302313879208,-0.00010821126777503173,0.0019055594541602262,-0.001861118269967486,-0.012656029581333654,0.01045141870975242,0.001265930046388507,-0.009461774292024806,0.005555900987735667,0.010402303752687803,0.012525302313879208,-0.00010821126777503173,0.0019055594541602262,-0.001861118269967486,-0.012656029581333654,0.01045141870975242,0.01021219953413114,0.011745761300673082,-0.002062157197411964,-0.002392858343517634,0.01635874233139956,0.0021431190856908804,0.019072217177472886,0.03526707257068905,0.02618605361521287,0.015856304769774118,-0.014081533681617645,0.009794440322726413,-0.0011225424312956075,0.002922201579781531,0.00938616416118968,-0.03985852408374868,-0.016744964662415374,0.01137347302041133,0.006336452411932057,-0.0343845790137951
2018-04-01,2018-05-01,0.006418660792888295,-0.01215261381144532,-0.033863892707403524,0.013557429773204805,0.01795647494581014,-0.002799034467661112,0.024227780574536496,0.059555726971092265,0.0011576406833946756,0.016580027867078004,0.007694305631217341,0.03522064078916943,0.007926602057556454,0.019813274727352382,0.029683667223196795,0.01404039166962221,-0.021897054212404274,0.004734735292361545,-0.014883509216047112,0.015390658853843242,0.007694305631217341,0.03522064078916943,0.007926602057556454,0.019813274727352382,0.029683667223196795,0.01404039166962221,-0.021897054212404274,0.004734735292361545,-0.014883509216047112,0.015390658853843242,0.019910420957724752,0.008066597841185217,0.009107010140499777,0.00935805960265602,0.01732123071764723,0.03186387306790498,0.024311785663848635,0.027642371642291597,0.006281447839015882,0.0249164218938324,-0.02592831970913303,0.02292716831197884,0.02345637959107838,0.036983774910690215,0.011849163670990672,-0.05420973146723829,-0.0689750183076825,-0.07035630340729117,-0.03903938357067342,-0.04788953678182754
2018-05-01,2018-06-01,0.012211575160410978,-0.0008972918880011012,0.03157459633366152,0.021243388731965268,0.0025754192537842287,0.008984030054770522,0.011242003460414285,0.005553227268327621,0.022624971272725745,0.007163255191169997,0.012971415070866531,-0.004781268714621355,0.07128106273631443,0.01448608180388017,-0.01804457113183804,0.007744393264365894,-0.021085962433755358,0.038231356361525665,0.030537636755232165,0.01924881849869293,0.012211575160410978,-0.0008972918880011012,0.03157459633366152,0.021243388731965268,0.0025754192537842287,0.008984030054770522,0.011242003460414285,0.005553227268327621,0.022624971272725745,0.007163255191169997,-0.012125589433149436,-0.04779909368596226,-0.07870466382827881,-0.02662319067308642,-0.003262205530826092,0.00040739008115486114,0.015528123023842495,0.018920099599515593,0.02449511945285266,-0.026581640661443855,-0.022692336803051032,-0.04685059899962314,-0.023228117357410358,-0.03978692037684016,-0.028443107599752975,-0.011265349569385887,-0.007870282439063292,0.029531183647013785,-0.038447014593093305,-0.024884653912667445
2018-06-01,2018-07-01,0.011786208240680506,0.02239998698393053,0.027695426645179492,0.025093832828356262,0.019808994166471982,0.02242122828919057,-0.02625737524161772,-0.029926199959878125,0.007485657172735833,0.006335082645010016,0.02450451103565031,-0.007196692023388325,-0.003596999397862533,0.0325047266142381,0.003190276723236368,0.05042049527866532,0.027200687388317393,0.03903004285402182,-0.0027300718219376513,0.022162873821122822,-0.028364470640916364,-0.03770456459454241,-0.07954726047361535,0.001618454681201943,-0.033364001573560544,0.0036370042032245406,0.0013294281359691896,0.023140727269418446,-0.08181344035977658,-0.050563550189547286,-0.022345339738771387,0.004868407378380211,-0.011875906497066085,-0.02624447076120788,-0.018838221875147623,-0.032553320902748005,-0.017883791658624963,0.014808394351385217,-0.03693999167414533,-0.014412312275732989,0.011786208240680506,0.02239998698393053,0.027695426645179492,0.025093832828356262,0.019808994166471982,0.02242122828919057,-0.02625737524161772,-0.029926199959878125,0.007485657172735833,0.006335082645010016
2018-07-01,2018-08-01,0.023340883796782508,0.025642044100313267,0.004982832767675174,0.047132013926387106,0.02158925211574597,0.02572288097655557,0.013836777351378879,-0.003217309043372578,0.020111594985821397,0.029066000720194267,0.01549610564140207,0.008451689967958413,0.01244648965706748,0.0018971403158235828,0.007969876639448734,0.031086490327005438,0.01511408506504807,0.027499827701614857,0.013005108928787156,0.007916230718364529,0.010253019556411365,-0.0064654322290198084,-0.03363520564961055,0.045722854608474896,0.006260093443541745,0.034517644163794534,0.01845787066728778,0.03759165950523266,-0.01961600389664176,-0.011010385064200566,0.023340883796782508,0.025642044100313267,0.004982832767675174,0.047132013926387106,0.02158925211574597,0.02572288097655557,0.013836777351378879,-0.003217309043372578,0.020111594985821397,0.029066000720194267,0.033811703101121554,0.025329341340276153,0.01277418305938018,0.057329657730558654,0.03522750493963164,0.039646690484314503,0.047014971330527,0.022519962742331333,0.0262397653332503,0.01527286496714687
2018-08-01,2018-09-01,0.01772703818443422,0.018023538739470737,0.054501007918418845,0.03829691692660405,0.013962076606140853,0.011290638117460181,-0.00886982122396376,-0.02382288567363948,0.02185340173132946,0.025523948473247557,-0.027112775838168103,0.0036917538955237115,-0.016190602091450214,0.040885164578092555,-0.004190524141491386,-0.07158452952586646,-0.052450597523264544,-0.04331604435141697,0.00973308657997831,-0.05820978075391188,0.010416621128647854,0.02546250314010747,0.013733082260176725,0.040921162226178004,0.014360383442906098,0.023715890166360554,-0.00710193874376798,0.005688595860254789,-0.009902532148488068,-0.002330460728774286,0.01772703818443422,0.018023538739470737,0.054501007918418845,0.03829691692660405,0.013962076606140853,0.011290638117460181,-0.00886982122396376,-0.02382288567363948,0.02185340173132946,0.025523948473247557,0.016282089081438415,0.021701938361125238,0.04795580677124656,0.007468359289794818,0.009160026924616305,0.027204079255706615,0.021713442955184226,-0.001161086791266721,-0.00739229294973694,0.022682100068627677
2018-09-01,2018-10-01,-0.0028811957047943926,-0.010630198184101963,0.005060131603662999,-0.0036573980344673136,-0.006098287258326935,0.004647696156301078,-0.025805353426144526,0.018310961383236776,-0.010495193084783952,-0.004217800096806749,-0.0028811957047943926,-0.010630198184101963,0.005060131603662999,-0.0036573980344673136,-0.006098287258326935,0.004647696156301078,-0.025805353426144526,0.018310961383236776,-0.010495193084783952,-0.004217800096806749,-0.0028811957047943926,-0.010630198184101963,0.005060131603662999,-0.0036573980344673136,-0.006098287258326935,0.004647696156301078,-0.025805353426144526,0.018310961383236776,-0.010495193084783952,-0.004217800096806749,-0.0256498629795451,-0.022106484621473084,-0.020119062582455147,-0.06413905802077667,-0.01592301093855606,-0.03376940157755051,0.012423948461384256,0.041782256807635546,-0.013626552263724096,-0.04222839019810122,-0.0028811957047943926,-0.010630198184101963,0.005060131603662999,-0.0036573980344673136,-0.006098287258326935,0.004647696156301078,-0.025805353426144526,0.018310961383236776,-0.010495193084783952,-0.004217800096806749
2018-10-01,2018-11-01,0.030157473957749835,0.01699227175018954,0.015271078816944499,0.019760298506851078,0.020935300083296287,0.046997223403619004,0.023304563688269265,0.01992299159904742,0.03394402729251182,0.03025674434214716,0.0008042777619943851,-0.007377866902175716,-0.03808033891766138,0.0030641284287711516,0.005238901199420901,0.01261749709133022,-0.004655112129323987,0.029834634686307395,0.001190617015503147,-0.014342700955802031,-0.009043444140383302,-0.0419187830989075,-0.06318746826528335,0.02078412627495997,-0.016239288596512934,0.0007746496356840146,0.02188873464489574,0.028412467087673823,-0.028505004578539255,-0.02355084354022688,0.017068481736621222,-0.003186203027142988,0.026705332319903626,0.004555254114856189,0.008260508469299616,0.03363987257787732,0.015420884023925687,0.03515075857058679,0.011873286176157061,0.007935940588112502,0.030157473957749835,0.01699227175018954,0.015271078816944499,0.019760298506851078,0.020935300083296287,0.046997223403619004,0.023304563688269265,0.01992299159904742,0.03394402729251182,0.03025674434214716
2018-11-01,2018-12-01,-0.03278807883538333,-0.03775574597815934,-0.023444706031334236,-0.0579648174302065,-0.02121089963133442,-0.04026181172496296,-0.00803725906812465,0.016467305273186298,-0.033745676462829007,-0.030445757194119516,-0.0017449527618951,0.006071607008050078,0.005582668835655817,0.03538299244111259,0.004984249742548396,-0.017132096315125914,-0.01992328445959994,-0.03104551957680371,0.013425771949646972,-0.014477166130608317,-0.03681361835621852,-0.05457544655015048,-0.1107104523748807,-0.01429852205617576,-0.04249730362641118,-0.0012899639409490772,0.005625061420944842,0.027853205470682922,-0.08570430777281926,-0.06291866831699006,0.016667774724910128,0.016591719847132612,0.0012762178791083118,0.025082555132590764,0.022603928421777157,0.03102004377358868,-0.00755272146322811,0.020812909397279915,0.011576623163252645,0.007591551501381893,0.016888209864508785,0.008171974994752569,0.03642235990313807,-0.0026420794987459875,0.008455451057719054,0.032654778276811874,0.0026847277636156274,0.021407291536404714,0.013971271599168831,0.019133957122648097
2018-12-01,2019-01-01,0.016736271008332443,0.023091872642023288,0.03575299713289554,0.044026330733751846,0.0399636808142201,-0.011777828540639662,0.018974015943526792,-0.0022225897087519283,0.03173600811309461,-0.0006264141473169439,0.011809666500619926,0.01150975811755649,0.05724916851779467,0.0810378570948458,0.034538870939316804,-0.05486490738833261,0.03089483225488796,0.01201427022324041,0.03602764143488515,-0.009086667953241395,0.016736271008332443,0.023091872642023288,0.03575299713289554,0.044026330733751846,0.0399636808142201,-0.011777828540639662,0.018974015943526792,-0.0022225897087519283,0.03173600811309461,-0.0006264141473169439,0.016736271008332443,0.023091872642023288,0.03575299713289554,0.044026330733751846,0.0399636808142201,-0.011777828540639662,0.018974015943526792,-0.0022225897087519283,0.03173600811309461,-0.0006264141473169439,0.016736271008332443,0.023091872642023288,0.03575299713289554,0.044026330733751846,0.0399636808142201,-0.011777828540639662,0.018974015943526792,-0.0022225897087519283,0.03173600811309461,-0.0006264141473169439
2019-01-01,2019-02-01,0.021638743315379464,0.015585140030177774,0.036522386177822296,0.0347567961058648,0.017267064236161186,0.026500259502099242,-0.006172883391299215,-6.64386727646845e-05,0.023560763971896343,0.01841105788840005,-0.02771987383577753,-0.04013545253264238,-0.06417043088490275,0.0032317963105194204,-0.0353865040972229,0.0004726837762144137,-0.0035972353481349135,0.0252135777595024,-0.07893305314672616,-0.047101013679835525,0.021638743315379464,0.015585140030177774,0.036522386177822296,0.0347567961058648,0.017267064236161186,0.026500259502099242,-0.006172883391299215,-6.64386727646845e-05,0.023560763971896343,0.01841105788840005,0.02891973792503496,-0.005402977130829615,-0.00817108151309689,0.03492448492917206,0.02808497186031756,0.04020448207543747,0.03738759029836844,0.059662497407042395,0.01487027697021091,0.03222576687530037,0.03855344244044407,0.05526558600715082,0.06532187317538121,0.11762602129527325,0.05848471400876789,0.03436544668877585,-0.04333531287513926,-0.049760105203066195,0.035099174830321545,0.03687564889412432
2019-02-01,2019-03-01,0.01673777559681201,0.008196353779110977,-0.019847700357503207,0.009887315595582957,0.007766189533932044,0.03745922054945061,0.020273270245491314,0.027943347876261675,0.010143648705850699,0.01090879983414495,0.01673777559681201,0.008196353779110977,-0.019847700357503207,0.009887315595582957,0.007766189533932044,0.03745922054945061,0.020273270245491314,0.027943347876261675,0.010143648705850699,0.01090879983414495,0.01673777559681201,0.008196353779110977,-0.019847700357503207,0.009887315595582957,0.007766189533932044,0.03745922054945061,0.020273270245491314,0.027943347876261675,0.010143648705850699,0.01090879983414495,-0.001252708331997171,-0.008701075943810244,-0.017731528791687913,0.002446160469040403,0.0025874015872552475,0.019971358210739885,-0.03282209146969616,-0.01457760005687168,-0.017382533842954042,0.005281306857569123,-0.014382757597605895,-0.02317817916582046,-0.06477794924982545,-0.015985695079146236,0.03016034914678274,-0.01561984479650523,0.007350255712755206,-0.07201507726797102,0.0027807184487271455,-0.03535373312293619
2019-03-01,2019-04-01,0.011964123174961388,0.012363768889106879,-0.007552734617699108,0.006095678037544529,0.01124227214109458,0.025690214819384653,0.012455697924179124,0.006874654707445102,0.004759788134231493,0.016279021731525213,0.011964123174961388,0.012363768889106879,-0.007552734617699108,0.006095678037544529,0.01124227214109458,0.025690214819384653,0.012455697924179124,0.006874654707445102,0.004759788134231493,0.016279021731525213,0.011964123174961388,0.012363768889106879,-0.007552734617699108,0.006095678037544529,0.01124227214109458,0.025690214819384653,0.012455697924179124,0.006874654707445102,0.004759788134231493,0.016279021731525213,0.011964123174961388,0.012363768889106879,-0.007552734617699108,0.006095678037544529,0.01124227214109458,0.025690214819384653,0.012455697924179124,0.006874654707445102,0.004759788134231493,0.016279021731525213,-0.036064754852771004,-0.044237565115497035,-0.036497456859582986,-0.0720545602252235,-0.03509794436772149,-0.04794498930525689,-0.010194635490346415,0.02602727124693673,-0.02968668722887278,-0.019373637061547135
2019-04-01,2019-05-01,-0.013567180909011354,-0.03323670163850893,-0.022765107879845977,-0.011782151932905036,-0.03624423195401235,-0.005058527143636717,-0.027943247866040074,0.01342721244445491,-0.030554113447229494,-0.0038599390106668977,0.034923300039189815,0.034465104826378254,0.055602222641468836,0.09067019609268798,0.051745170908668356,0.028599136790377195,-0.01477436224203638,-0.008442070189735062,0.021416083225494147,0.03741921968726623,-0.04761382050375772,-0.06312898033138359,-0.11852490045801949,-0.03868482994133635,-0.06894685496047775,-0.0503082594808241,0.0003622040865055437,0.03606654008994722,-0.05272942311292549,-0.04457808891588359,-0.013567180909011354,-0.03323670163850893,-0.022765107879845977,-0.011782151932905036,-0.03624423195401235,-0.005058527143636717,-0.027943247866040074,0.01342721244445491,-0.030554113447229494,-0.0038599390106668977,0.02340192983172484,0.0006761850063590909,0.009877494779000209,0.004523468940865912,0.02250852268452547,0.030886660938084613,0.014102035419011227,0.008526189136520526,0.03659548522253098,0.03529267409162472
2019-05-01,2019-06-01,0.005165718196757894,0.013505556627635026,-0.02590697960619401,0.009004037493193874,0.006457978380086615,0.028330575471979307,-0.01873866534131952,0.0034140955441467535,-0.009391856611192028,-0.008002060840108034,0.005165718196757894,0.013505556627635026,-0.02590697960619401,0.009004037493193874,0.006457978380086615,0.028330575471979307,-0.01873866534131952,0.0034140955441467535,-0.009391856611192028,-0.008002060840108034,0.011188485056166228,0.028342211231056125,-0.004246519825534634,0.02296308816540677,0.01997896046792225,0.01642419291132694,-0.013440878370942978,-0.005981785584522499,0.024009208304742326,-0.0038430399135830915,-0.07703953069770292,-0.03127386179438424,-0.15514902212394202,-0.002811987460806114,-0.018038196243480176,-0.12621146928830115,-0.06854651450763155,-0.09210692215869887,-0.08524556729518838,-0.08140610498797686,0.005165718196757894,0.013505556627635026,-0.02590697960619401,0.009004037493193874,0.006457978380086615,0.028330575471979307,-0.01873866534131952,0.0034140955441467535,-0.009391856611192028,-0.008002060840108034
2019-06-01,2019-07-01,0.031807880325531,0.03903551950201549,0.030036973291206862,0.0491919354369488,0.05100913449687651,0.054424349998598714,-0.06326056729803067,0.002804287004370687,0.0039611493546117885,0.017571420664705652,0.031807880325531,0.03903551950201549,0.030036973291206862,0.0491919354369488,0.05100913449687651,0.054424349998598714,-0.06326056729803067,0.002804287004370687,0.0039611493546117885,0.017571420664705652,0.031807880325531,0.03903551950201549,0.030036973291206862,0.0491919354369488,0.05100913449687651,0.054424349998598714,-0.06326056729803067,0.002804287004370687,0.0039611493546117885,0.017571420664705652,0.03342268962993762,0.0367873658869142,-0.021082649932357343,0.023663744090594876,0.05495414532355782,0.046077680546350926,0.001545324354388108,0.02443748588536719,0.0382936301942422,0.04776819485021392,0.005150643538729871,-0.024505071023105566,-0.03793109272030705,-0.006297412933995064,-0.0018443121870620298,0.051578764970616496,0.012698194673042298,0.021225454402196028,-0.028074425201592902,-0.0015126372571071574
2019-07-01,2019-08-01,-0.009759969581097767,-0.031096437242485345,-0.045506667845746106,-0.008260821518329284,-0.02893211122722831,0.007317690312178313,0.002881516598583536,-0.0005813926187235932,-0.008685363829559548,-0.025893347933383153,0.018844239256981442,0.028491820319595615,0.008032391052991672,0.028602142388382407,0.01779585000854835,0.03073644494642693,0.005081575699114237,0.0042843637544655875,-0.0007700224930564745,0.02755653398782667,0.018844239256981442,0.028491820319595615,0.008032391052991672,0.028602142388382407,0.01779585000854835,0.03073644494642693,0.005081575699114237,0.0042843637544655875,-0.0007700224930564745,0.02755653398782667,0.018844239256981442,0.028491820319595615,0.008032391052991672,0.028602142388382407,0.01779585000854835,0.03073644494642693,0.005081575699114237,0.0042843637544655875,-0.0007700224930564745,0.02755653398782667,0.004711868585562144,0.005790140326228422,-0.024455366171522885,0.017865246685030603,-0.006853419404780009,0.016890054464607295,0.015086258570287458,0.005095855422687177,-0.023805516002798677,0.012657434002562366
2019-08-01,2019-09-01,0.028827363787213456,0.0273115617150409,-0.00465179344096376,0.029464926063957314,0.02145490476972928,0.06033155204465143,0.022367475291715108,0.0117399690915861,-0.0020582525749151814,0.03300165801823121,-0.03689174884748273,-0.009273674447622128,-0.024848923788548447,-0.037301378451994646,-0.03200177491734193,-0.03156417131693157,-0.051908990586073574,-0.07283041344740601,-0.05593489125889721,-0.02860944813127242,0.06550092009759209,0.06662646119048313,0.05611051673250845,0.06104737865230153,0.05554436084922077,0.10389702291138546,0.029653449892384966,0.012679473403510791,0.0577171913303033,0.07481686541556674,0.028827363787213456,0.0273115617150409,-0.00465179344096376,0.029464926063957314,0.02145490476972928,0.06033155204465143,0.022367475291715108,0.0117399690915861,-0.0020582525749151814,0.03300165801823121,0.028827363787213456,0.0273115617150409,-0.00465179344096376,0.029464926063957314,0.02145490476972928,0.06033155204465143,0.022367475291715108,0.0117399690915861,-0.0020582525749151814,0.03300165801823121
2019-09-01,2019-10-01,0.00880621927341245,0.032362834494551636,0.01352709231688725,0.09612936722615348,0.03139663787479852,-0.017686089313506462,-0.020279754345770607,-0.02211257061627168,-0.012336926347085974,0.012470948558217312,-0.018662559108795593,-0.01808230736027558,-0.04271668442829463,-0.015286763493488462,-0.029560883774144477,-0.02035622807338767,-0.030105491048585467,0.01172956449900583,-0.031209554013424037,-0.003010310684433734,0.004454258955746897,-0.02475156355791353,-0.05099687625311529,-0.003598992844397981,-0.013138615217417101,0.021115857631362492,-0.0032973546921053146,0.03593842421629228,0.0025801788152719947,0.020738398547211042,0.0009378397521595735,0.0010910841165155888,-8.60920101593294e-05,0.013932606565278194,-0.002968010353674013,0.005943922885564306,-0.0163852725611393,-0.026278510427298958,-0.0022216643778524905,0.007032750876149244,-0.024217783630976687,-0.037557309253306526,-0.054022309754629225,-0.00866019244875838,-0.030971997650206168,-0.015960988204856787,0.001461292761047319,0.010187675362793953,-0.041616244890335594,-0.03374393132004633
2019-10-01,2019-11-01,0.019109904036459957,0.05372548243612649,0.016219513524946407,0.09166399434044736,0.07485092046446688,-0.010635470415762089,-0.07377109816183317,-0.02740799672020564,0.015474761471585888,0.04517203121649552,-0.05008869188861433,-0.0339668061795012,-0.07744194721415482,-0.017607213662581903,-0.03876430942312595,-0.06234931664575699,-0.05364952442749331,-0.0777792539788277,-0.04955250835712191,-0.059826962660131204,0.03198584901207316,0.012742627950736147,0.009687746579681144,0.016815817915040415,0.017126462622070578,0.05790591743118807,0.015405176293703924,0.01196637794850912,0.02910025496588311,0.043745120053464856,0.0059277131004706165,0.0031173615854981317,-0.012234985147177408,0.001220019747317504,0.00037849512191730737,0.020403507416893646,0.006891348778809096,0.03418236572850791,-0.005272017273463178,0.0012495522208789776,0.0059277131004706165,0.0031173615854981317,-0.012234985147177408,0.001220019747317504,0.00037849512191730737,0.020403507416893646,0.006891348778809096,0.03418236572850791,-0.005272017273463178,0.0012495522208789776
2019-11-01,2019-12-01,0.013898913135479604,0.01486818650958547,-0.011353972535497147,0.018875435967059505,0.02070235532918403,0.01916162682460847,-0.0036028472837808453,0.0116183125521814,0.028796600650884362,0.003352191946364493,0.018798652520486236,0.025547183419182697,0.05912495010973623,0.05539498181822647,0.0646222120111546,-0.006027081311608977,-0.023411536200985794,-0.033902662417539864,0.026541546119615553,0.018774862262184767,0.01024919767274259,-0.007889526182303454,-0.045590635026596354,0.03148818591460628,0.035717556660843065,0.0002287872609540052,0.029727127493325723,-0.02882051491570172,0.021973358825322233,0.00406419441425949,0.014749986152635291,0.023355679520725328,0.0071224827738299995,0.010939737743355115,0.013019878324908488,0.04500914935051577,-0.01648730317168846,0.005976992740528069,-0.006859234710530245,0.012617208562294778,0.003593866008992244,-0.015085983598077127,-0.05630617970081606,0.001144186163619415,0.0013595264689392136,0.04490465215581667,0.005648311596408697,0.00026804464897897326,-0.013920037216082759,-0.00022912918052935168
2019-12-01,2020-01-01,0.024847302402854876,0.04512388216285244,0.045734390272805764,0.08148639415776085,0.050401590070531944,0.014525030103077194,-0.024606322656676994,-0.004543697966772579,0.006874583467532499,0.027085690999932254,-0.04372911778712636,-0.03478979476071874,-0.12366269784111668,-0.06052140677930432,-0.06314698407331285,-0.027566511697775395,-0.008815503730870998,0.02586980061103534,-0.03242624605359276,-0.0531805673711528,-0.016656599343509892,-0.02318218856957904,0.010852671591035909,-0.06531840226880953,-0.024552316589599457,-0.0182140325695591,0.0010484295657897358,0.0430304554121608,-0.017025596903309976,-0.0032790111629811157,-0.0008833443874623845,-0.0014521417666524782,0.004627004980516171,-0.008786864690456295,-0.012742916300613966,-0.002274264026911346,-0.001995201776337812,0.014920823986931597,0.009851037602757531,0.002563526162778506,-0.0008833443874623845,-0.0014521417666524782,0.004627004980516171,-0.008786864690456295,-0.012742916300613966,-0.002274264026911346,-0.001995201776337812,0.014920823986931597,0.009851037602757531,0.002563526162778506
2020-01-01,2020-02-01,-0.013972274245389976,-0.04467686896314535,-0.02894343383359891,0.033083728532181736,-0.03763887030626306,0.02228976670831341,0.0009000842870569396,0.021154787476955754,-0.07997731661168925,-0.04109585526501951,0.010764644370113634,0.002383552511346799,0.019170485264848654,0.06963543078635039,0.005883559930180122,0.002178342750742756,-0.0052594160246410325,-0.020253148521813646,-0.00943033123229821,0.015981514313538905,0.02268185005361558,0.0395510768409763,0.02768421643330477,0.07726018768181989,0.05373735203617305,0.006429496928026749,-0.023188526820795967,-0.024752733398758574,0.0045365071102157085,0.04820478419262418,0.0012956978901738476,-0.012375882926353712,0.02618001171609762,0.021928230560003873,-0.011168787692788468,0.013287683379441702,-0.004920383198989603,-0.053370462206975465,-0.022924615692531944,0.00639209581022771,0.010764644370113634,0.002383552511346799,0.019170485264848654,0.06963543078635039,0.005883559930180122,0.002178342750742756,-0.0052594160246410325,-0.020253148521813646,-0.00943033123229821,0.015981514313538905
2020-02-01,2020-03-01,0.0010417210171939206,0.01079594255757057,0.005328469572193829,-0.004797098718670021,0.02469038097470642,-0.010331803785683578,-0.008699776775280657,0.010995843569674977,0.0205917026936763,-0.0010356799106821992,0.021938727181034894,0.0053271321640842376,-0.004529545189288659,0.01854524214973899,0.020847712753873718,0.03987977819118378,0.011808837167926916,0.013030223157325096,0.024224134088843156,0.010224712927518368,0.03558973127683697,0.01788795421658418,-0.009490027801212879,0.03890632990311659,0.025166289071038676,0.05848294136181892,0.03403485004796669,0.05594281200304405,0.02680104986500688,0.02728315155839181,0.01765564433007829,0.001755558178815543,-0.0002322194484422409,0.031877210943343115,0.01790103800381443,0.027240403659388505,0.017788816767581907,0.0063688891950111366,0.027937005250952607,-0.007004606071613434,0.017377156892181892,0.023761212192239003,0.051950471148648744,0.08532448133432617,0.05936053051930581,0.002090702427987889,-0.02727931549614089,-0.07025822256268299,-0.0007180776706413658,0.008701307678521949
2020-03-01,2020-06-01,0.07628138944843019,0.07975053754713399,0.26192084438482793,0.5991902505775257,0.24459414192688544,-0.11528434138696719,-0.1656332157381419,-0.1202788516315441,-0.05753505501005353,0.046379343300525025,0.01636370132526697,0.053296134960377946,0.1142025735870656,0.10958785185661671,0.05985840563114424,-0.0374372253024229,-0.0012856008383899716,0.03989435507447377,0.056037745593017815,-0.0755899390327972,-0.2394789478448551,-0.17852200682134745,-0.3724071953174811,-0.377109953158799,-0.24096283863539736,-0.24146622553629965,-0.17885175957812574,-0.008821029611177903,-0.23598744439722125,-0.2183867363170072,-0.04654059819493589,-0.053567792543043447,0.02253311077543538,-0.12020311016585643,-0.03997782037801869,-0.06631171162546354,0.012331500208719096,0.08896864808963595,-0.035785412593710306,-0.08550177502094569,0.026852901788339212,0.012942102352772718,-0.08232426139452459,0.013274852155309491,0.028832666632721268,0.046589362404537316,0.025762498936988645,0.0714621120147742,0.034924366287600594,0.000694663935263547
2020-06-01,2020-07-01,0.024506718652807465,-0.023723626569518045,-0.09779906795500773,0.12850731624803832,0.10922111464393713,-0.033982489289352234,0.11673533580848677,-0.06322581707924091,0.04360324333743863,-0.01386041007443711,0.22078924901826444,0.16229821310073034,0.2684324066940104,0.2812283947574961,0.261946145140364,0.3028546038987451,0.12279022694140818,0.331059495025928,-0.007403268485277716,0.2978002934944525,0.12537075846829537,0.12813670716193715,0.13787424683036695,0.08471735737389223,0.10446387099443452,0.21851223310105716,0.1262922446766674,-0.021624583767001708,0.03600047345115371,0.15466972720389816,0.07024161827952868,0.10600869798632151,-0.2653660055660455,0.15061189374625406,0.056566062547076405,0.1609753609025864,-0.009256074980160397,-0.03880620563308361,0.09665326884162954,0.08581335556721335,-0.012549728390282257,-0.05908504162582506,-0.0038348846464001177,-0.08128296238757413,-0.027210960079107636,0.08381697197685509,-0.059235469568115526,-0.08848674198519242,-0.09238301473433208,0.021934078552298116
2020-07-01,2020-08-01,0.08231340251442554,0.08528553987850275,-0.09319960995160195,0.1334304387839142,0.07786269818258659,0.10881846713064297,0.06108880577433613,0.024610233236020622,0.10630264440661788,0.08800134909778817,0.02117644436083262,0.020190392721473896,0.01226990025512002,0.0009636526598194185,0.035747837265273294,0.07632826568535574,-0.020711780544381934,-0.06021053889870928,-0.020686250527455367,0.03306942155209764,0.022807044506176107,0.010470198676996948,-0.04027335908308995,-0.03948025361851354,0.014514962285321177,0.0686102317793154,0.029696883320331355,0.06488048772377228,0.01631990954012391,0.02850825813511962,0.15361267916972454,0.1394961123834633,0.20210084043586504,0.21187530370999008,0.19937425869491943,0.1568080258775615,0.12827625888631422,0.006540168291407988,0.1456780482103098,0.1348487422992936,0.12096739175673475,0.05059689865349612,0.02778507322523454,0.09229661442500302,0.1138774099582053,0.2607452420837599,0.04499695451984423,0.09045730435893166,-0.026597481257534143,0.1526680453311313
2020-08-01,2020-09-01,0.0067344267189562435,-0.005020718038447149,-0.0547623130344365,0.00026024642413030943,-0.0010704787124304685,0.03245663573229524,0.00790243588991631,0.019471543113323234,0.0026297943265584083,0.0037286009085733783,0.05505346070118863,0.007708095205602482,-0.04152093324444531,0.015298446198128403,0.020542707303789997,0.12492155991022652,0.07771307771878944,0.08136154590813163,-0.006208215049803536,0.0836251979269469,0.0008217029327464312,0.021100851016865825,0.021433592144715352,0.03673159425248543,0.009177115204477455,-0.013322226877674224,0.02049736926416145,-0.07004936728559359,-0.025942994026776283,0.02427691680782891,0.14415440153444292,0.17573215440673576,0.30123164625900056,0.1274278346336514,0.10784575555507275,0.2076753515735164,0.05416483706583509,0.07963171349224205,0.11034489787832188,0.1505813396422508,0.0235918616265455,-0.0024672692528537876,-0.10386655088489634,-0.0039792139534119905,0.009826557257284204,0.07496432209739272,0.015540567678539039,0.053070934772677596,-0.012202178157635277,0.021903282783772647
2020-09-01,2020-10-01,0.018845971682631694,0.02842213683331255,0.031629714051615875,-0.012898812983038188,0.01932657523293048,-0.015504933399240445,0.04234198445326606,0.08776641344614731,0.05348366827621398,0.040020806339544295,-0.05228097740776132,-0.019196329454066564,-0.04975420050239922,-0.043354589145376626,-0.052237866895440466,-0.08625875548476321,-0.04239511921087311,-0.10657532403500744,0.0255347244449584,-0.07045966480018366,0.03802245283916722,0.023181884413134905,-0.006051822176555614,0.044827704997855135,0.02904519474809903,0.05464360702110231,0.02877581574920936,0.04675252182593201,0.04463689712516085,0.03245150403652769,0.012969632102173407,-0.00048644521693750513,-0.02834774972046187,-0.018765102784016954,-0.002712031543543391,0.023440933238185017,0.024582884214519547,0.025358021357971723,0.03280402301201019,0.015766162832599642,0.08503101926428826,0.09158890726468466,0.019831406749538514,-0.011192814971062216,0.05981661178042515,0.18166011460765186,0.0768230661919437,0.06434358254207724,0.053320406325580674,0.12130967426383109
2020-10-01,2020-11-01,-0.031081023807163384,-0.039000805737507895,-0.08106915095584984,-0.007750813685574745,-0.0509900270786216,-0.0073912099715830945,-0.02093894701574469,-0.025923276617997926,-0.08608274524582504,0.0010419135116097964,-0.03546882522606914,-0.009049930443054337,-0.05986388892291613,-0.03130493814897786,-0.02199763381084455,-0.05002522908015703,-0.027579340487683228,0.011750620810798178,-0.01742990360576797,-0.03774013807100742,-0.0008405605127305574,-0.03923619952208665,-0.05121000319232287,0.017099329061847194,0.012210052379141696,-0.008289135337739657,0.04639952246088268,-0.02387702038960878,0.001839989530900925,-0.00324589423112669,0.08168052485134765,0.06907153492331544,0.02515795433318243,0.00783916418879296,0.06203906669755303,0.16101940161308376,0.06891618435964023,0.061732407186628396,0.05121532817932553,0.12409945764482212,0.06770535756537503,0.040347534564693484,-0.011350328707442566,0.11188411946775505,0.07000620550648717,0.13213295629849287,-0.006130256681884414,-0.007031144916081932,0.029171050127907334,0.0453414975560541
2020-11-01,2020-12-01,-0.0113121203650428,-0.027171924659509072,-0.04231317823533392,-0.029265741969494115,-0.018681568093587588,0.021554323477404602,-0.025165969318111603,-0.04464397145627922,-0.027240453468327566,0.008212053247340728,0.020252106436158074,0.0010481784202347189,-0.009647612383907808,0.014274178466124575,0.00858694333839238,0.04012440773696203,0.032513709315533657,0.07885539271654261,-0.010232847855617812,0.02872907027970411,0.08201375942851866,0.07386699958545902,0.0342870202843859,0.015147825253932778,0.0752946562870481,0.1435829732374875,0.08131436024669213,0.06174571504503506,0.07001726332188267,0.10509604823644317,0.012744055527381393,0.012250124271319655,0.0025733753931884446,0.014387153044573277,0.011196726914784051,0.024798876982324004,0.0034034655883870245,0.009795232379132754,0.007994937398223162,0.011442895798618256,0.04063299827823734,0.008593099166442204,0.04396112230662666,0.05766469242712648,0.01570964419205924,0.06645516902109296,0.010408007468832237,-0.010890829540867878,0.032463546840462314,0.04582794560136398
2020-12-01,2021-01-01,-0.016508268653995954,-0.04825044673638475,-0.041265499795792394,-0.024546732868949345,-0.042195463348959614,-0.0013881676270296323,-0.01106548546966871,-0.000782515328779437,0.0013630866599176209,-0.0279574589691011,0.0006983649239358063,-0.010967368100682722,-0.052953594801783146,-0.024041681793826944,-0.005817540398983216,0.05043603574620706,-0.048085675585076315,-0.027935200254310445,-0.022685473970658523,0.04174933379725018,0.013828668517249832,0.011362974784701895,0.005607955334023236,4.2628446932437523e-05,0.009100005207729913,0.036299994354781574,0.005438499321491985,0.0007260191543482378,0.013610524068367564,0.015495194014851789,0.013828668517249832,0.011362974784701895,0.005607955334023236,4.2628446932437523e-05,0.009100005207729913,0.036299994354781574,0.005438499321491985,0.0007260191543482378,0.013610524068367564,0.015495194014851789,0.1340357593071341,0.05277685527309217,0.03297231820470156,0.06039979994719985,0.15149064363058146,0.17890527325652655,0.2120412735196287,0.07805185171671479,0.12667533852891338,0.1715589450109602
2021-01-01,2021-02-01,0.014283725717989497,-0.04962381948203778,-0.1158658071708816,0.022123577375232878,-0.06341187430995719,0.08093368773087257,0.035915757199727685,0.11832061824407972,-0.02377901644142472,0.0005172067648566876,0.024299280469921466,0.023430822382837602,0.024367660029751423,0.03798318585787123,0.01968298371189233,0.0347986437760226,0.003983419427112604,-0.018574603802593112,0.04493037227157577,0.018608483655694032,0.08121985778794258,0.03682824017608162,0.09776295686545203,0.08672848127263734,0.07552611866361546,0.08822730202563495,0.06380461484261277,0.056340419043298694,0.07564013956837476,0.10950791910526855,0.025525782153237156,0.019644177425710535,0.04084191426112797,0.047737932981060834,0.012813159838290233,0.030615079614607257,0.006206211184404727,0.019963436985809224,0.021650541833835323,0.027049436548066158,0.012426517314178294,0.02901773771011601,0.05046624130460872,0.0288770025420826,0.011646502540648869,0.012008115995549889,-0.006893832579553393,0.009165720821234397,0.011177132572561768,0.00980285327684828
2021-02-01,2021-03-01,0.032880422311386236,-0.006253506226885757,-0.01737135578933775,0.04914748707321632,0.02135165806842011,0.0453042130976371,0.031917411961788864,-0.029476454062987163,0.03477461701563811,0.06198909558838145,-0.019841523467439164,-0.02899982295549513,-0.08282780664271353,-0.03220612413379271,-0.06388332233264551,-0.010870970344709147,-0.017419958168061217,0.007794544098236114,0.02777389600437797,-0.005162934640845447,-0.027421252987941087,0.004266636483188643,-0.0501894618574193,0.04499708873774509,-0.02972840219605255,-0.05601717676581412,-0.14110281884079393,0.08261988899546945,0.01644570326823449,-0.037921263156134685,-0.1043676681859343,-0.08069688387215368,-0.24310145777277936,-0.2517440399386896,-0.12913453323879037,-0.01794057113906233,-0.07354530828043754,0.007333956167010467,-0.129629722868857,-0.08940516214076716,0.042681171864583374,0.012082979365091617,-0.016484796368969684,0.04558244346760336,0.031100240717867746,0.08642764950868267,-0.021374452762802067,-0.11894066161274384,0.10240560280610222,-0.006362987445356596
2021-03-01,2021-04-01,-0.00909404627702112,-0.019820456629366198,-0.03200059672770177,-0.0308279488451671,-0.0245116201164007,0.017770148751886934,-0.02222644333866959,-0.034363813247104115,0.01830996412207942,-0.009235035882063591,-0.0001449303865094665,0.039287173552953955,0.13714963871508845,0.03154400327532793,-0.013206542636525572,-0.039093450753917396,0.0936458130286943,-0.02843583009717509,0.04299911606955608,-0.10756440634129741,0.02993037148393632,0.028745091775519357,0.17236348152131004,0.08815288428369933,0.048816880834905436,0.03150910958449092,-0.040681454902303474,-0.030788156241109473,-0.005880576857252847,0.01974157861558111,0.048464242293615435,-0.011331371076094717,-0.13217557995663382,0.05332699512101189,0.03587085519897743,0.131546817132229,0.008206837530629701,0.10037051968353536,-0.02464863559778004,0.04592304706618803,0.12278284602419051,0.09083067693456616,0.20198446541119175,0.14682844352917143,0.126354877419745,0.06485479544533196,0.17459512858374293,0.12700770715523457,0.17027363329754452,0.11329092301836031
2021-04-01,2021-05-01,-0.14502783842110123,-0.16807100152916024,-0.2973641839842785,-0.22032973114899063,-0.17684261799534956,-0.12527093708535966,-0.08825520487839915,-0.13281167602927788,-0.08693443641277733,-0.15881360982820197,0.011004733045279486,-6.230654684732939e-05,-0.09538623419916156,-0.044782983740972,-0.00028455629744410064,0.073131476103698,-0.02601374479064601,0.022869772962741317,-0.01457016160149558,0.06435935971884785,0.028117036938896642,0.02029536682596397,0.05302736002405001,0.044287915516134084,0.015726310957310766,0.036985109833377196,0.013402173983059793,-0.00151227000514444,0.03174121864134694,0.030041639008099398,0.03721648493096505,0.012742541700855895,-0.01892904195309557,0.0723855993160184,0.034808853278318605,0.06764646154101503,-0.003546548721236529,0.002917584360924399,0.03001079717741917,0.015679840956490727,0.060860244580281705,-0.015923880537114105,-0.0491502457095274,0.04772611186796272,0.047839192808260614,0.11689232347290239,0.06465801905510482,-0.017919090395456704,0.029165086572559885,0.10582596033902233
2021-05-01,2021-06-01,0.017959581519632062,0.01257188521498372,0.10158970996604459,0.049830241091639735,0.02461315772538239,0.020095225137278044,-0.026387250180013998,-0.0072923410305404165,-0.00011217099296421604,0.016405908026180308,-0.021759325433512396,-0.024371217515889377,-0.01811319110695253,-0.005394364572257879,-0.02516096080978465,-0.028116531063825716,-0.03753475488409024,-0.04171672665277169,0.019527417759848686,-0.0515393845464709,0.05329509861036828,0.03360993322168895,0.11922819012499321,-0.061039616579922525,0.010420439906496947,0.12957177348549895,0.008053825650543044,0.0626443674591988,0.045098039596547734,0.07544361713011144,0.008212257170002832,-0.020302112742909263,-0.11171859462964248,-0.05483579974140969,-0.03938573326801057,0.09422128112609243,-0.007615378320251081,0.08090247772727355,-0.025370002919932855,0.02965835805085226,0.025679107688852173,0.03162487498521185,0.05765254369018305,0.027893155642537616,0.03395869433192442,0.026515913197640562,0.01737242930856863,0.028932841852140158,0.02359288608757662,0.023140379601520947
2021-06-01,2021-07-01,0.009195820236023052,-0.013049451735982976,-0.09694461153083067,0.00513949876643436,-0.004323978677308847,0.040511314590461076,0.019689303564138914,0.07594180927893451,-0.018175700108959827,0.004764392183297526,0.04411501178303161,0.05521573354854009,0.1506386188042386,0.04773587814647657,0.05130681835888018,0.004013313178379059,-0.008728847859787003,0.055544675881757904,0.09665192819549596,0.03993188764939233,-0.0770011796773505,-0.07304628395926764,-0.14724391269730003,-0.10429112333635546,-0.08145059501840797,-0.07198212646743082,-0.06450070858436002,-0.08070062896284087,-0.019173776231665843,-0.09185068055141918,-0.007282237347105092,0.030802782098017713,0.04669812741512922,0.03198531119791248,0.011574063605632623,-0.027891079689395193,-0.02155104973230873,0.0036949097327275957,-0.013995335467144723,-0.022792994694855448,0.05074308131982596,0.00971706368288945,-0.03504849405028754,0.01999928087430909,0.029002904495074238,0.1201019296373946,-0.061483955791930285,0.0044381237927035725,0.025568204981391725,0.12758985877725473
2021-07-01,2021-08-01,0.04474940607083849,0.029408000838478113,-0.0014011969883577407,0.05545032575935706,0.056066080737625965,0.02887647262772769,0.07840108067973262,0.017221990188490625,0.07567996655312843,0.03931738130879202,-0.044559461356057393,-0.025829867370614417,0.03011105756655652,-0.043820698614038825,-0.07971900005192259,-0.08300062337131198,0.0018957879766276584,-0.02028123176288124,-0.0014472801350702141,-0.04334370936003863,0.055201719770205965,0.03244844120309558,0.23250969370497265,0.09916790807663346,0.06259878696268947,0.06768670456584522,0.0020161428083010306,-0.029379795616403498,0.025763456339242406,0.051206111955201444,-0.03537301950884865,-0.03170889078364772,-0.12000368245953744,-0.05945132658924948,-0.04117821826121359,-0.020470362596696098,-0.023936203991076384,-0.0370362690645587,-0.009489635094371465,-0.027525282482945602,-0.03929338797050066,-0.07821714559023824,-0.10849566127990173,-0.076831479021867,-0.027170943919363075,0.022374688037196156,-0.06357627206501529,-0.039200584316145135,-0.05634534571046477,-0.04712496291181849
2021-08-01,2021-09-01,0.011109491029669745,0.019747609526102942,-0.009322388081742934,-0.025510924846184654,0.05045564663026511,-0.012462950017120528,0.03543825852145166,0.03523290384729989,0.04783835782924108,0.00875322468343245,0.016622972909976778,-0.021133702201076167,0.01858716423595937,0.011047147953663565,-0.005821283264477631,0.03781746569725211,0.0022554295236650104,-0.01690629177514394,0.027829244689649466,0.016071189610646595,0.02688438510993916,0.003528285074865037,0.014980854805677537,0.007767385452248996,0.023976796114936215,0.0635789248811526,0.001632585025372048,0.010176852982645777,0.02010180722800682,0.028803717722659362,0.010972194920006085,0.0013130018477765524,0.013416617482407543,0.005404313374602197,0.01254576471806914,0.020356201537804774,-0.00481309294653871,-0.0021419175859239215,0.01886882575369451,-0.01781920556749228,0.1038318229505646,0.08115455179432896,0.12209035058408045,0.09852265109394318,0.10890779345664257,0.09645727347171423,0.08534166481846799,0.06619384176483382,0.13790731632968292,0.11208988866693151
2021-09-01,2021-10-01,0.04771433121855,0.019097250652519736,0.05713579355895858,0.03609236722564667,0.050111099247102706,0.054130135559272936,0.03373154082987817,-0.0004985919186792573,0.07582623847779832,0.0417759151703601,0.02555865025046126,0.05599866315116323,0.10823065381132693,0.07159708135292218,0.055300132796378514,0.006919690256211048,0.00992029822752808,0.02668179978700535,0.013784057909377818,0.01256750177552994,0.019085217010587366,-0.0052310023869989505,0.002877083887696724,0.0036368764336579262,0.004656535786407137,0.02851286728921274,0.008738924335409102,0.02997206557550936,0.020401984745404105,0.02337529984409626,0.008830294811995851,0.0017328759142364487,-0.02070276912497384,-0.035193691553221454,-0.001106360045029819,0.06560293229746654,-0.07585804387766078,0.029449451332676624,-0.022652830220112836,0.052425296699692994,-0.07275497919731999,-0.09593990938710203,-0.210626109303351,-0.12190496490604417,-0.08084229748820641,-0.06379025511643144,-0.038200183841716605,0.009141488163331813,-0.024262532363712404,-0.0878128299423367
2021-10-01,2021-11-01,-0.018215518459309202,-0.04482739963137862,-0.13683542478595898,-0.0323040568729783,-0.0350756859001235,0.000714889477585981,0.011629052663891744,0.08622833102037501,-0.04444456371654519,-0.011008892012763807,-0.2714656194153959,-0.30243669562101827,-0.5278598481260015,-0.3964665161591275,-0.3196378924630291,-0.2535700699369997,-0.16168829687833286,-0.23643100294845848,-0.167794720412284,-0.29796298264889737,0.05203743667514532,-0.0061845766857109696,0.004611082379994651,0.057942141277992104,0.05262851790844866,0.09474803093236951,0.026239979726068983,-0.03231235032793986,0.02571747614574397,0.08389033924340283,0.00815542641112638,0.01246929919271748,0.03779326109692707,0.015464729346340397,-0.014472576832579277,0.01490137751734591,-0.01916807219498982,-0.00773389693519979,0.01618991517682364,0.04344019777529919,0.028340363166614452,-0.021016549178810226,0.054339032222932446,-0.0003529219741938497,-0.01066023581074367,0.061847229439357686,-0.010188717067177508,-0.010800533195259632,0.036196473665793566,0.036285354533304524
2021-11-01,2021-12-01,-0.008969170333786112,-0.016377412602805022,0.08068743884265604,0.0179186569761669,-0.011785551130879826,-0.015360465089109302,-0.016889232744568966,-0.02333224858635704,-0.0211051483917973,0.013349513131353692,0.019172952469023063,0.01099791096011069,0.03244690016181973,0.027987058110213466,0.006877037974583814,0.031533454400359866,-0.006342439436057422,0.00064148026040618,0.01931321498343975,0.01644370311746514,-0.013895762592343834,-0.04830052706221029,-0.17776966763517368,-0.029301461535614012,-0.03238068026592245,0.018847631704776217,0.019175434000066195,0.12361710076788934,-0.060762976846239866,-0.006146708627618866,0.07475641540395453,0.0550889892632851,0.15616925223800154,0.06796734680708157,0.07014587813508259,0.13220445524279165,-0.0776544238429833,-0.05674543125238065,0.03501348701528219,0.14240440366495988,-0.05343211919256595,-0.057847750106331364,-0.1078394616410085,-0.08979807204645203,-0.07409613408992097,-0.02569460055612606,-0.05622510656668339,-0.08636968812498866,-0.004657809092144731,-0.05545894562334368
2021-12-01,2022-01-01,-0.022448058832728594,-0.008360477951182495,0.0816955269697848,0.017208114480138703,-0.04740548685304724,-0.06790956405680892,-0.07185484598574236,-0.0717824947728812,0.05979468597466978,-0.042500580372675054,0.09923416352449937,0.012569899555320913,0.03684531896639066,0.064564372129738,0.08854838383581372,0.1431951351105904,-0.008051914128440467,0.12218112796484935,0.14032376473903194,0.13008097090782772,0.028624954169280292,0.039340084027339225,0.04461804463933757,0.043130241675952655,0.031088380514196472,0.03986861111968022,0.0194927957433667,-0.003083183475356967,0.01769808031569611,0.019388919820569683,0.01469732123842405,-0.002520931614143348,0.09635372024020801,0.016042628372254557,0.0018490392944943285,0.013245397541155123,0.023034523526780815,0.008739032705317331,0.013911448276027307,0.03513113762026122,-0.12056063583353133,-0.12843318654758767,-0.24367534079028222,-0.1946896725375017,-0.14139238132238907,-0.09796625030057138,-0.08408548341317706,-0.1259103964907069,-0.0537560312447857,-0.13103745062127847
2022-01-01,2022-02-01,0.00041445452900666993,-0.026726287896259603,0.02434524261588959,0.0017632573086532625,-0.025336548992637743,-0.007657782532888683,-0.03380493343615504,0.03428720607640966,0.02696000552708106,0.010360440726092063,-0.02239740355926686,0.007525546010811377,-0.03472809610839831,-0.0214939527170284,-0.025195595224770075,-0.06756891849141347,0.015219476240484073,0.04645133816699236,0.032211175715634956,-0.031025267354708976,0.04370868364385612,0.027892966036288196,0.1420192474748341,0.05716729284825701,0.04292606749490504,0.05320409123018703,0.003763320602557051,0.011783712493780293,0.027444547859238378,0.055401247912532134,0.07168718326831548,0.05562414099668624,0.29579015663685493,0.11185350407662498,0.10054046530886007,0.08377275569605386,0.034162423499019656,-0.01788295627569926,0.003257260417427384,0.10085715295016963,-0.15010264405872198,-0.16723969409493855,-0.33134164486918183,-0.2541323651875731,-0.18389174026306723,-0.11128972759826737,-0.10671178537068207,-0.17562934522179577,-0.06819390038471017,-0.15557012971790316
2022-02-01,2022-03-01,0.032412446223246544,-0.005945837919463612,-0.11256531845697249,0.02686086899340473,0.006175377811889595,0.1112798137001559,0.015762291121974126,0.07672249651980656,-0.05038061332721085,0.040795170630202535,0.01656123628015685,0.010200755104446093,0.1117531625749062,0.032617551822926874,0.0197209934692429,0.009277948113690027,0.017978999482214195,0.026288284074904005,0.015856429673061567,0.012564031014564003,0.0753060408984155,0.047330712237109544,0.17125850661130718,0.06001312553445079,0.07628198635687966,0.06517355994018152,0.03361327711422128,0.09686778567025342,0.10209541852920527,0.07731442337128465,0.01656123628015685,0.010200755104446093,0.1117531625749062,0.032617551822926874,0.0197209934692429,0.009277948113690027,0.017978999482214195,0.026288284074904005,0.015856429673061567,0.012564031014564003,-0.10683257309611889,-0.12945894969249472,-0.20339986482942185,-0.17494212922677363,-0.12406365171494935,-0.07544623614145371,-0.09685066038586408,-0.11690621613545113,-0.03461357607006346,-0.11652529822021782
2022-03-01,2022-04-01,-0.1120584686611109,-0.12200001937440302,-0.05036425138431519,-0.16170299310441325,-0.16178899230168287,-0.1161538757951987,-0.05850579482537008,-0.02914521732324589,-0.10154055714033931,-0.11601638919502794,-0.1837299205567999,-0.16539405565713897,-0.2360001711493069,-0.19634870115939426,-0.24500207850722708,-0.21681110284323873,-0.11599197478581834,-0.1768753023866873,-0.07257521832423694,-0.2220002917142355,0.009804229759860538,0.018887496985434887,0.08303114174937656,0.004054399536094967,-0.0015956931714406868,0.002954218477339947,0.013133004076955307,0.0543715081462689,0.020269999893329668,0.0007239729701388233,-0.0371346832337919,-0.010662762886617556,0.043962052593167704,-0.05397784059746823,-0.04662271211342836,-0.032983308414955115,-0.019912788674031644,0.033510245588938004,-0.023484720999162545,-0.08240752036678284,0.009804229759860538,0.018887496985434887,0.08303114174937656,0.004054399536094967,-0.0015956931714406868,0.002954218477339947,0.013133004076955307,0.0543715081462689,0.020269999893329668,0.0007239729701388233
2022-04-01,2022-05-01,-0.002763124032221162,0.00866757999650939,-0.001055492163473169,0.026801662960166398,-0.0763041458304375,-0.04802272938724422,-0.048528721015796354,0.028086609760363437,0.05899090043366495,0.050007954760207474,-0.010346827142585054,0.03973154734739941,0.1589019904713656,-0.004216909655327106,0.04737373494164333,-0.06661804149181799,0.13898757964561664,0.08675405497821902,0.05142610006847004,-0.12400945822510714,0.046222680683677034,0.04810501578943035,0.1291733782093569,0.1507468859693908,0.044288715484549344,0.04417863366972386,-0.05774145431122979,-0.09004661435296205,0.09720958381393678,0.014499577301763886,-0.01907946680229953,0.007545060861412374,0.10384420658218994,0.00020567300182517713,-0.012243255264604725,-0.04560181259152766,-0.018451462248578555,0.0021736831577118046,-0.002125235447929235,-0.026253305001930304,-0.01907946680229953,0.007545060861412374,0.10384420658218994,0.00020567300182517713,-0.012243255264604725,-0.04560181259152766,-0.018451462248578555,0.0021736831577118046,-0.002125235447929235,-0.026253305001930304
2022-05-01,2022-06-01,-0.014577453647399846,-0.0012555807423917644,-0.027118557159222928,-0.03685660332159121,-0.030464009873783428,-0.015688852325482467,-0.00799238370055963,0.04252863647922628,-0.01022897077473289,-0.005867386406292929,-0.0383347645269162,0.0066515798348869,0.011296811071297215,-0.05922502881397053,-0.029007205615555275,-0.041911994442094584,0.010899752381068812,0.0016373865397858397,-0.02566760258747116,-0.054893600658866955,0.024827955571271793,0.001125196330020898,0.0820061299565809,0.01738302835901277,-0.007446578432805627,0.030666865863389105,0.034396747776882786,0.003877522463629771,0.03129985983546511,0.04450281718834894,-0.20460985124446826,-0.2119649746506693,-0.44294064502463143,-0.24680225153237909,-0.21207819105346615,-0.1602175602910029,-0.19143224465582065,-0.2610539516839298,-0.12017867995575045,-0.26074959411530024,-0.0005609910147428634,-0.011815886471387226,0.05629744585097808,-0.0203710614339855,-0.01071871046665526,-0.005829100004387631,0.01246684443126268,0.02271666288263667,0.01547515579950279,0.03646174556949821
2022-06-01,2022-07-01,0.014265618163850094,0.033755940608144304,0.018437380769122966,-0.027317288249399378,-0.01738602647030652,0.03986935438173633,-0.066613334031706,0.06298091655160505,0.010285502668751084,0.04190649829562411,-0.14112924500493448,-0.11586738106796263,-0.25479543546787875,-0.22733101064841682,-0.19609249031428305,-0.10888415781142975,-0.09389054566484543,-0.16611693284124907,-0.07414366614416576,-0.14539025668792574,-0.306568745772363,-0.2877461289153393,-0.2833143346354353,-0.4114268198877075,-0.37148510703160975,-0.3540782161645466,-0.17854387721892995,-0.10287741720330426,-0.2440444447814707,-0.3209759881666573,-0.06618507862641268,-0.044493566398007285,-0.037189007823142266,-0.0636005443658153,-0.04180071235816177,-0.09218636083193488,0.007985273747755362,-0.018505795299316435,-0.03501785290227383,-0.09289363571545792,-0.05914339748282236,-0.057653095361962836,0.03131808248602293,-0.03754003194966044,-0.08067688666360227,-0.06896811047989816,-0.03600835610991511,-0.027334584207212027,-0.02735386275987983,-0.06973089778175139
2022-07-01,2022-08-01,0.03472662522518384,0.010335721970669901,0.12679020696707793,0.07045711343784554,0.07120291402414947,-0.021758332827899338,0.06657373227955019,0.002046413153825347,0.08240676474336994,0.0029045528363778224,-0.07240696796707465,-0.05470155399830941,0.027977893300737904,-0.04068039604313611,-0.04698994675695632,-0.09797058433471854,-0.06558360242065792,-0.053309959288478447,-0.04902037371700825,-0.1143124902394317,-0.30537959464094466,-0.2655905044381298,-0.3043628905123791,-0.39722149246403404,-0.3499197078276885,-0.2831331610230511,-0.28317815513918776,-0.2506577114755668,-0.3156263100111984,-0.28978059976567533,-0.10252454327900411,-0.039867556270815244,-0.015569977352047674,-0.16881964467982505,-0.1778553489998046,-0.0715351014996043,-0.12602157422632126,-0.3913132990402612,0.03924886741209619,-0.10129627230306286,-0.18867537301568585,-0.18387001916854107,0.11061393866773259,-0.12511934651074874,-0.19969430008753714,-0.231069859390232,-0.18756858787869668,-0.1020954079049911,-0.1782870102687442,-0.2966831823736594
2022-08-01,2022-09-01,0.015442498557631364,-0.0019455012432161886,0.008949473670976043,0.007423011123375503,0.01029908458878104,0.030559604248513603,0.0035005044705010823,0.028449866282815553,-0.0015513265461015455,0.03460895840562207,0.11624819684726133,0.04610434846244047,0.05804746829135677,0.08921922363134671,0.0996053107720304,0.18191693157436167,-0.0059280433212950505,0.055431130746928944,0.041844957139535385,0.2317676877091998,0.1505414729283563,0.13039765622783467,0.16640917610931097,0.17269025656329268,0.16979658503926093,0.11343760714509046,0.13317309094438506,0.12483104049343284,0.20835448882417779,0.14491011759826353,0.009125968324911127,-0.05554903408443904,-0.15849221168580888,-0.03847836539684797,-0.029185783403725067,0.04931459259064531,0.11997260682495053,0.3284121425818563,-0.11461701038579952,0.048681891066994616,0.04307525046100517,0.03821312278503241,0.08107740096389637,0.0359613239638073,0.0359979769572451,0.04587915112398401,0.021369009150917426,0.04374511314694878,0.048490056667462846,0.07595914411407596
2022-09-01,2022-10-01,-0.05052887767343999,-0.030538757353186865,-0.07768251618189354,-0.0577187155052204,-0.0666310578431982,-0.1324236641807782,0.014996767104917673,0.03378933061728112,0.06812991545435537,-0.06563266208168986,-0.03387157002592703,-0.0642098804472975,-0.05744211166262464,-0.03672237615940818,-0.016482411335822927,-0.0545467817150184,0.01459314066279195,-0.01638525285818352,0.00017023442465208694,-0.02572872479185275,-0.04791717260238908,-0.047154848866661284,-0.14366876449448035,-0.08293784010021658,-0.05477929374842873,-0.015709606256126985,-0.09039091905619272,-0.15344322595731671,0.05257881225115922,-0.0737523629872441,0.0007321487977800025,-0.009038574536304654,-0.04079563440162069,-0.011396005765634215,-0.014379897440601556,0.022151130376744873,-0.014788356286408446,0.03861816419006936,-0.005139544829811346,0.0010344720809755664,0.04913370454058018,0.04222243173009586,0.03421245617893749,0.017013096417179928,-0.0010650288819512264,0.08406265911417365,-0.0413040738986638,0.06398512347482176,0.07993984690315438,0.05278152836093734
2022-10-01,2022-11-01,-0.045226465278744465,-0.08001999812412444,-0.19956807256873738,-0.19939393198878613,-0.07075737719864657,0.009426826497344819,-0.0622955568184164,-0.14196284091463002,0.07789936478856341,-0.04057931374636356,0.014568732530721148,0.004705227320419718,0.07902506986181507,0.005684551202727456,-0.011166462356392723,0.008818147264800359,0.021828071380622097,0.03647689060715342,0.03026169723759429,0.03177619246340443,0.0024478713642801706,-0.005516956082454432,0.0119101898949143,-0.004222545449954371,0.014105464855679855,-0.0058060921933933175,0.012691345717704522,0.020706164134038797,0.026646051468475034,0.008380450779549081,0.0024478713642801706,-0.005516956082454432,0.0119101898949143,-0.004222545449954371,0.014105464855679855,-0.0058060921933933175,0.012691345717704522,0.020706164134038797,0.026646051468475034,0.008380450779549081,-0.017445149293852623,-0.023422209537351475,0.04185555077728835,0.03426714806589452,0.01690571896791943,-0.08960944850149247,0.023465961738353552,-0.012576007323719114,0.07310925857273644,-0.05781231035531791
2022-11-01,2022-12-01,0.04860077249211633,0.027600679481790125,0.009482695610298492,0.027721699601377207,0.02856602912119097,0.05769858275846655,0.004967658698703694,0.05559785707277924,0.044848967466137396,0.1236679158465839,0.000983849176261457,-0.003747246111842098,-0.0310757867842284,-0.009058052920481608,-0.008694244315910595,0.01682465306731189,-0.011740291260111727,-0.0005397004898376216,-0.0004486979493177317,0.01394380360935411,-0.3323723491158411,-0.30597102072467586,-0.6575673732593145,-0.5107188390268607,-0.40731330272485744,-0.2910969742187562,-0.181460196714974,-0.09402670554298373,-0.3453036607537478,-0.27955515374866685,0.000983849176261457,-0.003747246111842098,-0.0310757867842284,-0.009058052920481608,-0.008694244315910595,0.01682465306731189,-0.011740291260111727,-0.0005397004898376216,-0.0004486979493177317,0.01394380360935411,0.018078834895139027,0.0074115831208613064,0.06976556977261948,0.04049466553047598,0.02119601747969098,0.024071712773113485,-0.018391145713151306,0.0008737066360240166,0.006952968146048583,0.022247923850694736
2022-12-01,2023-01-01,-0.122462847865396,-0.09623193081304468,0.037627669398785285,-0.07434702112531504,-0.1116087340294611,-0.1669484742105019,-0.07913469773765562,-0.14799767482503617,-0.031024780020374024,-0.21088673721026494,0.014660927012230405,0.08781458157722812,0.0808985879855887,0.06804555006250525,0.04745067688834109,-0.01896147735235428,0.02140489470770237,0.03059142254086441,0.004056710696909761,0.03542660243208641,-0.2071295046210229,-0.17221430041922683,-0.29863509008737826,-0.23690767759807357,-0.23772228273865076,-0.2465244245047155,-0.13475378434787666,-0.27532081867859404,-0.07169537720725543,-0.24242514186437358,-0.05978619331358992,-0.06097279808286251,-0.05957240317422698,-0.046712333312723446,-0.05382012171757811,-0.07015617204476987,-0.035239069356373214,-0.051500633767781426,-0.04518818696022315,-0.08476726809002688,-0.08879271337934706,-0.13263315973656017,-0.1391365611896174,-0.06935220471215575,-0.12655390036669514,-0.06299096059722928,-0.17179851920786154,-0.10833133449423493,-0.11246686020285925,-0.07117217308953408
2023-01-01,2023-02-01,-0.03428100437633146,-0.13611097809401343,-0.3602127608672658,-0.18927486292004347,-0.038952402608951775,0.06957315847297482,0.007278038320142727,0.1233025191537911,-0.06862659336605924,-0.05138234308937554,0.08236301347373748,0.0570591248779296,0.013122485397290495,0.05045606735751368,0.05328541478167299,0.11240795977470326,0.032279686035036795,0.046396256273149056,0.07933238096998577,0.16175007788012322,-0.007076741929011556,-0.008850002938369806,0.008167177758070424,0.0036606765017611793,-0.03175743450456301,-0.0001560090360919371,-0.011551034580884603,-0.02524775366595965,0.007987630156917806,0.009486354676153802,-0.05035535414663054,-0.007314237526250145,-0.04753091388443769,-0.034926746623296034,-0.05029576239896921,-0.045708350837777426,-0.026559423632038354,-0.07991524130878871,-0.004413723231251167,-0.13399117885413556,0.013601626949850166,-0.002323464256246452,0.027571668544115118,0.02565609494172003,0.00675233428462774,0.02149699343967104,-0.04961955754363477,-0.004792995227511698,0.007380324226192482,0.04265058673487469
2023-02-01,2023-03-01,-0.006509503384075094,0.0008313482864917556,-0.029052410538822973,-0.011665139572708524,-0.009449266940530587,0.0006359819426161178,-0.012099670586320884,0.0032413214505228704,0.0015315710396762083,-0.00531978574191869,-0.019722015739741344,-0.008982406055027092,-0.016606064351128658,-0.013784162747371216,-0.01056293943199153,-0.025357223270259813,-0.019930759707219754,-0.005373547278694456,-0.01703691797623149,-0.0319302035234114,-0.08651898122599794,-0.10380847446417878,-0.2524569360954304,-0.18397275665268223,-0.10766015144641118,-0.06596513291077974,-0.04804230004390308,-0.0238271846728989,0.005141081588309666,-0.09063900390186255,-0.036597906047431884,-0.03499135604949978,0.09731239229464653,0.02110508681977038,-0.05431582452239786,-0.05582110412138276,-0.07691272835935983,-0.0631655817080263,-0.043996904315228076,-0.0045487290526016,-0.0035358086889594876,0.06622465159051737,0.09295792882530933,0.02361158762735097,0.01463830655267594,-0.008551945131769451,-0.004247953496413045,-0.038777267354014766,0.014472279283278131,-0.04668509394646375
2023-03-01,2023-04-01,0.010790391754383058,0.004211356278323746,0.020421440108083798,0.006173660853251103,0.01511196445792214,0.024855771278142046,0.009569246853727032,-0.015919418142748394,-0.004202701538534927,0.012872052064510269,0.013260094741353753,0.02789903515481388,0.04927154300885695,0.04735558196170837,0.036917544980201236,0.007181105537915428,0.01774456747094213,0.00016689571251661366,0.0015701736738125624,-0.0051628725885654175,-0.01712343967103507,0.002710847256638012,0.23601584167541145,0.08285248012080249,-0.00017047838639562551,-0.06662070882768019,-0.04614080060243163,-0.06538948814783742,-0.05427110497700745,0.04389043745175875,-0.051403661884420006,-0.011499856575767839,0.047342490597762306,-0.011886337775143552,-0.035338433129335586,-0.09235023462166542,-0.02004708322131691,-0.061649400881416454,0.02800515575459972,-0.1294609369879762,0.003923649354270727,0.04035387307056706,0.06672232548454712,0.0091233053196879,0.012634877022986022,0.028255621795321127,-0.04456973855137992,-0.2019710745757443,0.06533791765941811,-0.01751582484956151
2023-04-01,2023-05-01,-0.02414815967895982,-0.03528442301775152,-0.09339853520457687,-0.034197469835132915,-0.03570831019105018,-0.01715018909469726,-0.010546455372645015,-0.028400501701491297,-0.005357953231328533,-0.04624434248775295,-0.005745023990440607,-0.013979893053860038,-0.05503494360350017,-0.019586554509297235,-0.01873373169000816,0.01113274606479882,-0.010650425617941398,-0.025355235125074566,-0.006998399896111336,0.002094002848313628,-0.03428702803314858,0.035447906524836675,0.027954376479634477,-0.016243948585051453,-0.04314384242805871,-0.02487496144134629,-0.03287029428007544,-0.06969299385488259,0.0016105790700503995,-0.10937099025853447,0.04153807615788832,0.006996584421504379,0.04919545369570011,0.04555144067315568,0.0017710337526944614,0.06508897227665214,-0.05907932061853158,-0.01322248498243588,0.02185582202595633,0.13442712910851162,-0.113349191364986,-0.10627625021826612,-0.20463108906576477,-0.14109275574560154,-0.11219174423190907,-0.12004886258377986,-0.07058869838273733,-0.12158829530936135,-0.060685305144358465,-0.12771564148108605
2023-05-01,2023-06-01,0.03379942465875946,-0.013869044297795983,-0.047287536254427054,0.008361115460393205,0.007829724223229638,0.10339619653791453,-0.03201830466322252,-0.014014269255645233,0.013714050365350651,0.03273502962263731,2.7084498123251984e-05,-0.011567353697549403,-0.0013788583778410642,-0.028762589104160248,-0.010672334084381651,0.02966204481194736,-0.007778564282859977,-0.012902723345381454,-0.011755471635724778,-0.015484542799672346,-0.028965673073465068,-0.023918541392935817,0.15604666943954143,0.04687565435783766,-0.03457603097586531,-0.05086948316161148,-0.038107521100942746,-0.080640086860842,-0.03874234985770008,-0.017696643621352124,0.19102862611956933,0.1850920838278915,0.2196034421406019,0.2299931036332879,0.23745691180011086,0.20895284867944205,0.21827811693641347,0.0757935987830079,0.14718543390855887,0.2087800408228927,-0.04212609290046104,-0.08550203914915579,-0.09911495182878052,-0.15351852281008616,-0.07367338031686213,0.0005735971217799406,-0.002219523776765304,-0.010598576407555817,-0.018562598154139465,-0.0691464589285965
2023-06-01,2023-07-01,0.006999658444671467,0.0017188558337032558,0.06106186699749653,0.033228987803370344,-0.007841326919945699,0.015485385959215888,-0.03981426518798391,-0.050408106723508615,-0.030021638264965664,0.105117983036435,-0.054537047791440814,-0.1031145319945749,-0.23945867430555381,-0.1191807834332825,-0.09140346379353424,0.005936745571904378,-0.07140601033653374,-0.08343836256072044,-0.031912033410633825,-0.05664818313804458,0.007887908136374522,0.007522689572901355,-0.03133508413862943,-0.0020582092835980167,0.011012119683343622,0.020222371276959843,0.009365415941091911,0.000540526157843333,0.00740154458857354,0.005716875435917252,-0.009977100762837494,-0.02238044387991536,-0.05930364190245418,-0.026267640759746698,-0.010253737687145026,-0.01099845539927767,0.017750785376971147,0.007895925530377556,0.01558983609011945,-0.03686746852621754,-0.026881378640495432,0.011312117210834022,0.05310537243625992,0.007873275595211282,0.0010349575549486803,-0.03649308225571382,-0.020778620095487685,-0.06871893120991285,-0.0030527427514007565,-0.07643216064212462
2023-07-01,2023-08-01,0.029043926135740618,-0.01734141424993709,-0.0010171500958429947,-0.0031250335884895133,-0.00445889634678851,0.08806122673246843,-0.040442352637753955,-0.042408123283242206,0.008164293023763602,0.036200748300053445,0.02782413247408103,0.019708751766251132,0.013926668120354016,0.011202781719926082,0.018505486276978393,0.05087417746580327,-0.0014237853766599796,0.0063243756948696776,0.021353043683607,0.025332035326092718,0.05046091803220454,0.06490977738412186,0.12805823995759366,0.09739144196364874,0.04187912811681564,0.04949658702025177,-0.04692834029186952,0.014068331027874357,0.020684583442920623,0.12529553140148783,-0.10008215526400295,-0.06141185316922667,0.008212162563160314,-0.04285042528471493,-0.06814484001136102,-0.1643971237924558,-0.043123002448036275,-0.08584390594399496,0.0021925865972939364,-0.22042649904780165,0.05020698469369993,0.024619003365059698,0.042907297497794414,-0.029918072441311307,0.02653504830040073,0.09925642479629394,0.04205017604621626,0.04654314681965569,0.023014592348924397,0.06713632498144116
2023-08-01,2023-09-01,0.08125439828098374,0.06532788747212717,0.18140549695950825,0.11946174858325626,0.07969572919995335,0.1001222358647813,0.006970125956682107,-0.061453328163385945,0.07845133476907357,0.06479173214388868,-0.08862818494518201,-0.06433817573795024,0.06499581955066719,-0.03243958280571202,-0.09914933830370368,-0.1056920075651051,-0.16120051304222763,-0.11441948269857782,-0.12246509660206509,-0.017416273189453248,-0.003009136836596645,0.01148274438846337,0.0720660272515031,0.028588599720364902,0.021597486598899217,-0.02995468712200643,0.020468260799066582,-0.02080744063548186,0.040105211452293885,-0.032560811084396506,0.039005307547618086,0.026284924693202275,0.021259452773366973,0.026910242297506784,0.03949811325819093,0.05898846749825533,0.03197756653343442,0.003158896355939946,0.028924689590965925,0.043071990266787014,0.07379247428747725,0.030439595886672097,0.030768001953986074,-0.06403516206599727,0.02959153765598621,0.15798922173554086,0.0624798522153337,0.049392740796843165,0.04274902649296254,0.09251257814414758
2023-09-01,2023-10-01,0.008748530030360042,-0.00237021046981864,-0.012712909868403288,-0.00802749596685279,0.00012941853937583053,0.028143995400208482,-0.005887017932884156,-0.0038285738172370567,0.000891793026645926,0.008978953653293546,0.008748530030360042,-0.00237021046981864,-0.012712909868403288,-0.00802749596685279,0.00012941853937583053,0.028143995400208482,-0.005887017932884156,-0.0038285738172370567,0.000891793026645926,0.008978953653293546,0.008748530030360042,-0.00237021046981864,-0.012712909868403288,-0.00802749596685279,0.00012941853937583053,0.028143995400208482,-0.005887017932884156,-0.0038285738172370567,0.000891793026645926,0.008978953653293546,0.008748530030360042,-0.00237021046981864,-0.012712909868403288,-0.00802749596685279,0.00012941853937583053,0.028143995400208482,-0.005887017932884156,-0.0038285738172370567,0.000891793026645926,0.008978953653293546,-0.021192511134921384,-0.05927273275726166,0.05172834413470158,-0.009560129679225003,-0.041151566471484616,-0.012787733613037217,-0.023288935117968014,-0.058889666302690546,-0.017435613245934106,-0.00663572379363995
2023-10-01,2023-11-01,0.023389673619277657,0.027317869684228037,0.05114551913306537,0.059763783932318654,0.014868320351872044,0.016839219879674645,0.01256838345142853,-0.010594819952105917,0.038766524842793915,0.011545166415664408,-0.03999470634924748,0.0008840349648828148,0.14969140656025856,0.034262855363752155,-0.014022793387907701,-0.07570867401841921,-0.07046562496979598,-0.05265471456498135,-0.0804429302306571,0.024584598702122144,0.05480570398512836,0.021895633439462173,0.028000995715616164,-0.04771116907681029,0.030477669423800632,0.10891096464956034,0.05545017554358676,0.05495796159831866,0.0373007714108084,0.0712985879698871,0.013727409350498472,0.03986173662145692,0.11538171623416302,0.04400483609235444,0.030720386915206118,0.0014717644939491559,0.00012085658052511314,0.0037491238896682454,0.0424322246066135,-0.03346866075037146,-0.12191839574740929,-0.07176250729376571,-0.10615302813594879,-0.0966139414018521,-0.10422919780249404,-0.1997028201767737,-0.03443741348587449,-0.0007669017620347621,-0.0267292492165868,-0.1867751074355558
2023-11-01,2023-12-01,0.027056993752631313,-0.011659067470397477,0.0600932669167527,0.026657507014788775,-0.00662408496810269,0.042588998607395186,-0.012158997299370313,-0.022918982118165145,0.01029322097461764,0.09728936792271685,0.04393579860273407,0.01374165808615577,0.04722792757770687,0.04926393847101555,0.01279586577327416,0.07822188565315127,0.015840131351149565,-0.04009031330413287,0.04114921746967487,0.058690522309154156,-0.015387878531805791,-0.03597594151367377,-0.06317900250816728,-0.02799716266869126,-0.03691502543254928,0.00773438674356798,-0.018805152499171342,-0.04774954374352602,-0.027017515715557695,-0.010631605161825021,-0.1728883867990237,-0.18942484614258348,-0.2520839380907367,-0.23533808094422465,-0.2293579209076346,-0.17339460897906916,-0.10023441364834287,-0.10514851536984039,-0.1265508488137653,-0.20797246808138287,-0.02067106156542348,0.011508643103431885,-0.16140226797596063,-0.0612916832445321,-0.04785549451170594,0.03130126969515709,-0.003539613531750578,-0.016864900127175127,-0.025008043598679943,-0.06130507852730773
2023-12-01,2024-01-01,-0.12737086868067982,-0.1814799382518581,-0.2092067399352307,-0.32360683641668625,-0.18955608159750295,-0.07143324222886532,-0.04149067179257623,-0.06473052694412003,-0.08703232088605828,-0.14801391708026987,0.023494314149197202,-0.010600885224923723,-0.042273207629679496,0.007104664316631162,-0.0012723434932474505,0.04692709972390213,0.01547491115353742,0.013146610280815003,0.027391344914362695,0.03070863089283931,0.0013420559243979063,-0.009669298377123142,-0.04847246307314525,-0.02342754326270385,-0.012571411457882709,0.024787062137149915,-0.024787781464890378,-0.028983570663158296,-0.01590234572146488,0.029708746272179353,0.010364202106629954,0.04093888211853444,-0.030593787533161693,0.02133965100340946,0.01003238797051288,-0.003759593269626558,0.0009521467233533283,0.026165680675960576,0.004644047281664782,0.0884233811442451,0.005231201699215973,-0.022782851998464845,-0.020775471404234042,-0.010277665710490106,0.0025711855881536344,0.0286898938897023,-0.027641203722469258,-0.03603407784869316,-0.009710435830531269,0.013928385517756155
2024-01-01,2024-02-01,0.06680619744421204,0.10589189350265847,0.06957377569392247,0.09323478827892204,0.08111934172689225,0.0579129335991372,0.05316461680009901,0.054126527841337764,0.054186251577868126,0.11534434313428372,-0.04682644730971007,-0.06807515310307359,-0.04867626103373446,-0.051334242244098896,-0.0654855286618306,-0.01818689914355385,-0.11317691607717024,-0.03981435468228767,-0.055719312922480654,-0.02961603606708381,0.06475300470149105,0.04259137043008368,-0.01711669427950619,0.01533585834763017,0.014395286785951408,0.14337811211236542,0.01999283833527317,0.05192763966718574,0.002770785061594865,0.08361622470590263,0.012386509463830301,-0.04260229624959788,-0.0351370755917592,-0.02178937724515337,-0.031373365163891886,0.06552045954195257,-0.0321753546225995,-0.0231819993590748,-0.02160235776148257,0.003945738665986694,-0.05875627595193304,-0.022345911531627793,0.12590962487302954,-0.009190156612289425,-0.039094296320206404,-0.11086737727375394,-0.03914122675191192,-0.10618001354365904,0.036243949632416395,-0.11769002266078087
2024-02-01,2024-03-01,0.005469208211199945,-0.01567842594096613,0.02873007669859597,-0.0013670876172760344,0.0075167745290336315,0.017010217307023474,0.006234159201244249,-0.03072576763858051,0.006521230993272524,-0.00901215549013663,-0.042415382470890925,0.03910399408962924,0.09757580891317215,-0.001761781511576431,-0.02067489774741581,-0.08581894800306823,-0.00016663293299619061,-0.06527166911327983,0.036199811285986025,-0.12126017203366768,0.05410964287060764,0.06295175819796589,0.03532000745920211,-0.0006993015357341602,0.0630123302935555,0.05829134831451053,0.06839400049885094,0.02956422471567448,0.052774483699327156,0.10190570692635721,-0.03312185213596773,-0.08838176716840426,0.02919576558419377,-0.02935208067756258,-0.08547765004033309,-0.020812560918995145,-0.09323753851246132,-0.07570784785965384,-0.019830332154069423,0.018475947753237777,-0.08554012005065931,-0.12391121975749145,-0.10889676248554549,-0.11351894144998939,-0.09170382594295706,-0.09374199176907219,-0.052028960323230705,-0.08307509809834326,-0.01692703936219049,-0.1527444337797783
2024-03-01,2024-04-01,0.024793587389014618,0.0005900413402080611,0.03737297713147071,0.02321855791954848,0.014577376390980067,0.03687682103057004,-0.009210785372170202,-0.038510319356035556,0.018269105481507817,0.0044968038147538,-0.12450807293159408,-0.07493428553147327,0.006112596848528169,-0.08089137350509631,-0.11039596996850722,-0.17504146027304285,-0.06186735881022025,-0.14366939450823496,-0.028290381488613816,-0.21463202780047208,0.06031788761858801,0.06366238562986729,0.025397673046457032,0.024529263589368862,0.043965443943012675,0.10920493910887039,0.023513212893305668,0.054684461643086366,0.0034483940669201665,0.10365241362374658,0.023621735605834686,0.06686624012109489,0.03275219882802126,0.06393662658091155,0.02415825264613121,0.017322923649659316,0.008274574578237624,-0.003054801063508269,0.011781131212706799,0.061615595675771066,-0.12277023254581906,-0.1316655972469792,-0.2749570058063188,-0.17237360977075938,-0.14709527898747926,-0.11775696595714863,-0.07852269653855525,-0.12348121342471892,-0.06509231985655893,-0.12586100642049644
2024-04-01,2024-05-01,0.030568669593392803,-0.0036658316080240136,0.043449895410124256,0.012759927405570864,2.6566354438697145e-05,0.04758735445028311,-0.017588413976462765,-0.003231376597280744,0.022807019574542668,0.12237640702400093,0.049640781254983835,0.0210887506244984,0.03758392019716884,0.023160137582773185,0.02539220861600999,0.08349461792206667,0.010977107240326961,-0.0024693050265998592,0.05275762109768716,0.030308601005937415,-0.009853725745013612,0.034842454012355584,0.05462957165551943,0.0170235601145878,-0.0026373754674305153,-0.022075195475466734,-0.008533288401798626,-0.02990273716899307,0.039034853303626604,-0.07686774559973837,0.009278298682787112,-0.008497059512207543,0.053583548686704056,0.00026543847020188763,-0.01733225781899749,0.027474508060219695,-0.027821077352636447,-0.017899882980623484,-0.025516334190146914,0.0019661496498330575,0.0005443169532499299,0.01394804768755309,0.017891969430981976,0.01069192799877643,0.0026721970854000354,-0.008178370828946206,-0.021898702231356173,0.029813672430457832,0.004982163752687686,0.0064492636861114
2024-05-01,2024-06-01,-0.036574183568142404,-0.012809399953551548,-0.05373276873464635,0.04075425978603352,0.0024517150181334844,-0.09055714987667926,-0.012193512753244342,0.02837760571947784,-0.020772859584246843,-0.0562033549039952,-0.03619215467533067,-0.0617572848074828,-0.11091725497123328,-0.02329263710963384,-0.07508920660862875,-0.017110170922073353,-0.09211768813789248,-0.059246239582347364,-0.04333435306665606,-0.016863328535975115,0.045178943324810185,0.005298828284387037,-0.01724463035668177,0.035805190008482715,0.013544491322927552,0.052008043414409226,0.04650514556254414,0.03435321781524888,0.06355754697403523,-0.011245449129917037,0.0780021130013357,0.08065790309518696,0.08102591808861287,0.07076438699593751,0.05372338185162518,0.11753399567428623,-0.011500863165713972,0.05928127649435543,0.0562639642701839,0.08143689266632227,0.046841515369556816,0.03345921082354837,0.0035263114840153806,0.046331654251739865,0.04007660133864938,0.06040817916641583,0.022220292994366276,0.0386090935406362,0.023680817014584875,0.053219796152714036
2024-06-01,2024-07-01,0.008985874188339592,-0.007694712407409519,0.0410925873951596,0.007509635296549501,-0.008021310891890725,0.029817246474966648,-0.036898904688938194,-0.0032843821726057758,0.0005383589638320758,0.011899358850292845,0.06249523491272277,0.02391260475308682,0.06582066779366053,0.047566849832749766,0.027724895211820227,0.08628213414556042,0.004773056761614916,0.006463938298847415,0.04306656688490091,0.17410389620641747,0.0029675862973176023,-0.03282957532101966,-0.02497742203773207,-0.00998120310775695,-0.01904391384666892,0.015385010916131134,-0.015650933313731893,-0.03357005582675523,0.007100702277011321,-0.0002981952103056698,-0.020494657673643307,-0.06475145372027198,-0.08462461268078361,-0.026409807977056693,-0.016606550408493796,-0.039100982412608315,0.008587415973247556,0.01944959950374451,0.017401942858717587,-0.02224037080493592,0.0029675862973176023,-0.03282957532101966,-0.02497742203773207,-0.00998120310775695,-0.01904391384666892,0.015385010916131134,-0.015650933313731893,-0.03357005582675523,0.007100702277011321,-0.0002981952103056698
2024-07-01,2024-08-01,0.02245932637265865,0.02804550601699348,0.013654516185510458,0.03054569008760525,0.016728846407813226,0.027545531053970597,0.0031262120958264047,-0.005667495288720325,-0.003600913728510546,0.0346674987183989,0.054659919846069355,0.05674959471950709,0.049433848121957384,0.07385715017250456,0.06768277025851455,0.06322902849821216,0.03777237735901087,0.0269571568448142,0.03272759447059918,0.08744935897996475,0.02245932637265865,0.02804550601699348,0.013654516185510458,0.03054569008760525,0.016728846407813226,0.027545531053970597,0.0031262120958264047,-0.005667495288720325,-0.003600913728510546,0.0346674987183989,0.02245932637265865,0.02804550601699348,0.013654516185510458,0.03054569008760525,0.016728846407813226,0.027545531053970597,0.0031262120958264047,-0.005667495288720325,-0.003600913728510546,0.0346674987183989,0.02245932637265865,0.02804550601699348,0.013654516185510458,0.03054569008760525,0.016728846407813226,0.027545531053970597,0.0031262120958264047,-0.005667495288720325,-0.003600913728510546,0.0346674987183989
2024-08-01,2024-09-01,0.033272939031523494,0.00480024926619701,-0.003000414978082712,0.030727109378895674,0.020071797794485834,0.05307225048373905,0.016089646492700553,-0.003727141893600147,0.008561427632858352,0.049571928090211485,0.033272939031523494,0.00480024926619701,-0.003000414978082712,0.030727109378895674,0.020071797794485834,0.05307225048373905,0.016089646492700553,-0.003727141893600147,0.008561427632858352,0.049571928090211485,0.033272939031523494,0.00480024926619701,-0.003000414978082712,0.030727109378895674,0.020071797794485834,0.05307225048373905,0.016089646492700553,-0.003727141893600147,0.008561427632858352,0.049571928090211485,0.005360855690216146,-0.022848753338196214,0.0026926956824770386,0.004074387473597976,-0.007673534570773185,0.007833812072724305,0.004908117515200936,0.007443091785764359,-0.00023662937432908197,-0.023792800990615766,-0.011576174979679093,-0.017209961330376715,-0.024093147580816602,0.0060187952940176995,-0.011870548271776596,-0.010491388657999218,-0.007583730956172097,-0.0037325208107652774,-0.010528954459794512,-0.012412096942315706
