sasdate,RPI,W875RX1,DPCERA3M086SBEA,CMRMTSPLx,RETAILx,INDPRO,IPFPNSS,IPFINAL,IPCONGD,IPDCONGD,IPNCONGD,IPBUSEQ,IPMAT,IPDMAT,IPNMAT,IPMANSICS,IPB51222S,IPFUELS,CUMFNS,HWI,HWIURATIO,CLF16OV,CE16OV,UNRATE,UEMPMEAN,UEMPLT5,UEMP5TO14,UEMP15OV,UEMP15T26,UEMP27OV,CLAIMSx,PAYEMS,USGOOD,CES1021000001,USCONS,MANEMP,DMANEMP,NDMANEMP,SRVPRD,USTPU,USWTRADE,USTRADE,USFIRE,USGOVT,CES0600000007,AWOTMAN,AWHMAN,HOUST,HOUSTNE,HOUSTMW,HOUSTS,HOUSTW,PERMIT,PERMITNE,PERMITMW,PERMITS,PERMITW,ACOGNO,AMDMNOx,ANDENOx,AMDMUOx,BUSINVx,ISRATIOx,M1SL,M2SL,M2REAL,BOGMBASE,TOTRESNS,NONBORRES,BUSLOANS,REALLN,NONREVSL,CONSPI,S&P 500,S&P div yield,S&P PE ratio,FEDFUNDS,CP3Mx,TB3MS,TB6MS,GS1,GS5,GS10,AAA,BAA,COMPAPFFx,TB3SMFFM,TB6SMFFM,T1YFFM,T5YFFM,T10YFFM,AAAFFM,BAAFFM,WPSFD49207,WPSFD49502,WPSID61,WPSID62,OILPRICEx,PPICMM,CPIAUCSL,CPIAPPSL,CPITRNSL,CPIMEDSL,CUSR0000SAC,CUSR0000SAD,CUSR0000SAS,CPIULFSL,CUSR0000SA0L2,CUSR0000SA0L5,PCEPI,DDURRG3M086SBEA,DNDGRG3M086SBEA,DSERRG3M086SBEA,CES0600000008,CES2000000008,CES3000000008,UMCSENTx,DTCOLNVHFNM,DTCTHFNM,INVEST,VIXCLSx
1992-03-01,0.0014665391210950673,0.0005896671294305378,0.0018304593461064833,0.004016845545530501,-0.003000606031390518,0.008380590946749145,0.008338489774009972,0.008783219940850628,0.008871101919213586,0.02022239158430228,0.004915541473797802,0.011425150774018622,0.008438061979032074,0.012454121066676205,0.013981588603072304,0.010273418164739923,-0.008735170157248895,0.004298490853828163,0.6256000000000057,140.0,0.01461104000000002,0.0031160375433465504,0.0033150091613496357,0.0,0.40000000000000213,0.04037025991275378,-0.05284510648381424,0.004390097988432373,-0.036518008805395574,0.038565930393573034,-0.029140526999036354,0.00045229447910344334,-0.0006776751484807164,-0.0025661601892918995,0.0019495294813172137,-0.001427127553865759,-0.0021043146198955753,-0.0004387568626142979,0.000742442204819227,0.0,-0.0005283912566547144,-0.0001716229292441085,-0.00015329194480884212,0.0013902258682261248,40.2,0.10000000000000009,40.7,7.167809184316444,4.919980925828125,5.793013608384144,6.269096283706261,5.717027701406222,6.9865664594064265,4.812184355372417,5.579729825986222,6.09807428216624,5.517452896464707,0.04458101459158392,0.046819601276466116,0.09310709839458653,-0.004805880715299082,0.003852500411497317,-0.030000000000000027,-0.0037727371274165478,-0.0043983540952758915,-0.0024488808613973845,0.018917874770475684,0.030542497966809634,0.028956508114742374,0.002159954766070449,-0.0013555855277465056,-6.425615648542049e-05,-0.000477640999999987,-0.012684334373661343,0.047815179000000096,0.006893824191635645,-0.07999999999999963,0.1899999999999995,0.20000000000000018,0.24999999999999956,0.33999999999999986,0.3700000000000001,0.20000000000000018,0.0600000000000005,0.019999999999999574,0.32,0.06,0.2,0.65,2.97,3.56,4.37,5.27,-0.0016386705747706287,-0.0033167526259942903,-0.0026427816376717317,-0.02963043645350627,-0.013423314340315073,-0.026707927430728695,0.001434164088504275,0.0015238078223029916,0.004810911846130139,-0.0005842502336799171,0.0015588315103904904,0.0025470305022974316,0.0013266668390130576,0.0007134680209661681,0.0007306699002054273,0.0014662632291138067,-0.00011760583163233918,-0.002486612617517814,0.0012907445405110352,-0.000182019603953254,0.0008364488533993963,0.01166981782768417,-0.003555534196008292,7.200000000000003,-0.016313105296207553,0.0016634239017179198,-0.0037910198809356643,16.2227
1992-04-01,0.0035874565796039093,0.0025740039951731575,0.0008327663556206844,0.006642007628762769,0.0060165209045663914,0.007651588620925409,0.0074326524407073435,0.007499292485140252,0.00932160780028557,0.018414629545071115,0.006126536361060531,0.009434591680241855,0.00792870770741505,0.006558968716463109,0.0018865869697171078,0.005435030279594244,0.042140580590832144,0.006263957898388739,0.23449999999999704,-104.0,-0.009558765000000025,0.001855585883483002,0.002384073496804362,0.0,0.29999999999999716,-0.03458901758220634,0.007114935741887152,-0.02086702335196655,-0.032088314551501185,-0.011928570865274324,-0.02654240155737675,0.0014201666010364988,0.00022594274706833062,-0.0069293646051944435,-0.0039028670530250054,0.0015459629669596353,0.0008021658908035079,0.0026296581990710166,0.0017263657346120453,0.00036181086731801315,-0.002292927229200714,0.0013254122412469371,0.0016849203649194067,0.0012815722371364302,40.5,0.09999999999999964,40.8,7.002155954403621,4.812184355372417,5.4680601411351315,6.16541785423142,5.572154032177765,6.960347729101308,4.770684624465665,5.493061443340548,6.052089168924417,5.5909869805108565,0.001647128124282915,0.03636466859588339,0.010403509578768677,0.0019392537702831447,0.003350988101734842,0.0,-0.004801910780598995,-0.0023810420954877287,-0.003397534940982716,-0.02067478147536317,-0.13043494193091654,-0.12316654933443572,-0.0008367177742663046,0.0057956471743887406,-0.004493395454853832,-0.0011609070000000027,0.00012273402325213567,-0.00037116900000011555,0.023430646910816755,-0.25,-0.2599999999999998,-0.29000000000000004,-0.3099999999999996,-0.33000000000000007,-0.16999999999999993,-0.05999999999999961,-0.019999999999999574,-0.03999999999999915,0.31,0.02,0.14,0.57,3.05,3.75,4.6,5.48,-6.674785426596941e-07,0.0008274721200320911,0.0008760376539864723,0.025575877585348294,0.07196859185577065,-0.011821280514599408,-0.0014466127765677683,-0.006867618786174923,0.0007804953342569476,-0.0005733248179646822,-0.0023452754081141336,-0.0017100635722258062,-1.1052149123891297e-05,-8.245548305474415e-06,-8.650556448053237e-06,-0.0007404091111862243,0.00027938572420715957,0.00260410541700562,-0.00215586257230882,0.0007918212695514626,0.0008301359507689732,-0.005835701533973392,0.0017589934612267655,1.2000000000000028,0.03714687445322795,-0.005843294075837946,0.0013671933048433615,16.1885
1992-05-01,0.005187995101394449,0.005345856065259724,0.0051638886353564395,-0.008738496393275952,0.0054674225945383625,0.0032829131714260384,0.005519693203559051,0.005877423058186615,0.006536751839333554,0.03085723441979127,-0.0021365055808812983,0.007955861919564544,0.0004609587468009657,0.010755434363671768,-0.004871473072113552,0.00587749484348965,-0.02410137106382404,-0.008633686676736474,0.2621000000000038,94.0,-0.0005379349999999894,0.0021722152626377778,-0.00043074143089327777,0.1999999999999993,0.40000000000000213,0.03605336108592816,-0.01176693912158111,0.09560058201342336,0.05635293655113216,0.1254992209272583,-0.0020343452238336113,0.0012248865288171373,0.00013554114824110286,-0.004375665356047165,0.000434404872166283,0.00023762846900865497,0.00020044097080429424,0.00029175784306190167,0.001503794471803488,-0.0004975236991739962,-0.0020622411095310156,0.0001791856406985204,0.001682086182984932,0.0007468260242564639,40.4,0.10000000000000053,40.9,7.101675971619444,4.820281565605037,5.700443573390687,6.2166061010848646,5.66988092298052,6.962243464266207,4.8283137373023015,5.552959584921617,6.037870919922137,5.537334267018537,0.02271459930208053,0.010803486726711498,0.02421269939348214,0.0019119974000947337,-0.0005360420964333201,-0.010000000000000009,-0.0003721341895799313,0.0009110303241168793,-0.002463257670505925,0.011671363762066456,0.0784424978501006,0.06947268824493047,0.0011883610492544605,-0.006628438386419688,0.0036544717249515912,-0.0008111759999999968,0.018000534676342106,-0.053946281999999623,0.03769802632538788,0.08999999999999986,-0.16000000000000014,-0.1200000000000001,-0.1200000000000001,-0.10999999999999943,-0.08999999999999986,-0.09000000000000075,-0.05000000000000071,-0.08000000000000007,0.06,-0.19,-0.07,0.37,2.87,3.57,4.46,5.31,0.002443326680650948,0.0032996488846190886,0.0017451797113716694,0.011932337122534165,-0.03394877933485985,-0.008900005129106603,-4.63146053419905e-06,0.011442558939616099,-0.0024028297155931355,-0.0016228346695932316,0.0015558130469068843,-0.0008514042048055614,-0.0006716992375572772,-8.198397110525946e-06,-0.0007398613527671571,-4.823276488430395e-06,-0.0013670240248435661,-4.371468904196263e-05,0.0009635234931275605,-0.0025801197612134175,-0.002514315837886194,-0.0007264802353659228,-0.0008899763518828152,2.0,-0.052941440354928204,0.00020678661608819482,0.0040452674916551246,14.728
1992-06-01,0.004068981581790254,0.004315791886735809,0.0027029224136940755,0.01048664390244447,0.0028038331366566638,0.0005637853584143926,-0.00247033807801067,-0.0031551957357898175,-0.004910153984138077,-0.013889202432913805,-0.0017030338230608066,0.002350872682674421,0.004395262416075685,0.002286483461180655,0.010908494010402059,0.0033014257395693747,-0.04024770941341416,-0.0038596762556277753,0.05100000000000193,-36.0,-0.012462956000000025,0.0026502677471267333,0.00037163104222592835,0.20000000000000018,0.3999999999999986,0.029129673182213267,0.00750405522382902,0.08725331442578899,0.09655473503652967,0.08035283327689058,0.0032290884961767574,0.0006348768414206063,-0.0016729594931206293,-0.010613210896157632,-0.004570690294832147,-0.0005347434844154009,-0.0013035850429616858,0.0005832604423154919,0.0012244993790258007,0.00013571283185598304,-0.001475637497110327,0.0004906484835753844,0.001374150914758232,0.0004798080859735876,40.3,-0.10000000000000053,40.8,7.0431599159883405,4.74493212836325,5.62040086571715,6.135564891081739,5.676753802268282,6.963189985870238,4.804021044733257,5.488937726156687,6.07993319509559,5.545177444479562,0.010921089822973684,-0.02403435938463261,-0.037075424023802483,-0.005085330366004115,0.006641568734522707,0.0,-0.0032943616443228407,-0.0012076031739987059,-0.0044079249108746055,0.0035486083030820126,0.04650321893376441,0.046050487272252916,0.0018021733594935085,-0.0033711039605668347,-0.002723742644157312,-0.0010042260000000108,-0.015891863828300323,0.04757642099999959,-0.0019306958301972266,-0.06000000000000005,0.040000000000000036,0.03000000000000025,0.020000000000000018,-0.020000000000000462,-0.20999999999999996,-0.1299999999999999,-0.05999999999999872,-0.08000000000000007,0.16,-0.1,0.01,0.41,2.72,3.5,4.46,5.29,0.0008001083120907637,-1.696314282284561e-05,0.00172692660727769,-0.009300488220080894,0.032430908055577135,0.014143848209918097,0.0007094191435532693,-0.003070205623978417,0.001577853646252514,0.0005095914913333388,0.0015449458671499272,-2.858190179644282e-06,-6.989460329620556e-06,0.000703338953557342,0.0007248445178218432,0.0007237953218073301,0.0004405647143448377,-0.004107544234277505,0.0032190415424491192,0.00026470662266175893,0.002500345474614196,0.007956642338094788,-0.0008829777511922821,1.2000000000000028,0.04562073068633765,0.008812460133741595,-0.0008936338825860091,14.7531
1992-07-01,-0.0008876647020645834,-0.001450090715350072,0.0033182200560175623,0.01330298437675026,0.00708001541464931,0.009021536837824584,0.01014569972316881,0.01147690099628118,0.013213686688754223,0.026242274753843553,0.008555048819243183,0.010192518216949775,0.007603468639073796,0.011181589321126228,0.0003336152740383014,0.009026637623351874,0.009574705003651651,0.0032930564258828454,0.5087999999999937,-20.0,0.0035373230000000366,0.0008092692896006781,0.002479632868107373,-0.09999999999999964,-0.09999999999999787,-0.02300273935470898,0.00815462770936648,-0.039071708821238005,-0.07621505079940682,-0.012166738759878726,0.05573119352366618,0.0007539675599446127,-0.0010866613402917835,-0.0046067866928449774,-0.0030587745063250793,-0.0004161093833268126,-0.0020088395666668646,0.001893250401675317,0.0012230018138765786,-0.0018110205520276423,-0.003649243134072222,-0.0014258835295315464,-0.000305203725853076,0.0029271688587488853,40.3,0.0,40.8,7.037905963447182,4.812184355372417,5.598421958998375,6.156978985585555,5.6131281063880705,6.9930151229329605,4.859812404361672,5.529429087511423,6.089044875446846,5.58724865840025,-0.003820086290438951,-0.001988396248062685,-0.010538903571204017,-0.009268694765840024,0.0056528534742259495,-0.010000000000000009,0.005502079097070123,0.0016785474828591163,-0.002687229018534687,0.001999031787472738,-0.008200042259580709,-0.008263533410248325,-0.0011609366730160886,0.0017900354912274707,0.005742160797809426,-0.0001084920000000017,0.016470274660708384,-0.043680042999999724,0.02856792313279266,-0.5099999999999998,-0.48,-0.4500000000000002,-0.4900000000000002,-0.5699999999999998,-0.6400000000000006,-0.41999999999999993,-0.15000000000000036,-0.21000000000000085,0.19,-0.04,0.03,0.35,2.59,3.59,4.82,5.59,-0.004870796200287408,-0.004110157861828334,-0.004358060199588287,-0.012877840176491517,-0.09419985783006224,0.009344016035538694,-8.151649206311617e-06,0.0007395371728202704,-1.5647654871386862e-05,0.0005022639527618722,-0.002332498123863047,-2.8485504088848757e-06,0.0006502935129217846,-0.0007216150319990788,-8.512300006202622e-06,-0.0007349677542034527,0.0015250198239114,0.003609806443139796,-0.0023730920801288136,0.0026322623450170113,-0.004169102825902105,-0.015187331831240769,-3.072482158472667e-06,-3.8000000000000114,-0.0035230901468832343,-0.00854377882357582,0.00227273888345092,13.3036
1992-08-01,0.003796680096524341,0.003722634506470257,0.002486466089552497,-0.01603560233933443,0.003241242387895582,-0.005579214409331179,-0.0012684673055334272,-0.0013630491422285118,8.676089065495773e-05,-0.008910705949663367,0.0033035521140876156,-0.005003505610681636,-0.011055261459230525,-0.005040344720964374,-0.0141732407720081,-0.005006656726358472,0.01355716957482933,-0.04829235347059946,-0.6122000000000014,68.0,0.008828804999999995,0.0003888387767911894,0.0009514227855138557,-0.10000000000000053,-0.10000000000000142,-0.0005819028386486735,0.0028208763416417426,-0.009731760386147315,0.010681009420333787,-0.02430426992605028,-0.08370081142662933,0.0011390673740585555,-0.0013599893297033816,-0.006950218280528553,0.0024041099984923875,-0.0021427304192531693,-0.0015092823713249715,-0.00306011167759479,0.0017741531346562311,-0.0007253275625132005,-0.0016613599280237423,-0.0010687970810270286,0.0018298266770759852,0.003501329836932854,40.3,0.0,40.8,7.111512116496157,4.709530201312334,5.783825182329737,6.169610732491456,5.7430031878094825,6.980075940561763,4.820281565605037,5.537334267018537,6.052089168924417,5.605802066295998,-0.025341174509543762,-0.0179345632792014,-0.038359148128755294,-0.010279136765287689,0.0012572417194984808,0.020000000000000018,0.0013515558807633,0.0012953915371625158,-0.0007040066550212387,-0.0030077422778607144,0.0019577282111136185,0.004024012948962152,-0.0003514096210981421,0.0027559171946016647,-0.0003600022928846869,-0.00040667099999999734,0.006914959485198935,-0.01489465000000001,0.014054941730232695,0.04999999999999982,-0.06000000000000005,-0.08000000000000007,-0.06999999999999984,-0.1299999999999999,-0.2400000000000002,-0.25,-0.1200000000000001,-0.1899999999999995,0.08,-0.17,-0.09,0.17,2.3,3.29,4.65,5.35,0.0016214026019785166,0.0,-0.0017368650679081554,-0.008897735419864716,0.008941073736782545,0.005408641374993195,-0.0007180804806976582,-0.007550600027134813,-0.0031601812693349274,-0.0005495839985805162,0.0007695102151474842,-2.838959321849188e-06,-0.0006658856503278798,-0.0007155116892905156,-8.462845728196555e-06,0.0007201469326441057,-0.0019583368257052314,-0.0006856972264941419,-0.00029863764521564917,-0.0028481393877499706,0.004990996452555407,0.011575374097157365,0.0008699195471391086,-0.5,-0.006336428604267752,0.011633756389995753,0.0003455227745243761,14.4223
1992-09-01,-0.003884309787061113,-0.0050254425130180636,0.006487760931138453,0.013807834415880293,0.00948998818484803,0.0032009201613218963,-0.0004296283366596043,-0.0017418621932359102,-0.0041960273623926625,-0.003376210289682824,-0.0044825310585077105,0.004263991478574258,0.0078223174453389,-0.0005790462443204802,0.01302081520118925,0.0015294220385273505,-0.005948605321911771,0.02858875868589461,-0.08299999999999841,-91.0,-0.009119101000000018,-0.0008712089352123087,-0.0008924587830190234,0.0,0.10000000000000142,-0.0023310033864767377,0.014680445404215092,-0.021178258709744213,-0.07799743458003316,0.018164935412540828,0.02378175656248871,0.0002845642285240757,-0.0010893247264540662,-0.008672502655031167,0.0006546645078326918,-0.001311710180921466,-0.0018141508704605513,-0.0005839416224340255,0.0006328640761701365,-0.00022677279730665134,-0.0020409181305307555,-0.00016393122731273024,0.00243457210938125,-0.002863811885148948,40.2,-0.09999999999999964,40.7,7.078341579557671,4.8283137373023015,5.579729825986222,6.257667587882639,5.6131281063880705,7.01571242048723,4.844187086458591,5.568344503761097,6.102558594613569,5.627621113690637,0.0267446384025245,0.002488368168805266,0.03383402085138876,-0.0069508895915806335,0.0016654082193596764,-0.020000000000000018,0.0038410915420250547,0.0019351102891995708,0.001242030465205879,0.005447092913797746,0.01756673830493094,0.019975304143640793,0.005320451521793501,0.0012743512184680839,-0.002301902484698637,8.553599999999717e-05,0.0013151446761119345,0.0016787659999999427,0.004325308807680006,-0.07999999999999963,-0.13999999999999968,-0.21999999999999975,-0.25,-0.29000000000000004,-0.21999999999999975,-0.16999999999999993,-0.03000000000000025,-0.030000000000001137,0.02,-0.31,-0.26,-0.04,2.16,3.2,4.7,5.4,0.0016174666261656867,0.003276006205900295,0.0026045440811302,0.029537288716412924,0.04450194255368567,-0.04313413346949435,-4.539815315673934e-06,0.002262726513928115,-0.0007877117382495413,-2.2087789693259197e-05,-5.3583819825675505e-06,-2.829416597016632e-06,-0.000660679338110981,-0.0007109719195028674,-0.0007317411583160904,-0.0014545334815974087,0.0002964711003015097,-0.0016207500473699454,-0.0013534918029485254,0.0013192699852195844,-0.006650740978265901,-0.010868810680954688,-0.003494214766218917,-0.5,-0.008749733935578874,-0.007363930993170342,-0.008087643870356764,14.2585
1992-10-01,-0.004970638314384601,-0.005842753037805792,0.0033570743565132233,0.004039263835279527,0.007205383721270664,0.006808739701384958,0.007857394152649633,0.01020393993954194,0.013302494403309773,0.02142851343262553,0.010414100871604326,0.0037554178261789417,0.005472467964390937,0.012636844577131878,-0.0040282018374959705,0.005760611702911866,0.04869084209059693,0.04024844703655983,0.2621000000000038,55.0,0.01774790399999998,-0.0037033181136347793,-0.0007752330300458965,-0.2999999999999998,0.7999999999999972,-0.021227212130572326,-0.09150065138765662,0.0002853474124080435,-0.060669490016105776,0.03856459298685522,-0.0987212667313937,0.0016598731853267878,0.00036324010570076837,0.0028435245387044006,0.0034843240826116784,-0.0005968011635708592,-0.001514310521066875,0.0007298737642464914,0.001988037956332178,0.0007708177851100118,-3.967073292265866e-05,0.0014432324665740737,0.0012150669781672008,-5.311097539539844e-05,40.3,0.09999999999999964,40.8,7.126087273299125,4.859812404361672,5.726847747587197,6.251903883165888,5.666426688112432,7.0317412587631285,4.7535901911063645,5.537334267018537,6.184148890937483,5.6240175061873385,-0.020802420329989246,0.05386968782140045,0.016737968542882342,0.005282953138792124,0.00048446715903871507,0.010000000000000009,0.001186303308728931,0.0005729455751808388,-0.00028966915846684316,-0.0038561164863439856,0.005028339606195864,0.005082289335005319,-0.004558008157316884,0.00018123289957383548,-0.003718152290596244,-0.00035079600000000044,-0.014392893287619835,0.0421213960000002,-0.016397857109881286,-0.1200000000000001,0.08999999999999986,-0.050000000000000266,0.08000000000000007,0.11999999999999966,0.21999999999999975,0.16999999999999993,0.07000000000000028,0.22000000000000064,0.23,-0.24,-0.06,0.2,2.5,3.49,4.89,5.74,0.0016057221737808547,0.0008039668140149558,-0.0017361115471761224,-0.020639553296548208,-0.035345061836137504,-0.017682665323700775,0.002114872703040227,0.0030228617120142687,0.008624122444097715,0.0010122446273248542,-5.3336604652898245e-06,0.0008350519327304795,0.0032545435248740873,0.0035203728930373046,0.0014382894529028079,0.00216318981085184,0.0018915868087487908,0.0028220741473825584,0.00020510285437858045,0.0023980448896563367,0.005814993021580062,0.013770534597710604,0.0026181824273754373,-2.299999999999997,0.0007913672761930002,-0.007438822735515771,0.0016311247746028101,17.4786
1992-11-01,0.0021579734153469587,0.0044430585677393,0.0017040167391795258,0.0017027096167439026,0.002212934269193667,0.003819756033103694,0.0025261614772960073,0.0031391746405216026,0.001589193818769985,0.008474846893799182,-0.0008792188604571649,0.007275790081758604,0.005466274372071922,0.006422817245356871,0.004479906736550632,0.003625184022329364,0.0003472638272485895,-0.015519279274354147,0.10070000000000334,98.0,0.004839526000000038,0.003236286635008412,0.0020883866388334837,0.10000000000000053,-1.0,-0.011689028640045507,0.10562663993943566,-0.03129783130810537,0.06924709800414597,-0.09658720269063181,-0.042030373866616344,0.0013277478314392965,0.0006353528691160903,-0.0008354917354589375,0.001303497903442974,0.0004177982095452393,0.000605999412545799,0.00014591084872961346,0.0015027677840286913,0.00027191153978911586,-0.0003372647858093103,0.00048321227987635496,0.0018198367169866003,0.0006902227569671737,40.3,0.0,40.9,7.101675971619444,4.727387818712341,5.58724865840025,6.251903883165888,5.752572638825633,7.0192966537150445,4.897839799950911,5.560681631015528,6.104793232414985,5.62040086571715,0.024947725411200494,-0.04018701760429799,-0.04942643760595011,-0.00860732515011442,0.002322421814625386,-0.010000000000000009,-0.003880894946186153,-0.003162494708035979,-0.002030036947804348,0.008963221322847659,-0.0009083393981610399,-0.0029497223141712325,0.0027181227992834067,-0.0018049044800694247,0.010582187216905403,0.00013225900000000956,0.02475765112572681,-0.07423452900000038,0.02025433050758174,-0.010000000000000231,0.33000000000000007,0.27,0.2999999999999998,0.38000000000000034,0.4400000000000004,0.28000000000000025,0.10999999999999943,0.120000000000001,0.57,0.04,0.25,0.59,2.95,3.78,5.01,5.87,-0.00483936738975288,-0.0057099652308458815,-0.0017361115471761224,-0.002922554442601921,-0.05425255333575629,-0.006649633935736254,-0.0014243994314462327,-0.0007584220968048783,-0.003951216744705555,-0.0005463236495657497,-0.0015390517415836413,0.0008287601255991817,-0.001322428784969354,-0.0014247931721973472,-0.0007316443786056226,-0.0007316443786056226,-0.0015565205545389205,-0.00019576795987852336,-0.00023516546770618874,-0.002360909535258582,-0.0016652609843483823,-0.005082686075456699,-3.0404216455615085e-06,12.0,-0.005898494799184917,0.012095467636260793,0.002598493324287965,14.594
1992-12-01,0.03583596895600927,0.04016903987740328,0.006570857427464993,0.015446293591274696,0.012217246594131481,0.0015098426396891185,0.0034005674894102,0.00288393722271163,0.0004016708129315205,0.010280836393230075,-0.0031761625075468203,0.00911544644382678,-0.0009077623375510768,-0.0029015878154616814,-0.005063880040314217,-0.0005270772445644667,0.03719600463337169,-0.011658916220262938,-0.2190000000000083,3.0,0.000577150999999998,0.0008793945974225892,0.0010173496818577377,0.0,1.1000000000000014,-0.039353371936995174,-0.05774219089396038,0.07210841349505337,0.12683643345109896,0.03162318843051182,-0.06633447382034241,0.002011153434075652,0.0015413213079042976,-0.0010035123772400567,0.005197066699649255,0.0006561875738775313,0.0003028620486524858,0.0011665209838422896,0.0021298287012694317,0.0007700147589151385,-0.0016085315195617511,0.0006465156537878158,0.0025724459975418057,0.0019618766068898452,40.3,0.0,40.9,7.112327444710911,5.043425116919247,5.6240175061873385,6.274762021241939,5.575949103146316,7.069874128458572,4.859812404361672,5.634789603169249,6.169610732491456,5.666426688112432,-0.004498663867192221,0.029834696895960633,0.07595863171794548,-0.0023658111608160226,0.007157643942544922,0.0,-0.0028678412336384795,-0.001313742091966219,-0.00190950659930067,-0.0005700918780950914,0.004458494601160101,0.004609855553251663,-0.0008500360096563853,-0.0005954499578271211,-0.0046795068558243,-0.003481238999999997,0.029822357307023317,-0.08680585699999988,0.022564039663862,-0.16999999999999993,0.009999999999999787,0.0900000000000003,0.020000000000000018,0.029999999999999805,0.040000000000000036,-0.10000000000000053,-0.11999999999999922,-0.15000000000000036,0.75,0.3,0.44,0.79,3.16,3.85,5.06,5.89,0.0016109545776341605,0.002445320425684905,0.0017361115471761224,-0.008853832881223767,0.017017509519513307,0.03851462416626905,-0.0014124184136683482,-0.0007550002077136853,-0.003120110356331196,-0.0010499757645332508,0.0007659882756181347,-0.0033444847228469854,-0.0013071106146593792,-0.0014099013365340696,-0.0007253722115843075,-0.0014429897522481028,-0.00022199453969218297,-0.00538440066674184,0.0017860897858010816,-4.400266113036011e-05,-0.0008295290875968142,-0.0007238373873228454,-3.0298462578848273e-06,5.700000000000003,0.003517330216265435,-0.003016533488615636,-0.00026030142670130374,12.7813
1993-01-01,-0.027897051340493917,-0.035136576037333,-0.001436767717170273,0.0025016508832855777,0.011504579623768052,0.003932598920924235,0.0039063877958094295,0.004690072715138882,0.005492749779361539,0.014502674976067276,0.0021954572088001,0.0036008794674957656,0.003964486198095862,0.01494459571738549,0.007887317213223888,0.00934962384918947,-0.061804414301954935,0.001323564213127959,0.585400000000007,-70.0,0.00033171399999998297,-0.0011986582690965975,0.0006552639772081648,-0.10000000000000053,-0.6999999999999993,0.03391200421852503,-0.040686084945216194,-0.08723550010886783,-0.14479023706769478,-0.04476132586794357,0.019281929549450183,0.0026904414413984057,0.0025786618826533214,0.0016719615999907234,0.00731658095004839,0.0013110848123591978,0.0015129358879644172,0.0010195907954866357,0.0027186656453519475,0.002803275335782729,0.0004768717305445591,0.0030866021760811435,0.0025658454949386567,0.0012176078160663906,40.5,0.20000000000000018,41.1,7.098375638590786,4.867534450455582,5.713732805509369,6.320768294250582,5.3981627015177525,7.0707241072602764,4.955827057601261,5.638354669333745,6.184148890937483,5.594711379601839,0.02035413149215337,-0.035875426544363265,-0.08258364927089268,-0.012088824292264988,0.00021892793589906034,-0.010000000000000009,-0.003664987379489837,-0.001111062682547015,-0.005165601988285751,-0.020316757854029532,-0.04480257025518952,-0.04541800382508332,-0.0008469217630198145,-0.0028473652513225645,0.00043629553860480286,0.0025163669999999916,-0.000941587218050266,0.010328186000000183,-0.018578200887372276,0.10000000000000009,-0.41999999999999993,-0.2200000000000002,-0.21999999999999975,-0.20999999999999996,-0.25,-0.16999999999999993,-0.07000000000000028,-0.14000000000000057,0.23,-0.02,0.12,0.48,2.81,3.58,4.89,5.65,0.0008035335168834479,0.0008133366403697551,0.0026030383461623785,0.015717279123702355,0.029798639914008884,0.0009144917335870417,0.0021010748169265625,-0.0007532957041718191,0.0007718860602983213,0.0015118832136007399,-2.3487645215425346e-06,0.0,0.0012819743657166427,0.0006931921284962783,-4.63146053419905e-06,0.0014306036207933914,0.0006811402707613823,0.005772368384117321,-0.002606732563995351,0.0010357064400268179,0.0016508438944344839,-0.0014398850579877553,0.0017300833608842048,-1.7000000000000028,0.00351429588958041,-0.014368896488411664,-0.01155698470383193,12.584
1993-02-01,0.004614813980721166,0.005639822817801843,0.001849702410534615,-0.001282770444390735,-0.007819974951772224,0.004827872959049628,0.0028616046264735573,0.0006355215097864075,0.0012933302921318557,-0.0039000248413980643,0.0032091509891261083,0.0014637254530196486,0.007338109905085766,0.007777787904665434,0.001377451111865824,0.002867817809875106,0.025875987880782603,0.010883519291526866,0.07729999999999393,112.0,0.017073418000000007,0.000451611403855523,0.0016782047152457125,-0.20000000000000018,-0.10000000000000142,0.0479381724067629,-0.026392811356406476,-0.0477446857678796,-0.07288241353561364,-0.030469695106693173,-0.021496769879002287,0.002265295115789101,0.002526963124370951,-0.016167411767011863,0.01066335546574848,0.0008334325997374492,0.0005038037287281583,0.0013093767783285415,0.002199218056233576,0.0021648935029325855,-0.0006955139631550367,0.003897099930691539,0.0018072294075412998,5.290585404438275e-05,40.6,0.10000000000000053,41.1,7.098375638590786,4.8283137373023015,5.68697535633982,6.278521424165844,5.54907608489522,7.045776576879511,4.962844630259907,5.58724865840025,6.186208623900494,5.529429087511423,-0.009362317855877933,0.05763878090075458,0.10520236860486243,0.001009638769735588,0.0025160221435864827,0.0,-0.002348005740838488,0.0002902289606581121,-0.0034306786220934526,0.0005434861923641066,-0.02756391834621086,-0.026947615052163365,-0.0015141533590474765,0.002940661867108396,0.0028968410066418926,-0.00018665799999999233,0.014756291613045924,-0.034216081999999926,-0.0017696992402509437,0.009999999999999787,-0.06999999999999984,-0.06999999999999984,-0.07000000000000028,-0.10999999999999988,-0.40000000000000036,-0.33999999999999986,-0.20000000000000018,-0.27999999999999936,0.15,-0.1,0.04,0.36,2.4,3.23,4.68,5.36,0.0007996615752112746,0.0008093696723063815,0.001720357925544036,-0.008869438001025465,0.06725543988381322,-0.0027594641194275127,-0.0014089081527579594,0.00899556290857717,0.0007665111663133217,-0.000537826958716181,0.0015243762720507092,0.0,-0.0019410909859729486,-0.000703432986153274,0.0007094191435532693,-0.0007222291307682482,-0.0009211979291618988,-0.0031989628396953407,0.0032150692481840437,-0.0021092878265638326,-6.1268690778604196e-06,0.0007191657987055677,-0.0017391099962291712,-2.700000000000003,-0.04549020425504047,0.007142551332881553,0.012893026404939611,13.6247
1993-03-01,-0.0025972868409436245,-0.0038553874829325707,-0.0027166975387347136,-0.006342252771167622,-0.008310985563797502,-0.0009785121079950443,0.0007144616537893,-0.00010126785981778852,0.0004780612577439669,0.005717792296882074,-0.0014367896170908168,0.0022169698936678195,-0.003147835631028606,-7.6847918008216e-05,-0.004939433502186397,-0.0019160953206629472,0.0460253973474245,-0.020308148568939366,-0.2973999999999961,-19.0,0.002564343999999996,0.0010892569233327265,0.002236022655385028,-0.09999999999999964,-0.5999999999999979,-0.05983036927459118,0.03278982282299037,-0.023791764557337558,0.020062401294263843,-0.05441687162348785,0.03700095641496759,-0.0004726499388105765,-0.0021204131470042853,0.00406642376679045,-0.008093760904117175,-0.0005952381128135897,-0.0012095556358264759,0.00029073993517769736,-5.691357674919573e-05,-0.0007211105414324237,-0.0007954658866307085,-0.0009515668690820434,0.001353281914672877,0.0002644872929273845,40.3,-0.20000000000000018,40.8,6.9874902470009905,4.532599493153256,5.5053315359323625,6.129050210060545,5.652489180268651,6.962243464266207,4.68213122712422,5.53338948872752,6.0473721790462776,5.605802066295998,0.008091743038686872,-0.01636866791980829,-0.08516853107975386,-0.004715887179060019,0.007982715106201965,0.020000000000000018,0.0017259430562690525,0.0005259205027616787,-0.002223668289206948,0.011917002735870597,0.045614961845136914,0.04500202831663025,-0.0007452442529896075,0.002361544052950748,-0.007476223866581755,-0.00026522000000001045,0.01897215652254225,-0.04556047200000002,0.0018766934303320326,0.040000000000000036,-0.010000000000000231,0.020000000000000018,-0.020000000000000018,-0.06000000000000005,-0.23999999999999932,-0.27999999999999936,-0.1299999999999999,-0.2400000000000002,0.1,-0.12,-0.02,0.26,2.12,2.91,4.51,5.08,-5.7877646009174555e-06,-0.0008159741555626709,-0.000878087092793578,0.009857092402297596,-0.03544547894550609,-0.007434750695761494,-0.0007019883851988595,-0.00899556290857717,-0.0046355944210461075,-0.001538904373892258,-0.00305577013947822,0.0025010434045888985,0.0006375139155974097,-4.3584284377118365e-06,-0.0014326533145920806,-0.0007176043552021838,0.000540003322411664,0.0007694006359679761,-0.004119608382088025,0.0022948675994043377,-6.096650195797082e-06,0.005015616943332635,-0.0008661732985180137,-0.6999999999999886,0.04200146527756665,-0.0012894581742717293,0.004746208593034318,13.693
1993-04-01,0.007503226158220855,0.00930301795819588,0.006719214261821982,0.005153741805530743,0.02545868114130201,0.0027650993330778917,0.001708307056490277,0.002247674631728813,0.0006989306409623808,0.004738714508652819,-0.0007840826229923437,0.006525060920341552,0.004115376420854133,0.004786217846188379,0.010624778676423752,0.004637828353375006,-0.01288445588110676,0.00032020875972804674,0.23730000000000473,0.0,-0.0019858870000000195,-0.00010887231620948512,-0.0005689995802349301,0.09999999999999964,0.0,0.027233150458357613,-0.017404903983511133,-0.03296105203511246,0.053544387499392165,-0.10069564100646566,0.010627092574287289,0.0027509584413625277,-0.0004969168670001523,-0.003217887440951195,0.00298953884836628,-0.001370393755740551,-0.00191812688157178,-0.0005815644246478513,0.003567901793035233,0.0013066302068498459,0.0012525724103440439,0.0015468026812008873,0.003749535701480511,0.0016382616955166185,40.8,0.2999999999999998,41.3,7.1372784372603855,4.77912349311153,5.552959584921617,6.333279628139691,5.762051382780177,7.00669522683704,4.762173934797756,5.480638923341991,6.163314804034641,5.605802066295998,-0.016943900557130576,0.004981183353930163,0.04943421810463633,-0.0027683942616096857,0.0023362673402456124,-0.010000000000000009,0.004090799855728022,0.0007031181494294714,-0.0035766169704531947,0.007816576265827102,0.032322662187567186,0.03500048011632528,-0.005902506344437342,-0.00020631404631910044,0.010890671357675963,-0.00024582999999998856,-0.015852734476291097,0.047301211999999815,-0.03294706539106507,-0.10999999999999988,-0.029999999999999805,-0.08000000000000007,-0.07999999999999963,-0.08999999999999986,-0.0600000000000005,-0.010000000000000675,-0.1200000000000001,-0.009999999999999787,0.18,-0.09,0.01,0.28,2.17,3.01,4.5,5.18,0.003181493677589131,0.005644826673510295,-0.0008690947871397015,0.009713003791799402,-0.018346232788727157,-0.017219281201155567,0.0020864621810989803,0.0,0.0030888037027470006,0.0014954306605217127,0.002285715280856415,-6.239615806258314e-06,0.0019097466071915647,0.0013807014854645416,0.001420443246474612,0.0021324375286679853,0.0006139335374211186,0.005550369683728462,0.001197167819455558,-0.0005672773547384935,0.0008125989665050959,-0.0057347827420382025,0.003444563446459714,-0.30000000000001137,0.01813927116371694,0.00795511113367553,-0.004721882408544431,13.4566
1993-05-01,-0.00022605666471875452,0.00042811083372917835,0.0034793522072495975,0.0015827707509483702,0.009443302385145458,-0.0037229648933116977,-0.0036837935310254366,-0.004930147864874002,-0.0070840117694404015,0.0012437057964245213,-0.010168534115403638,0.001317443823803277,-0.003773131507055716,0.0012502765613078282,-0.009134499086134618,-0.001109891638902738,-0.08005343584840574,0.002302163410710989,-0.22050000000000125,127.0,0.012461626000000003,0.005274437470513149,0.005350842729837879,0.0,-0.10000000000000142,0.0038730869211587304,-0.0011456942249967739,0.02845653991400887,-0.041395414988969925,0.08394483058165036,-0.03193512593005288,0.0024902102380153224,0.0026173300140044375,0.0016949156599910253,0.013343415173684647,-0.0003578030928501619,-0.0011121784676060287,0.0007269026997391848,0.0024582979895395596,0.0022038824221617404,0.0023815205349766444,0.0017218685364994712,0.003437199827265758,0.0006862150233644115,40.6,-0.09999999999999964,41.1,7.138866999945524,4.762173934797756,5.707110264748875,6.318968113746434,5.659482215759621,7.013915474810528,4.852030263919617,5.54907608489522,6.126869184114185,5.594711379601839,0.00952985802194739,-0.006820964994188827,-0.017581262779190254,-0.008745690301683595,0.0005867557475891516,-0.020000000000000018,0.00849691237780359,0.007593702463127627,0.004668090988386275,-0.011270103384321217,-0.04682123683625017,-0.05128498187636743,0.013848795078449605,0.0029013943776021733,-0.010369383078496774,-0.0005353400000000091,0.0048855815210391285,-0.01073248299999996,-0.008374958951906208,0.040000000000000036,0.0,0.08999999999999986,0.09999999999999964,0.11999999999999966,0.07000000000000028,0.07000000000000028,-0.03000000000000025,0.07000000000000028,0.14,-0.04,0.07,0.36,2.2,3.04,4.43,5.21,-0.005584378293900016,-0.006462705256964796,-0.00515242878354627,0.008347968231750436,-0.012622675520358673,-0.017733491854520445,-0.0007053308889179988,-0.003738322110606873,0.0007677379070063495,0.00197177831082751,-0.0007648024401500919,-6.208560017206821e-06,-0.0006554814101802364,-0.001392235577356793,-8.082273502907356e-06,-0.001430063262028547,0.0004242466752781837,-0.005311097691103939,-0.0003798892522421937,0.0018633726561567698,-0.0008267082144115534,0.002142092929054318,-0.002590280904587239,-5.299999999999997,-0.008668748144259553,-0.011920032574792572,-0.00786284609698118,13.535
1993-06-01,-0.001236788122966459,-0.00265188197840871,0.00362283951300002,0.009202467854295904,-0.0015087654264434036,0.002265928358109015,-0.00028601734598776574,-0.0008071216394673897,0.002000612031274329,-0.008796706142588206,0.005989020627737318,-0.007334818809825894,0.005531692844377822,0.004113770031868302,-0.0012486209859190467,-0.0010926983674650614,0.04516050758100221,-0.00340022136111795,-0.21829999999999927,-86.0,-0.008368154999999988,0.0011365614444702743,0.001455876798823752,-0.09999999999999964,0.3000000000000007,-0.044073384187941045,0.05970262078414379,0.012816580438197889,0.02238899489347901,0.005614837884328594,-0.0024768716676764058,0.001635633675542536,-0.001037087230818301,-0.013297161488388554,0.001471670611456588,-0.0014324939778003198,-0.0018226007475501405,-0.0008723466677071912,0.0023055286367199557,0.0021990360034109813,0.0003765545305363105,0.002419498941886644,0.0031280281705488022,0.0009493671599134501,40.5,0.0,41.0,7.154615356913663,4.852030263919617,5.659482215759621,6.306275286948016,5.75890177387728,7.029972911706386,4.859812404361672,5.583496308781699,6.12029741895095,5.634789603169249,0.006762378140294345,0.028692360520176763,0.08396367224774437,-0.00149171033744544,0.0021881459838706263,0.010000000000000009,-0.008723511265443129,-0.005877451747723583,0.0009226253537679696,0.007985911278404423,0.0265229114808454,0.0267067003792667,-0.00023566316705903034,-0.0013892052400681365,0.007615956938677115,0.0005384979999999984,0.00629122984901187,-0.01464771400000009,-0.0047838367628165734,0.040000000000000036,0.10999999999999988,0.10999999999999988,0.13000000000000034,0.18000000000000016,0.019999999999999574,-0.08000000000000007,-0.09999999999999964,-0.14000000000000057,0.21,0.03,0.16,0.5,2.18,2.92,4.29,5.03,-0.003985656930203696,-0.006447082695049566,0.002576214391773135,-0.0401819187650716,-0.028197148991148335,0.033954869690997036,-0.00208453863492597,-1.4027507943659145e-05,-0.0023121397583798498,-0.003024949777350905,-0.0038031504231721414,-6.177735509815818e-06,-0.0006480623547160391,-0.0006937099301715932,-0.0021304285380523424,-0.0014209577772250626,-0.0027460978208786457,0.0018083517681537487,-0.003236274677817619,-0.0034273914055984456,-0.0016359897299578208,-0.002142092929054318,-2.9471943818748514e-06,1.2000000000000028,0.028694379725520136,0.008352575652361693,0.00780807707694553,13.0022
1993-07-01,0.0032221052569969544,0.0027588810556427035,0.004906866838576551,-0.0048504079153897095,0.014410948753987185,0.0025618604558461655,0.005226201800050845,0.006523178528784257,0.008246715497957524,-0.0012393907457095565,0.011687891364554837,0.0002206526472927628,-0.0008582791761675423,0.002444985675660316,-0.00036938795979502004,0.0021183182559703084,0.04333529204040598,0.0011824740261454636,0.03719999999999857,111.0,0.019640829999999998,-0.00010818830958569947,0.0014703624973648743,-0.09999999999999964,-0.10000000000000142,0.02273523424463164,-0.07161896398248668,-0.030711966083540432,-0.060071269409066375,-0.008998935868569369,0.02321494205560448,0.0027861575836070074,0.0007666464106357296,-0.004644370608563264,0.004820296454830952,-0.00017920611738198033,-0.0002027164004516635,-0.00014546512499435948,0.0032908483339788575,0.002551992609754805,0.0025923924873190174,0.0026362830632660206,0.004007426513362944,0.004785830481470299,40.7,0.0,41.1,7.134093721192866,4.882801922586371,5.648974238161206,6.327936783729195,5.627621113690637,7.068172000388042,4.844187086458591,5.564520407322694,6.214608098422191,5.655991810819852,-0.018303383728722977,-0.016266815796296186,-0.04078397376384224,-0.0003470161214664813,0.0003708969567153275,0.0,0.00020340711968636072,-0.0017152049918465195,-0.0015101940952284565,-0.00465131774474159,-0.010714810728798874,-0.009085213032581363,-0.007870270440538008,-0.002327605630802587,-0.0021242955547764453,-0.00020170499999999647,-0.0017199981902722428,0.004810271999999838,-0.009457483611431172,0.020000000000000018,-0.04999999999999982,-0.029999999999999805,-0.040000000000000036,-0.06999999999999984,-0.1299999999999999,-0.15000000000000036,-0.16000000000000014,-0.14000000000000057,0.14,-0.02,0.1,0.41,2.03,2.75,4.11,4.87,0.003186615737071463,0.003214732979481383,0.0,-0.0042300350470334536,-0.02060560941131584,0.023214745202258413,0.000691800843685364,0.0022474584391307673,0.0015384618419060914,0.0004788880415027563,0.002282237582465818,-0.0008308894547832679,-0.001274262543889293,-1.9024988366922457e-06,-5.015690325294031e-07,-5.022802271881233e-07,0.001261074661310424,-2.940606095780396e-05,0.002926584619456385,0.0008201081442935632,0.0008139986936019916,0.0021375141733108727,-2.937101242217466e-06,-4.5,-0.009922981771318007,0.015376657402208949,-0.0004516020636904372,11.9995
1993-08-01,0.002158603726092778,0.0017104300288117713,0.0010055499464654005,0.005111282865467359,-0.00019919767668419297,-0.0011078988473833817,-0.0029200610703421503,-0.0045802326378252545,-0.0014340555205745176,-0.01073348404675123,0.0018817163710940221,-0.009432076903844067,0.0012200050062611822,6.504558613773526e-05,0.004615395824813184,-0.0021751343874667484,0.019267097713066228,-0.0009799837134991662,-0.3119000000000085,73.0,0.015129683000000005,0.001714180238753471,0.003223897738077852,-0.10000000000000053,0.3000000000000007,-0.03587273942993363,0.003474236268186104,-0.006587639106804488,-0.015798116876591273,0.0,-0.028333783214510078,0.0013407179797386704,0.0009011851193427844,-0.010398707220898196,0.004797172616116896,0.00011947431316450263,0.0007093276884528876,-0.0007276431958960217,0.0014503918037593877,0.0005811224767366951,-0.0008501972771970401,0.0018098580827761168,0.002810444864451256,-0.001680319656021112,40.7,0.0,41.1,7.170119543449628,4.820281565605037,5.680172609017068,6.331501849893691,5.771441123130016,7.114769448366463,4.867534450455582,5.638354669333745,6.257667587882639,5.6937321388027,-0.019124803849866367,0.009841276526808329,0.0331741946921742,0.0006391468520465793,0.0016785010589526195,0.0,1.4672306988039452e-05,0.0011905838216552667,-0.001008064601494496,-0.004006084580654878,-0.006971672964024123,-0.010511060259344118,0.003649635025518627,0.0008393182027779389,0.002316198273752512,0.00010797499999999627,0.01517634683666369,-0.042159071999999576,0.004479852685035812,-0.03000000000000025,-0.020000000000000018,-0.020000000000000018,-0.020000000000000018,-0.03000000000000025,-0.05999999999999961,-0.1299999999999999,-0.3200000000000003,-0.33000000000000007,0.15,-0.01,0.11,0.41,2.0,2.65,3.82,4.57,-0.008839587644636993,-0.009801907056906423,-0.0008602151068073383,0.013517256080293194,0.0731891219908487,0.008775754141320036,0.0006889306264676875,0.010500454087996935,0.001531379402382349,-0.0014980088099676436,0.002282237582465818,0.002465398319795753,0.0012582291816682911,0.0006856242507309318,0.002118892374812553,0.002120390000104777,0.00010486179242352733,-0.0004236173642011565,0.001599137064205891,-0.00037069497045871813,-2.6525515552933143e-06,-0.001426023570546775,0.0008506794793770034,0.29999999999999716,-0.04323997649639999,-0.010331709488891505,-0.008454497089326551,11.9522
1993-09-01,-0.0022521719993893186,-0.002780936346669094,0.0057239375744684295,0.00886551357316634,0.005881720774416621,0.005103640206012727,0.006372059021377829,0.0071219021692270346,0.003061385598837063,0.02079686445171358,-0.0033163004024636678,0.016839746137124578,0.0034691382777261026,0.0121192054752699,0.00023764316767937999,0.0069200509979756575,-0.0034071829775212947,0.024040156914197475,0.4052999999999969,-76.0,-0.006630328000000019,-0.0027116094285926096,-0.0025019689121368316,-0.09999999999999964,0.10000000000000142,-0.01554846490918571,-0.03091617777965805,0.005273578470935902,0.02360455776942061,-0.007941051372812424,-0.005882369903067897,0.002200635928501171,0.0022044773296077125,0.006425306467653158,0.0035310037725579946,0.0016711433313254531,0.002428167927154945,0.0005821569077237854,0.0021996776691288744,0.0023657028909820355,0.0029035050074881497,0.0024564678261480566,0.0038331168855023634,0.000682970422408502,40.8,0.1999999999999993,41.3,7.202661196523238,4.997212273764115,5.7430031878094825,6.340359303727752,5.755742213586912,7.1316985104669115,4.919980925828125,5.655991810819852,6.2422232654551655,5.749392985908253,0.021424454567842588,-0.016718300935467667,-0.052690250492652524,-0.008930186147200203,0.00485493905985912,0.0,0.0002853409974532539,0.0008102530436069344,0.0005041593250219023,0.005190085311422621,0.020510546569442845,0.024387214058476214,-0.00350283596060752,0.0005842335356343042,0.0008976237657511987,0.0006760989999999995,0.011189448560436688,-0.03067646600000007,0.0011784868450455122,0.06000000000000005,-0.020000000000000018,-0.06999999999999984,-0.08000000000000007,-0.08000000000000007,-0.2999999999999998,-0.3199999999999994,-0.1899999999999995,-0.2599999999999998,0.07,-0.14,-0.03,0.27,1.64,2.27,3.57,4.25,0.011251532413234067,0.01386941961349386,0.0017204302136146765,0.0118655807232102,-0.03584323949595136,-0.024814779671785026,-0.0006937099301715932,-0.01123687875159085,-0.00383641851448413,0.0009740478286817122,-0.004564475164931636,-0.0008355452350912174,-0.0006386719658362239,-0.001376935069814067,-0.002121389604760715,-0.0021228907634620597,-0.0006618089451295717,0.0020184024436140646,-0.005524566165033384,0.0007052389402231185,0.0008087151385050007,-0.0028474828709135203,0.0008441496567246354,0.6000000000000085,0.010098667589634402,-0.0016719188185660983,0.0008809929727915389,12.6214
1993-10-01,-0.00420084296983525,-0.003970867672871137,0.001555404382593828,0.00426226565275023,0.006093416210802616,0.007438434332736499,0.007168739080801956,0.0083980598271296,0.005076891732902489,0.025312465020890684,-0.002365374278962662,0.02125851816360136,0.007784408721851932,0.011817983023364675,0.002152838640940402,0.008360217840476025,-0.008651349712377687,0.028434735278735523,0.511800000000008,164.0,0.017240014999999997,0.002356660198039151,0.00222887939914429,0.09999999999999964,0.0,0.06469840602079557,-0.0007952286701380373,-0.004282661792000653,-0.052685767070261846,0.02973571120023255,0.031361455204052646,0.002509096787429499,0.0024238083592980075,0.0,0.00928703403844544,0.0005365606591301031,0.0015146163343846553,-0.0008733625009291757,0.0025303713887439017,0.002315640507488226,0.0016947486566945003,0.0023818259702910183,0.003378629728830518,5.251687105634062e-05,40.7,-0.09999999999999964,41.3,7.238496840894365,4.836281906951478,5.8888779583328805,6.380122536899765,5.752572638825633,7.160069207596127,4.983606621708336,5.700443573390687,6.293419278846481,5.707110264748875,0.00955886894957736,0.04559143778262431,0.03892148698051656,-0.004492865021941128,0.00035548487809755613,-0.020000000000000018,-0.0010697635709835396,-0.0005819643544331399,-0.002818147357150025,-0.0008700752970316472,-0.007128510923672948,-0.0056123084959252,0.001232418485077602,0.000836658493531317,0.002944201315024486,0.0009489470000000055,0.010096062532086059,-0.023074573000000154,-0.0020413478089440495,-0.09999999999999964,0.09999999999999964,0.06999999999999984,0.06000000000000005,0.03000000000000025,-0.020000000000000462,-0.03000000000000025,0.009999999999999787,-0.03000000000000025,0.27,0.03,0.13,0.4,1.72,2.34,3.68,4.32,-0.0008074262866477611,-2.6830529646915124e-06,-7.393340881733934e-07,0.020442957166019404,0.06326555140278423,-0.02927515785973256,0.002749130873053396,0.002988979429244587,0.01296185036401365,0.00047367784715035555,0.009113383691301102,-1.0732255053547135e-05,-6.3288836011921035e-06,0.004109123112455038,0.004218918209286215,0.003519392962155976,0.002094532621446099,0.0002958938597563687,0.011339351407023024,-0.0011147109855151882,-5.919944588761439e-06,0.005693448883675956,-0.000859386242815674,4.799999999999997,0.01897388958360402,0.009743624997167188,-0.006889823637735937,11.3771
1993-11-01,0.0025622096600024236,0.0029796280064218195,0.0027974726042256925,0.005116931602779928,0.010135249463521845,0.004644315890240058,0.0024949035371486517,0.0023379996917212154,0.001427116146249574,0.009041833823238754,-0.0014249372866093069,0.005644031469916655,0.007413288030611476,0.009970686827816877,0.002645621483013727,0.0047991824439233,-0.0035635428695846016,3.47926321344616e-05,0.21359999999999957,26.0,0.012358109000000006,0.0010644699482469377,0.002859600613072999,-0.20000000000000018,0.5,-0.0775727389764782,0.0015898254540998025,-0.014297832928102494,-0.02826455816963147,-0.004987541511038529,-0.02547908530098475,0.002288535085472887,0.0018363832899037646,-0.0015591168164803548,0.0038954431627367114,0.0013103819851103538,0.0018145166268865864,0.0005823264103987924,0.002401283326841863,0.0013779310992312332,0.0018491202278756447,0.0009526677320330634,0.003951706569477409,0.0013644714790785883,40.8,0.09999999999999964,41.3,7.226936018493289,4.9344739331306915,5.713732805509369,6.405228458030842,5.796057750765372,7.213031659834869,4.948759890378168,5.796057750765372,6.322565239927284,5.799092654460526,-0.01139816625789436,-0.021073860297974534,-0.0029684267601730596,-0.009266145433253214,0.004333988172888326,0.010000000000000009,0.0018059753193364614,0.0025663675010321185,0.001136626866775181,0.000684308078892748,0.0063216429100174665,0.008089853012935189,0.0028711296570866907,0.00011746482479502163,-0.0015505108813087531,0.0002740160000000019,-0.0021795668918187516,0.010218844000000171,-0.011279375858404439,0.029999999999999805,0.14000000000000012,0.08000000000000007,0.13999999999999968,0.18999999999999995,0.34999999999999964,0.3899999999999997,0.2599999999999998,0.35000000000000053,0.38,0.08,0.24,0.56,2.04,2.7,3.91,4.64,0.0008035335168834479,-0.0016366615764678016,-7.380643012311339e-07,-0.03117648538796214,-0.11844068283973952,0.006183899529491832,-0.0013859073962603219,0.0037266168086897977,-0.010681268262602295,-0.0014810012110109128,-0.00531943002351376,-1.0662280915951783e-05,0.0006192893479104455,-0.0027476908370207553,-0.002821335413899284,-0.002119355514782484,-0.0012444276872480842,-0.001881712686092385,-0.005247529427090392,0.00039591923088355685,0.000800885728154288,-0.0014290414807001106,0.0008391913622176617,-1.5,0.015354344005153564,-0.004923573222864519,0.006527438135699448,13.37
1993-12-01,0.034185936580581,0.03823210170043012,0.0035144721495532494,0.0031569834575275735,0.008902215893437315,0.0057789823037088794,0.0047142274784244265,0.003222686119295659,0.002864455191200932,0.0054303983792687305,0.0018894097334776205,0.006315926792547,0.007144150757063095,0.014334431475635068,0.0009658796261167168,0.006126468904938953,-0.002320250574895155,-0.014588455297864122,0.3091000000000008,95.0,0.014234599999999986,0.0017716024537151043,0.0024316572383824564,-0.09999999999999964,-0.3000000000000007,0.05022372357237792,-0.06395621784698502,-0.006046373811863681,0.0,-0.010050335853502013,-0.054230154060860514,0.0029779705843999693,0.0029490637995248647,0.022965876538099117,0.007745656336034301,0.0008924587830190234,0.0021127831190437263,-0.0008736168290042201,0.0029851765933202046,0.0026615816626041067,0.002884872132556282,0.0035663403006847005,0.003353995123751119,0.0021478909166567917,40.9,0.10000000000000053,41.4,7.334981878871814,4.882801922586371,5.820082930352362,6.54965074223381,5.8998973535824915,7.2868764117507,5.14166355650266,5.786897381366708,6.470799503782602,5.762051382780177,0.0027149821604641744,0.02405062202715591,0.014164036977570404,-0.006524613310217475,0.004747529765836589,0.010000000000000009,-0.004952927697345899,-0.0026018634740392343,-0.0007997138292656913,0.00695539893267938,0.002739949811921605,0.0010181627089695944,-0.0008322302009924343,0.005645682312996669,0.003166579766586075,-0.0022862500000000036,0.006588887365786,-0.013527129999999943,-0.0023465373891959906,-0.06000000000000005,-0.040000000000000036,-0.040000000000000036,-0.029999999999999805,0.029999999999999805,0.09000000000000075,0.04999999999999982,0.0,0.03000000000000025,0.4,0.1,0.27,0.65,2.19,2.81,3.97,4.73,-0.0016090108057005281,0.0,-0.0034371662963623706,-0.005928558169276066,-0.057464567219460694,0.0322263543018968,-0.0006907996280087758,-0.006708918196337343,-0.00227072072052259,0.00047746872613529945,-0.001511716085321524,-0.002446647786779721,0.0006134692463684033,-4.187699190971728e-06,-4.413539858916238e-06,-4.425928763041043e-06,-0.001664238377394156,-0.004240796994020357,-0.002207636800281243,-0.0009087858708305419,0.0007931297182790509,-0.0007119843031127004,0.0008306725031870243,7.0,-0.01032010782674675,0.00997479950671476,0.005156364868473595,10.8645
1994-01-01,-0.02000671817249433,-0.02448302475214703,0.002722851725567743,0.0011382221480342736,-0.0067664392136723706,0.003090492302448844,0.004292484707119293,0.004931747367952433,0.0063381618946376506,0.015192983556888251,0.002995025594412226,0.004748855791641304,0.001542937098865771,0.0025765997740268,-0.004738135287014167,0.0009135745695783015,0.052650774114915144,-0.013958894714832581,-0.1256000000000057,124.0,0.0071154850000000325,0.00502808721952519,0.004124394787915264,0.09999999999999964,0.3000000000000007,-0.019285201110262662,0.009271031427933174,0.03052659065915453,0.11233445477453596,-0.027882318315148424,0.10622701320538752,0.0024364013794979655,0.002317394860348543,-0.005095985208532383,0.0030410565757801322,0.002376003493791856,0.0037116960904963747,0.0004369038152951532,0.0024660651008350243,0.0017262370116029047,0.002485689003096425,0.00040222056648353544,0.002907401379314223,0.0019866171318323467,40.9,0.0,41.4,7.148345743900068,4.605170185988092,5.521460917862246,6.333279628139691,5.883322388488279,7.237059026124737,4.624972813284271,5.697093486505405,6.395261598115449,5.968707559985366,0.030258508453581356,0.03626763435699587,0.008121800356711617,0.001694963407704364,-0.00012049965660665407,-0.020000000000000018,-0.0031118995827918994,-0.0011520539328877533,0.00012631313041744363,-0.01870560934705434,-0.03699591896104781,-0.03888264435285782,0.007055478413031224,-0.009465678613350015,-0.0037220595288891545,0.002523341999999998,0.014995914387731624,-0.03103029200000007,0.0028795768052840565,0.08999999999999986,-0.16999999999999993,-0.08000000000000007,-0.08000000000000007,-0.06999999999999984,-0.0600000000000005,-0.019999999999999574,-0.009999999999999787,-0.040000000000000036,0.14,-0.07,0.1,0.49,2.04,2.7,3.87,4.6,0.0032102756302485602,0.00244998080898462,0.005156857175888874,0.033140352852395694,0.1737229047003126,0.00726274303699892,-0.002052686317742136,-0.0037489253015525748,-0.002275886889736789,-0.0004959481141550981,-0.0007555723819976379,0.0008113569265750797,-0.0018779085553664032,-0.0013637901283773957,-0.0020986366569202275,-0.002101576955626072,0.000106654190430433,0.0036810687604429404,-0.0019778762727913346,0.00016134371526099756,-0.0024190135184967154,0.0007044607374235845,-0.002535549761218281,6.099999999999994,0.012967566663791175,-0.020769418179098054,-0.0016650303613108264,10.6052
1994-02-01,0.0009648079611448424,0.0012021852152344081,0.007992315417179263,0.009105378597849878,0.015712404187807394,0.0006409056755352083,-0.0016872983998430513,-0.0022660718440530303,0.002165850306229622,-0.001032044422142775,0.0033544339323841044,-0.009177728362451898,0.0036291431711932276,0.005422907872040028,0.006641870970833352,0.0015337048392538577,-0.010961416596382278,-0.007814523516586291,-0.08950000000000102,151.0,0.01987212599999999,0.0005588196038477378,0.0009833970602226572,0.0,0.3999999999999986,-0.1828241956585206,0.129643812209574,0.018776854671296306,0.023828379818936263,0.014891455021952105,-0.03024110622746612,0.0016061979608661403,-0.0006233858960449368,-0.00597832509056051,-0.003447230423768488,0.00041522081446032644,0.001100825730381061,-0.0005825808495689699,0.002161132609211691,0.004324617304423128,0.002265006630851829,0.0052972237834669755,0.0030437011685187088,0.00015667023558663118,40.3,0.0,40.9,7.198183577101943,4.867534450455582,5.616771097666572,6.406879986069314,5.786897381366708,7.1459844677143876,4.718498871295094,5.627621113690637,6.300785794663244,5.811140992976701,0.00573126649481992,-0.009846291441704125,0.01149263771325515,-0.0023577661001006334,0.005372433533215926,-0.010000000000000009,0.002375836808117704,0.00011507810329547397,-0.0024870915971186847,0.0022603923718333974,-0.02665812254472666,-0.027583727141976544,-0.005195159601192323,-0.000750259560949651,0.002935582273746462,0.0006208149999999968,-0.002985487676494536,0.017182769999999792,-0.015879114759158153,0.20000000000000018,0.30000000000000027,0.27,0.28000000000000025,0.33000000000000007,0.3100000000000005,0.21999999999999975,0.16000000000000014,0.10999999999999943,0.24,0.0,0.18,0.62,2.15,2.72,3.83,4.51,-0.0016089942632744325,-5.987739106316781e-06,0.000849166884322905,-0.03695191323844238,-0.04798741978826815,0.03213091740162888,0.002730377122857064,0.00523309402459482,0.007578065150718238,0.000957266570461357,0.0015111447639952758,-0.002436713636014609,0.00185698491618691,0.0020368893775959407,0.001396648271721368,0.002795249898304597,0.001978850299789059,0.0006176558865167436,0.0025327464249382814,0.0020539435542268336,0.003992638731600717,0.004916435151439025,0.004183033269413272,-1.0999999999999943,-0.01035150164645593,0.001589598462825137,-0.011511874150605728,12.8852
1994-03-01,0.002663108370649425,0.0031110374556071463,0.00013203685733742532,0.01651300613455753,0.018464753785215393,0.009957459930726387,0.009682290437977414,0.009492056286819484,0.008424281225175356,0.009324266804074277,0.008071722893453703,0.010724105219613644,0.010310980814316473,0.014320624441058971,0.01273520570690323,0.01296374303324388,-0.035055165389557885,0.006461007166270072,0.8248000000000104,51.0,0.011839278000000009,-0.0020607586132204148,-0.0012786048558517393,-0.09999999999999964,0.0,0.05036903632173573,-0.0650790749726955,-0.02041217801202677,-0.06380295655861712,0.011867898548572953,-0.03727139479723185,0.0040793087243322645,0.004399909322609474,-0.006014280522442128,0.013517808987364432,0.0020735218780281173,0.002796645849931778,0.0010192938632780368,0.003999607581254949,0.004612858261898722,0.0031740803810667018,0.005096616933611742,0.0028901754222339093,0.002086594392954666,41.1,0.2999999999999998,41.7,7.355001921105257,4.852030263919617,5.8916442118257715,6.51025834052315,5.996452088619021,7.201916317531627,4.795790545596741,5.720311776607412,6.3561076606958915,5.8289456176102075,0.002632581757559649,-0.004333392485341037,-0.03776618091798056,-0.0024811805628193184,0.0012450899173099828,-0.010000000000000009,-0.0008062015808407708,0.0010349354707877012,-0.0014783217407945415,0.007010481324760676,0.03947881097378758,0.040322580645161255,0.010081611140662083,0.002415114145590813,0.0019698775554184422,0.0006102050000000026,-0.016613773336225712,0.05433328400000015,-0.029462983926796138,0.08999999999999986,0.3599999999999999,0.25,0.34999999999999964,0.4500000000000002,0.54,0.5100000000000007,0.40000000000000036,0.370000000000001,0.51,0.16,0.44,0.98,2.6,3.14,4.14,4.79,-0.00080160119641004,-0.002443993069878303,-0.0017181933466190458,0.03302649112233702,0.006623066520604404,0.0029246683425645514,-7.434664400562951e-06,0.005244858666213936,-0.0022804557408226955,-0.0004957922992803176,-5.704586287791358e-07,0.0024353948889022092,-1.3819694447469999e-05,-7.364217633920589e-06,0.0006946735082760114,-0.0007039281183072177,0.00043456710958000855,0.0012769636841838405,0.00010263015812128629,0.00040149376290443684,-0.0071939450456515175,-0.011253777099511364,-0.007537360644760405,-1.7000000000000028,-0.0007053906859209036,0.018053599093335038,0.02202914421823632,14.2408
1994-04-01,0.009245530015654424,0.01026603576798557,0.004216000673685549,-0.005280722940607774,0.0003131376944196518,0.005915441315151426,0.00459586033278736,0.00395837189626036,0.0031329013176613074,0.01290792860306933,-0.0005523852560118669,0.006713898810121854,0.00760566660906381,0.018476553568129717,-0.0008051198386072045,0.008756940585080919,-0.039302011627816213,0.01585255928144491,0.4736999999999938,0.0,0.007473630000000009,0.0016933507480896282,0.002948163629104883,-0.09999999999999964,0.0,0.018824921029557018,-0.04545322908752514,-0.04485356921795436,-0.08167803101426685,-0.019285906886583604,0.024274821970051264,0.003059602875264744,0.004027356022154649,-0.003972028363571134,0.01135809759469808,0.002128289304691222,0.0031866189084617247,0.000581987503696979,0.0028188263285908732,0.0007886435739976605,0.0033578246469474493,0.003231190141438134,0.0008654262764284937,0.0017181687511147459,41.1,-0.09999999999999964,41.7,7.289610521451167,5.030437921392435,5.883322388488279,6.421622267806518,5.823045895483019,7.238496840894365,4.90527477843843,5.723585101952381,6.396929655216146,5.860786223465865,-0.00020542106254417547,0.027363346046154646,0.07507375565615249,0.0008010536639506682,0.0037202611930382545,0.0,-0.0024618763147516987,-0.0009203731844102947,-0.0003382091856032332,0.007843072899217596,0.033006296468170326,0.03361344537815136,-0.0019959899518973145,0.001312487386224248,-0.003944032816790788,-0.00026698499999999736,-0.03640198193711086,0.11127370999999986,-0.047173872270176,0.2200000000000002,0.19999999999999973,0.18000000000000016,0.31000000000000005,0.5,0.5799999999999992,0.4899999999999993,0.39999999999999947,0.3899999999999988,0.49,0.12,0.53,1.26,2.96,3.41,4.32,4.96,-0.0007996801705640877,0.0,-0.001709402125648296,-0.01651324556116851,0.1190906010279682,-0.034284568876054244,-0.002043363771072393,-0.006739059441663642,-0.000757847340279838,0.001904372622203887,-5.695978835262849e-07,-2.6310821565900255e-06,-0.002476772947606065,-0.0013577635088530826,-0.0006995331071744104,-0.0013951853091418442,-0.0015665708280634405,-0.0027582889212673933,0.0014655399218650444,-0.0025024119057777128,0.003192339065644312,0.007731392486379551,0.0025087113373283287,1.0999999999999943,0.013372144886160342,-0.008331553365239941,-0.0094026532222804,15.3347
1994-05-01,0.0020285280439740205,0.0028619394851467916,-0.0018046813808627604,0.0024172462420057883,-0.003711762693949794,0.004649506346378729,0.0032785912581196897,0.0033265225378329433,0.005465319393875845,0.0031076569231185402,0.00634252941258584,0.0027855985537534877,0.006398637758837644,0.010108770472387896,0.006996256192808303,0.0058048405501232025,0.006402060014715438,0.003294411444854539,0.21940000000000737,151.0,0.04301320599999997,0.0012088754341359476,0.00468277938690953,-0.3000000000000007,0.5,-0.06919395735129275,0.0130827704098051,-0.029531414735722628,-0.030239885189717874,-0.02905492004769883,0.042680731114881354,0.002953718467624711,0.0027786984468445297,-0.004683036916895311,0.007304345969082249,0.0017111672563050462,0.0022841263220314545,0.0008723466677071912,0.002997284927177546,0.005067504619111318,0.0033079624311032063,0.0025565519927237546,-0.0011540682181063744,0.0021305903556871897,41.2,0.09999999999999964,41.8,7.330405211844402,4.919980925828125,5.8289456176102075,6.553933404025811,5.849324779946859,7.241366283322318,4.962844630259907,5.752572638825633,6.3835066348840055,5.846438775057725,0.010524692004038272,0.016214317326305405,-0.022171454332722718,0.0015484542087698117,0.012465715329186722,0.010000000000000009,0.001049376506331079,0.0023803908179118594,0.0006763040244255336,-0.014613504735700111,-0.07274662511768426,-0.0742638518822164,-0.0021353265575418945,0.0006130578643208651,0.005738123903184622,0.0009774850000000002,0.008172581757473374,-0.013584931000000022,-0.00584724132148251,0.44999999999999973,0.5200000000000005,0.4599999999999995,0.5099999999999998,0.4899999999999993,0.2600000000000007,0.20999999999999996,0.11000000000000032,0.09999999999999964,0.56,0.13,0.59,1.3,2.77,3.17,3.98,4.61,0.0,-0.001628664855124029,0.0008536065392412695,-0.015534292962184004,-0.023316690645973193,0.009051798520967047,0.0013563907977145462,0.005982991964430973,-0.004523752829998173,-0.0019333711577802504,0.00150545564195248,0.004836096550899782,-1.5204026642123836e-06,-1.826152141504167e-06,-1.934383768720238e-06,0.0013893700201661474,0.00027091037664650486,0.003019741492411576,-0.0018023532299205058,0.0004994633520762903,0.0015885465346978656,-1.231155624248359e-05,0.0008343740198513139,0.20000000000000284,-0.043506061380934824,0.0033986583851604024,-0.01261870122127906,13.39
1994-06-01,-0.0013520813684557709,-0.0013388884028451287,0.005965575040027371,0.009138004583421733,0.011461906094455188,0.006694365505436117,0.005961248294792831,0.0058456592213103065,0.007343580738155886,0.009287638641976237,0.006604685157001633,0.005662073616606644,0.007628072380716944,0.0043029884809095975,0.0030603697752757952,0.0030743766211358547,0.0389301621252347,-0.0015945427791548283,-0.017600000000001614,-101.0,-0.013495779999999957,-0.0016683251745881478,-0.001873742900492914,0.0,-0.6999999999999993,0.038829059718043624,-0.005294249792231476,-0.036263172795936605,0.013072081567352178,-0.07084769033083571,-0.05437677087807202,0.0027524561556706573,0.0026392203231910827,-0.0003477656094865722,0.002553778030696563,0.002825858468261444,0.003960009134960529,0.0011619463907166505,0.0027806380537676034,0.0033930779030075797,0.0032778064207708013,0.0037333635025884604,0.00014433138511016352,0.0005189683026856073,41.2,0.0,41.8,7.25063551189868,4.941642422609304,5.75890177387728,6.432940092739179,5.799092654460526,7.213031659834869,4.983606621708336,5.707110264748875,6.336825731146441,5.84354441703136,0.007907180403595504,0.01691426628356041,0.059235055167132344,0.006349882513413618,0.006504818557877101,0.0,-0.000265631431254576,-0.005967480063864272,-0.0059332264241174215,0.010501747949671625,0.051495291880956806,0.05081989802948883,-0.00018589838719762497,0.0007653129331748332,-0.003895852922560117,0.0008390530000000063,0.008678137334561242,-0.015002259999999712,-0.011763307346930318,0.2400000000000002,0.0,0.0,-0.04999999999999982,-0.040000000000000036,-0.08000000000000007,-0.08000000000000007,-0.020000000000000462,0.030000000000001137,0.32,-0.11,0.3,1.02,2.45,2.85,3.72,4.4,0.0007990411931322328,0.002443328851300386,0.004252787535332203,0.020414732127092883,-0.023188041453485297,0.04855996201306123,0.0006722244517805009,0.0022140764166884708,0.009040708142807219,0.0004640292714981342,0.0022446241536666633,-0.0024423850299717387,0.001227739794598115,0.00201770150625169,0.0020763536874319755,0.0006884203917039144,0.000979179072880143,-0.0010047189271533696,0.0038617440673514025,0.0003004314191690227,-0.0023901192835587004,-0.0028035742487038107,0.0008301992397714564,-1.5999999999999943,0.024533400548177653,0.004603410043957368,0.00934160920417515,12.9459
1994-07-01,0.0017257887445012443,0.002481374732894892,-0.0006548482389399091,-0.004393144069490873,0.0031690012640215315,0.001262222946262881,-0.00031626308963517147,-0.000683376916911449,-0.004849298814585623,0.002657214205625813,-0.007679066342366703,0.011419530076603568,0.003271314488354271,0.013657531769948328,-0.002465436211805283,0.003652016927699009,0.0008699003550871609,-0.009491141824356397,0.022799999999989495,203.0,0.024387922000000006,0.0006967494242733352,0.0005869405891179014,0.0,0.1999999999999993,0.022593752908361964,-0.05583821825928226,0.0313144175566773,0.08701137698963013,-0.011457795621381273,0.0064497438478863245,0.003233646697381687,0.0018871656431347361,-0.002437751511940256,0.005478393666567882,0.0009401810540943245,0.0008888450538275805,0.0010155967503333585,0.0035684508574327367,0.0038143169647053554,0.002844897445728023,0.0044306148051269645,-0.0005774505718427747,0.001399870610974574,41.2,0.0,41.8,7.271703706887368,4.897839799950911,5.805134968916488,6.386879319362645,5.937536205082426,7.19668657083435,5.081404364984463,5.703782474656201,6.340359303727752,5.726847747587197,0.002477716934592422,-0.00034473724468853106,-0.014128385133142629,0.00130762316125832,0.006487374995042927,0.0,0.003130681929417456,0.0057395695539153024,-0.0008930280621557429,-0.00276663218015738,-0.008421626811684568,-0.01016949152542379,0.005071333960561475,0.0019422468096923495,-0.006448791286676858,-0.00017696400000000168,-0.0075698583781642625,0.02809703699999977,-0.030590960627654873,0.009999999999999787,0.17999999999999972,0.1900000000000004,0.20000000000000018,0.21000000000000085,0.20999999999999996,0.20000000000000018,0.13999999999999968,0.15000000000000036,0.49,0.07,0.49,1.22,2.65,3.04,3.85,4.54,0.003186615737071463,0.004059431762069465,-0.0008708943077184728,-0.014665253044907622,-0.034472731164016945,-0.03296121511593508,0.0006667670796467462,-0.01041337246792029,0.00294455537937921,-1.444371498582342e-05,-2.0199673776311045e-05,-1.6051451966703212e-05,-0.0006189697823355544,-0.0006817722995391406,0.0006774443611687886,0.000682695985184445,0.0007163696613723403,0.001539140055010435,0.0016890429318268119,0.0001738684016565628,0.0023774915221825843,0.004180702422042604,-0.0008371495098935533,-2.200000000000003,-0.03102595426072341,-0.021941924714070637,-0.002126776769051375,12.1635
1994-08-01,0.0014482218078910591,0.0012189430421560843,0.006566452725489391,0.023339474824291884,0.012413407720217151,0.006619808556351359,0.006351237829676393,0.008167228077243571,0.01269680281733887,0.01661485280646069,0.011211821259120569,0.00357074905661392,0.006953448117515748,0.0026722406376067376,0.014812902676085038,0.008681929916329878,-0.032091627122288635,0.011322659580827121,0.43370000000000175,-153.0,-0.01845190100000005,0.004757059599459268,0.005169734494778311,-0.09999999999999964,-0.1999999999999993,-0.054283950822197724,0.1036751584169977,-0.025844941752142248,-0.06475018374816166,0.00447142233340081,-0.017540430542045016,0.0025445971570050574,0.0030208196690573175,0.0003486142618536192,0.0027279829856201587,0.0032251471940583087,0.0047272099060489126,0.0010145663599452348,0.0024262481778034584,0.003670521232075785,0.005016476783266555,0.003953874215056885,-0.0007222824438226638,0.00025902038635194913,41.1,0.0,41.7,7.27931883541462,5.003946305945459,5.726847747587197,6.522092798170152,5.749392985908253,7.227662498728654,4.962844630259907,5.713732805509369,6.3784261836515865,5.834810737062605,0.013875999968274044,0.005988391787454361,0.004572382116938556,0.0005925373133610634,0.008543868392996146,-0.010000000000000009,-0.004878066005672643,-0.0032141975273063395,-0.004733585247579164,-0.00750388586479378,-0.016733871957240076,-0.011744966442953086,-0.0030929903294172334,-0.0008181356635690307,0.006909241432987656,0.0006242809999999904,0.02804779549891734,-0.07239468100000002,0.0031035056212598278,0.20999999999999996,0.08999999999999986,0.15000000000000036,0.1299999999999999,0.07999999999999918,-0.03000000000000025,-0.05999999999999961,-0.03999999999999915,-0.0600000000000005,0.37,0.01,0.41,1.09,2.41,2.77,3.6,4.27,-1.582241929209971e-05,-2.364162449630669e-05,0.00250420561005793,0.008801045969866195,-0.09677514009067201,-0.006089393055511927,0.0006600141956534245,-0.003018492490667768,0.002865787664243058,0.00045703005829533794,-2.0019318641928407e-05,-0.002403509296878603,0.0024416057334741836,0.0013297013503059674,-0.0007036764652115224,0.0006756144170010359,-0.0008499421001122442,-0.003293673275720721,-0.0007635784442303617,-0.00041393072137552167,-0.0015898094950141939,-0.004184590118164966,0.0008267674177564466,2.700000000000003,0.0325457232778561,0.018640145000572872,-0.009551479476463065,11.393
1994-09-01,0.004370694168002842,0.004731992384197525,0.0014863813074370569,-0.004338548217093674,0.00813351085248648,0.002962875331847137,0.0011449739400593018,-0.000500433939337519,-0.0057709432027905905,0.0031750781212549484,-0.00918340265040829,0.009499921517415633,0.005256378205889867,0.012222535009380753,-0.0026607471230422064,0.0039277645217410395,-0.015180022323118436,0.0035006795991785467,0.036100000000004684,50.0,0.019095077000000016,0.0011115511087531615,0.002793196137343301,-0.09999999999999964,-0.10000000000000142,0.0,-0.10324347267750689,-0.001455604332700311,0.018456899777316238,-0.016709900369871633,-0.018004987513613457,0.003076230310091077,0.0031424606865559923,0.004347454895356151,0.006980831141341071,0.0019885373262251704,0.003041156020238134,0.0004344992464631048,0.003059765418285565,0.004000607576953641,0.0037554254687677258,0.004503849125114812,-0.0020251706617777643,0.0016044306420326393,41.1,-0.09999999999999964,41.6,7.295735072749282,4.875197323201151,5.7899601708972535,6.4692503167957724,5.916202062607435,7.252762418053187,4.90527477843843,5.68697535633982,6.410174881966167,5.924255797414532,-0.004833233348104926,-0.0027250498208371,0.0011506856532967902,0.00353625021198134,0.006459184224327785,0.0,0.0012161149034870533,0.0008317069625078943,-0.0018825951136083319,0.0031226038440337334,0.025135791755902304,0.021931723658572877,-0.004393425020891684,0.0015309243827026364,0.006867459169833445,0.0011460100000000029,0.00584194101318225,-0.009761349000000141,-0.01835470777036674,0.2600000000000007,0.17999999999999972,0.13999999999999968,0.16000000000000014,0.20000000000000018,0.20000000000000018,0.21999999999999975,0.2699999999999996,0.2400000000000002,0.29,-0.11,0.31,1.03,2.35,2.73,3.61,4.25,-0.00634984356772339,-0.008890863670754534,-0.002550340221635139,-0.017894090266456608,0.015463654871644472,-0.014175717885379413,-0.0020235766124940824,0.010477969427549638,-0.011099433725635599,-1.7988633182142166e-05,-0.0037221780667984206,-2.5396454539361457e-06,-0.0024528351149255556,-0.0020140669842172443,-0.002067292060471182,-0.0027586106952997014,-0.0011888372700683547,-0.00021874213228301187,-0.004160166700167167,-0.00023411885723323422,0.001574787741636996,0.00415752722496654,-6.187984789907119e-06,-0.20000000000000284,0.021272280400497223,0.018806058847848917,0.0048511357101928,12.6123
1994-10-01,0.008880834278096827,0.008003588435899545,0.006200336357589986,0.007603213110094487,0.009090605619268999,0.008096141060606854,0.009856731192678048,0.011331183818259483,0.01005344239301742,0.01270090685752212,0.009040199295651696,0.017244867338638503,0.0058709181049527714,0.013076399746324796,0.00010528750077831717,0.00935259788407894,0.005299658651649608,-0.011057960740052053,0.4829000000000008,253.0,0.03996534600000001,0.00245473495481896,0.0034302028395813977,-0.10000000000000053,0.6000000000000014,-0.09703386592075613,-0.014782877902581149,0.07335334351228262,0.12560312242872929,0.030634175974626032,0.009493026914258351,0.001777115559740139,0.0011323549835875468,-0.005917177028088361,0.00038639876833101994,0.0016929861891270548,0.0026412341106638593,0.0002895613166309374,0.0019373453613233949,0.002872271710808505,0.0034949131455643823,0.0028449104124419478,-0.002464662356741698,0.0003619348039816117,41.1,0.1999999999999993,41.8,7.27931883541462,4.820281565605037,5.768320995793772,6.483107351457199,5.863631175598097,7.242082359256962,4.875197323201151,5.762051382780177,6.3818160174060985,5.877735781779639,0.0022305656361041315,0.027523989153387163,0.0195745536410179,0.006945204099798374,0.005978826802747861,-0.010000000000000009,-0.0026061201560745317,-0.0006312176394072111,-0.0011998630167653346,0.0004630538883034774,-0.020103505888936724,-0.01690944629125002,0.00587732919969941,-0.0015852967606226898,-0.003136386643135758,0.00032019400000000975,-0.006768615288859081,0.03676563100000019,-0.02957790436682739,0.02999999999999936,0.4900000000000002,0.33000000000000007,0.34999999999999964,0.35000000000000053,0.3200000000000003,0.28000000000000025,0.23000000000000043,0.21999999999999886,0.75,0.19,0.63,1.35,2.64,2.98,3.81,4.44,-0.0008021734216505649,0.0007962866593809181,-1.747758587189452e-05,0.007783442817386188,0.0655674678993714,0.034633165913529496,-0.0013418304461128017,-0.007499635877048938,-5.39863376225469e-07,0.00044934356637682527,-0.0007421150618878158,-2.531570262753746e-06,0.0006047454323052648,-0.0006695574368942303,-0.0006870478577898353,-0.0006875202162124339,0.0005825886678261227,1.2719859078025308e-05,-0.0015045681173093683,0.0015206226653612376,-9.935709747832533e-06,0.0013520810555402996,-6.157313194865566e-06,1.2000000000000028,-0.025346090968216828,-0.026258876348936866,-0.010656052994891141,15.0495
1994-11-01,-0.0002392058641191852,-0.0005375587284355277,0.0007377760077904583,0.008771596782288782,0.00080139848316918,0.006712926173579881,0.004548664735671615,0.004914953309879344,0.0008765701831299211,-0.0011659042706293476,0.0016659524507991463,0.01272996321493558,0.009429635991827112,0.01142086420345656,0.008418045856898537,0.008170971798822535,-0.033951000178110036,0.03378504791090897,0.3819000000000017,-51.0,0.01224810799999998,0.0011151782975282742,0.0032498379552468037,-0.20000000000000018,-1.3000000000000007,0.07737349731850696,-0.05353200656342327,-0.10291942910154539,-0.13143890389283097,-0.07910034856500481,-0.016329361932550412,0.0035879362921615865,0.003302627719444118,-0.001397380140049087,0.006354117845511098,0.0024468407197559827,0.003705513747533473,0.0005788712173231403,0.0036587973274286867,0.004484791286355261,0.003161474326690339,0.005439935138786822,-0.0015980246009856813,0.0011882928731576925,41.2,-0.09999999999999964,41.8,7.32052696227274,5.170483995038151,5.8916442118257715,6.452048954437226,5.82600010738045,7.200424892944957,4.919980925828125,5.697093486505405,6.380122536899765,5.752572638825633,0.013770566900214831,0.0032778706519103196,0.033951199002359544,0.0028345931291795523,0.0066047461731919554,0.010000000000000009,0.0020853173475980924,0.0013484283914753092,-0.0018454544839707765,0.0061455965625771825,0.016736499341032385,0.018567020716916183,0.00029261221639576007,0.00022475793381193654,-0.008640844921943724,0.0003486939999999966,-0.006055250871325413,0.03513171200000009,-0.031273010070004936,0.5300000000000002,0.2999999999999998,0.33999999999999986,0.33000000000000007,0.4299999999999997,0.3199999999999994,0.21999999999999975,0.10999999999999943,0.120000000000001,0.52,0.0,0.43,1.25,2.43,2.67,3.39,4.03,0.007951666877497487,0.009721878322312527,0.0032939289413977946,0.023191337068031892,0.00756558509375127,0.005987220164058726,0.002004230230830295,0.0007346500853149251,0.002929865956501132,-0.0004868239590400947,0.0014825799602231626,0.0015822628520441029,0.0006003315857725511,0.0013271308019806582,0.0013684558327557994,0.0013693928086970786,0.00020627961913355364,0.001597161833635674,0.0021559316521813088,-0.000839262819140707,-0.000793265495690143,-0.008957703608287737,-6.1268690778604196e-06,-1.1000000000000085,0.005632551419987308,0.0035284383506706263,0.004205652196229259,16.2495
1994-12-01,0.004723048798453533,0.004113917723495675,0.0026514957809049555,0.0074816263160428775,0.004849759651042618,0.009868958939530437,0.007868419500659307,0.008268115269890686,0.007950842287453241,0.009567011849711982,0.007335729665267188,0.009579362290609073,0.012363648332883947,0.021480564142218217,0.00518506560785692,0.010781186668556764,0.01669623083705929,-0.009270899033984925,0.6009999999999991,153.0,0.03243631700000005,0.00045481766386146205,0.0016450209738447796,-0.09999999999999964,-0.1999999999999993,-0.014615644789097715,-0.00835271677572802,-0.06910004687958349,-0.0647615114384168,-0.07264384304883276,-0.01474228173720249,0.0026115188792523725,0.0019503744399109735,-0.0036774404458865817,0.0030663113331446112,0.001802168903303425,0.0022361586295378544,0.0011567381278236866,0.002775627911592693,0.0035309419196334346,0.00366010521044835,0.002422004318761495,-0.0014549689748442063,0.0010837312375340247,41.3,0.09999999999999964,41.8,7.282761179605593,4.919980925828125,5.7899601708972535,6.466144724237619,5.8522024797744745,7.241366283322318,5.117993812416755,5.777652323222656,6.401917196727186,5.713732805509369,0.02712821384980124,0.016203866952229973,-0.038643339758431594,0.0008258199146862211,0.00747936594166454,-0.020000000000000018,-0.0007821968398236123,-0.001061395470760118,-0.0022362715206902806,0.002228295610888331,0.014697023260479725,0.011567039596172446,-0.002338419883971099,0.003957006622478332,0.015536471668008645,0.0015664469999999986,-0.012704820530091254,0.05462305799999978,-0.03788729748766029,0.16000000000000014,0.4500000000000002,0.3099999999999996,0.4900000000000002,0.5999999999999996,0.0600000000000005,-0.15000000000000036,-0.21999999999999886,-0.22000000000000064,0.81,0.15,0.76,1.69,2.33,2.36,3.01,3.65,-0.000812217659833081,-0.002450363774705977,-0.003342099326942183,0.0008450210001784697,-0.0751133306890015,0.00023008660085022115,-0.000673130828106494,0.0007430488974797811,-0.0007425071761284485,-1.7523138926556214e-05,0.0014760020795216988,-0.0007996079525129929,-0.0018235165088560379,-0.0019957857691021985,0.0006781503499340147,-4.216411538138232e-06,-0.0012567128970930597,-0.003162638009468921,-0.00043441712574487923,-0.001150976966908246,-0.0015704732195245263,0.002063509251837292,-0.0008274519325106588,3.5,-0.00558353661883082,0.006579934106301977,0.009176836746228823,13.8066
1995-01-01,0.004592006065321286,0.0027756221585857332,-3.6778227293865484e-05,0.004408615578910258,0.00433037778183909,0.0019130455273526081,0.0010471310070849782,0.0003521271600961384,-0.002160539714656906,0.004517390462392079,-0.00472904952626596,0.0060979049939988705,0.002988913989544706,0.0035842535165300227,0.004998706159665467,0.0016472064495438588,0.0035556640473402013,0.00827269274255471,-0.16729999999999734,-153.0,-0.03243631700000005,0.0006591183962179059,-0.00046514612842507574,0.09999999999999964,-0.6999999999999993,0.0685019851689459,0.00835271677572802,-0.037678494623730074,-0.059732958805953196,-0.019948943778992145,0.0313715387087381,0.002819324542388202,0.0022490386193840806,-0.0031628914085084503,0.001529637009534568,0.002610286003131179,0.0028123957828434243,0.0023094698486616494,0.002960771963032016,0.002883557252047808,0.004453262275536218,0.002952283271135059,-0.0014570889945009213,0.0004640969530260719,41.3,0.10000000000000053,41.8,7.249215057114389,4.844187086458591,5.666426688112432,6.486160788944089,5.814130531825066,7.156176637480615,4.9344739331306915,5.652489180268651,6.340359303727752,5.673323267171493,-0.008620867046253977,-0.01340184047308668,0.015969461496371906,-0.004826540076020791,0.009929008754246738,0.010000000000000009,0.000781932557329057,0.0019489304801236784,-0.0009476224003410749,-0.018064198685130428,-0.03783174304729631,-0.036483266662295066,0.007824290926689237,-0.0014945883639159163,-0.010142721067627924,0.00040187299999999704,0.02185998131710054,-0.06260864399999999,-0.008555897966369574,0.08000000000000007,-0.040000000000000036,0.11000000000000032,0.0,-0.08999999999999986,-0.020000000000000462,-0.02999999999999936,0.0,-0.019999999999999574,0.69,0.18,0.68,1.52,2.23,2.25,2.93,3.55,-0.0015904017289365413,-0.0024209656217086817,0.006519035748577373,-0.0030993435648136725,0.1005657981145891,-0.0062777985432518335,0.0006606779932178952,0.0037801497873042322,-0.000736049618383916,-0.0009403123469704511,-0.0029585820397448614,-5.615343365406034e-06,0.003619540083367845,0.0026485678463261664,-7.444810687040615e-06,0.0006772318826460122,0.001385982175050593,0.00473549010656793,-0.001171512527020191,0.0016182448680321926,-6.132228635991055e-07,-0.003457098492281041,0.0008173075268964602,2.5,0.00666402531777166,-0.009465868220205564,-0.0013674978169131435,11.7119
1995-02-01,0.0022314230174593774,0.002083016553612538,-0.0018590616175471197,-0.005642537091123501,-0.015871444141064117,-0.0012314018825145823,-0.0005159131777476844,0.0005626320021407949,0.0023582269950077617,-0.0055139874984799775,0.005393932150305147,0.0004966629953857549,-0.002126212263427796,-0.0011669246079804019,-0.005263953968520418,-0.0023229167672349504,0.03341510251067259,0.0005260448183328492,-0.5046999999999997,8.0,0.01581854199999999,0.0005829954774760893,0.0021234748013903015,-0.1999999999999993,-0.10000000000000142,-0.06966500138842768,0.015134432418237864,-0.021515278354960365,0.05794724404571827,-0.08891277644880002,0.012663111484629397,0.001620947451147714,-0.001902703276728701,-0.008483613977815274,-0.00805682470616631,0.00017377704448939824,0.002128277866324524,-0.002743089859793102,0.0024926863832543944,0.002410709788945198,0.004433518621825172,0.0020910594960845685,-0.0011672017665951273,0.0005154107938025732,40.9,-0.10000000000000053,41.7,7.182352111885263,4.867534450455582,5.652489180268651,6.335054251498059,5.820082930352362,7.134093721192866,4.718498871295094,5.6131281063880705,6.284134161070802,5.805134968916488,0.008086025957709353,0.02232647820737199,0.03508116283520479,0.0027595580994539404,0.007532170162374285,0.010000000000000009,-0.004088220486234917,-0.002435590192117587,-0.0033670065479043387,-0.0023909568127553626,-0.03261972140644165,-0.03328572046920297,0.0024975986202928624,0.0004285808354893561,-0.00725905115948855,-8.110199999999956e-05,0.03520322964911404,-0.09799178699999977,0.004502744434173422,0.3899999999999997,-0.0699999999999994,0.05999999999999961,-0.17999999999999972,-0.34999999999999964,-0.3899999999999997,-0.3100000000000005,-0.20000000000000107,-0.23000000000000043,0.23,-0.15,0.11,0.78,1.45,1.55,2.34,2.93,-5.5888245853452645e-06,0.0007983847299053437,-0.0033404892470381142,-0.0020376814748095384,-0.01765996156779881,-0.0398869022555246,-7.063964640785514e-06,-0.0030285835836245667,0.0014466117910272303,0.0004496430740905666,0.0014760150281203366,0.0015655034074555374,-0.0018234062057107536,-0.0006703486501447031,-7.404349685380396e-06,-0.0006870032262273895,-0.00025687591793666087,-0.00363847454276911,0.0009112766278409623,1.0011818935673489e-05,0.0031219507732158647,0.01448074503186314,0.0008112806051943089,-2.5,-0.027875543514923606,-0.010275417896506767,-0.01584868078447421,11.1973
1995-03-01,0.002529105712566704,0.0022939132669126394,0.005255336326822846,-0.0003534470810819812,0.009271450047350527,0.001457298471945201,0.0019770567823691465,0.0020692506961683677,-0.0005500872214714292,-0.0021360604940996453,6.108074617738879e-05,0.009443619926758462,0.0008121262956928277,0.006333846236728835,-0.0033289928332953522,0.002653137873298128,-0.00624059690191725,0.007286912519488098,-0.09060000000000912,-93.0,-0.010254215999999983,-5.298554631139041e-05,0.00021610113617143156,0.0,0.3000000000000007,-0.0023300981416225497,0.03532672286161187,-0.02504448685759897,-0.1647819097019969,0.08741912419201636,0.007374664691267796,0.0018321922933672852,0.002075496918351405,0.001064396055786787,0.009584125499426221,-0.00011584800754427249,0.001448505878297368,-0.002460738015233943,0.0017721226334419526,-0.0002112333925605725,0.002609750758864493,-0.0018158606994287396,0.0005837711782827881,0.0010300253266866122,41.0,-0.1999999999999993,41.5,7.130098510125578,4.8283137373023015,5.62040086571715,6.3473892096560105,5.6240175061873385,7.111512116496157,4.852030263919617,5.6131281063880705,6.324358962381311,5.583496308781699,-0.008567684413383958,-0.0063114728459527925,-0.010373155721691063,0.004845373859026836,0.00931773439624628,0.020000000000000018,0.0028698189504261506,0.0010598867371314213,-0.0016444525083683104,0.01905924594049324,0.04565158571053374,0.04462150478292848,-0.008421845005318396,-0.0020012409181138224,0.008594341329081878,0.0007766220000000046,0.023035262228528808,-0.062278935000000146,-0.0072557634429988305,0.0600000000000005,0.0,-0.03999999999999915,-0.14000000000000057,-0.27000000000000046,-0.3200000000000003,-0.2699999999999996,-0.14000000000000057,-0.15000000000000036,0.17,-0.25,-0.09,0.45,1.07,1.22,2.14,2.72,-0.0007901839536392785,-0.0008048104368452158,-0.002463544567177678,-0.013652887551806714,-0.02849624357865066,-0.015688506762256083,-0.0006681836132438335,0.004543735388635284,-1.3146626693938401e-05,-0.00047194159974495165,-0.0014760150281203366,-0.002363740645094481,0.0005896051168949867,-6.961824833062735e-06,-0.0013614605653637923,-4.159279132665006e-06,7.108819788559373e-05,0.0021084683087417844,-0.0009840827767231275,6.238398014968283e-05,-0.0023470969644727724,-0.008280137283076083,-0.003273325344969269,-4.799999999999997,0.020515037605616016,0.01732202455893095,0.006446763023181923,11.9713
1995-04-01,0.0011690995096476087,0.0016569592903135089,-0.0016324438001902308,-0.007511002480832474,0.003912494804726663,-0.0017664400725001528,-0.004180193851018643,-0.004156947545530976,-0.004961118256007424,-0.003305567554847677,-0.005590338782241133,-0.0014767076514083932,0.0012097290670407546,-0.0018364734079154843,-0.002759475969162928,-0.003426333788106639,-0.006599134828768172,-0.015672414204719765,-0.600200000000001,60.0,-0.02868868999999996,0.0036418902503605466,-8.00320128480081e-05,0.39999999999999947,0.3000000000000007,0.05961780282149576,0.04047043888295487,0.07819107349863508,0.11061538849618469,0.054539141996354346,0.028823778320175464,0.0013505891646623525,0.000992984431295696,-0.003374481490030057,0.0019058515393357567,0.0008685331022810772,0.0015427637810727646,-0.0001449380392415378,0.0014388721726596998,0.0024897153909435588,0.001395284166646249,0.0036500743434597638,-0.0011678833444221937,0.00036025836060282757,40.5,-0.5,40.9,7.144407180321139,4.68213122712422,5.627621113690637,6.340359303727752,5.749392985908253,7.138073034044347,4.859812404361672,5.627621113690637,6.289715570908998,5.746203190540153,0.015270683955440845,-0.009773681185331284,0.0022962593380402296,-0.002776092500649696,0.008060638888739646,0.0,0.0028750704539657335,0.00197370784905182,-0.0016471611873258851,0.002183510233313868,0.02405312876790333,0.022605676328502522,-0.004575849335404669,-0.001291134026592644,-0.0027907832189910664,0.0005483189999999916,0.029490879128513114,-0.06520406099999976,-0.0010707518745189937,0.0699999999999994,-0.03000000000000025,-0.08000000000000007,-0.1200000000000001,-0.16000000000000014,-0.1899999999999995,-0.14000000000000057,-0.08999999999999986,-0.09999999999999964,0.07,-0.4,-0.28,0.22,0.81,1.01,1.98,2.55,0.0007809276683898858,0.0007952103846209368,0.0007770196674128371,0.019440412160323106,0.06766251875410534,-0.013978902729353315,0.001974303244467457,-0.004543735388635284,0.0021444463324362673,-0.0009247959856191201,0.004415018209116717,0.0007797099014812403,-1.2892953034970844e-05,-6.925231735621651e-06,0.0027008682844780196,0.002024941861034968,0.0007815590869117983,-0.0015849840930934889,0.0042648512870684385,-6.025869162940012e-05,-2.4224468773148544e-06,0.001360046046319674,0.0008166599065559943,2.200000000000003,0.013881485480137457,-0.0057285771437385336,0.049890816613688216,12.5168
1995-05-01,0.0007667844304481974,-1.2638150785448943e-05,0.007206645178918336,0.007336396311796278,0.009672911778748627,0.004849522484934532,0.005624226600173365,0.006352363402363004,0.003646532412702186,-0.007644395435974616,0.007931369077033956,0.012650561154183393,0.0038939548758234466,0.005689740039167557,0.0027576146556338443,0.0038172077831815088,0.04360828024111729,-0.010323272474351164,-0.005299999999991201,-296.0,-0.02424028300000003,-0.005589162979907414,-0.0042026641262822295,-0.20000000000000018,-0.6000000000000014,-0.04763698318444032,-0.01616368665879353,0.04119394313094915,0.17363614885880718,-0.07111827079926503,0.05567403329615672,-0.0001281421525369808,-0.002332916770694027,-0.0033859071820208086,-0.006111554546002651,-0.0011002693874253566,-0.0005782575334620788,-0.001886108647639162,0.00041528903115839455,-4.2146966478640024e-05,0.00037174721617638795,2.164385044167716e-05,-0.00014608136758198498,-0.000823638469293897,40.5,0.1999999999999993,41.1,7.1808311990445555,4.867534450455582,5.560681631015528,6.363028103540465,5.840641657373398,7.147559271189454,4.795790545596741,5.627621113690637,6.302618975744905,5.786897381366708,-0.013441614730290041,0.009446590912041586,0.04336223162500907,0.006024584146164358,0.006644618661868051,0.010000000000000009,-0.005751259301495892,0.004801591071764477,0.005149185994744343,-0.012317043107925585,-0.06038540287952898,-0.05664469298570485,0.007035786778995856,0.0015548695888361053,-0.0008755199739054476,0.0006159130000000096,0.030824756619064253,-0.06704307100000007,0.003175528356639923,-0.040000000000000036,-0.0600000000000005,0.019999999999999574,-0.09999999999999964,-0.2699999999999996,-0.4500000000000002,-0.4299999999999997,-0.379999999999999,-0.40000000000000036,0.05,-0.34,-0.34,-0.01,0.4,0.62,1.64,2.19,-0.001569240995490162,-0.001598080352936293,-0.004017017421939606,-0.02620784490797501,-0.07530529006867104,-0.009499808176714808,-0.0019860669123801244,-5.173137734182376e-06,-0.002178186354153233,0.0004510767965673068,-0.002947666515166425,-0.0015667823392879754,-0.0012018616424080975,-6.888926395554051e-06,-0.002708182824320282,-0.0020373186291067213,-0.0010853522998512943,-0.0036802223459257988,-0.0022719423320420873,-0.00012936976198130168,-2.414923745419628e-06,-0.0020517398023627287,0.001629325821704164,-2.700000000000003,0.0006789382909211383,0.00567339653296095,-0.04581794171614462,12.4586
1995-06-01,0.003680247221554467,0.004514281851678348,0.007969037516769362,0.009592637750134969,0.012309022789974478,0.0032534566972968193,0.0056138733814687924,0.006318618821464561,0.004188707450267337,0.005654725804572713,0.003638176473098831,0.012511212868059118,0.0003437978502525141,0.005530589737167357,-0.005837336970832219,0.0046607413829633515,-0.010842054043195937,0.0035638723271844697,0.05310000000000059,59.0,0.008151934000000027,0.0007429871456263726,0.0008114307736448723,0.0,-1.0999999999999996,0.05275208385121033,0.00938974034983886,-0.12860976906441302,-0.20137585194795982,-0.06352586282318473,-0.01086229281663087,0.0020142025108214057,0.0006918021721773471,-0.004652003379693959,0.005730674708983585,-0.000695531240003433,-0.0009645062476106858,-0.00029048656704055986,0.0023394310967361776,0.0021472336313532736,0.0035062043729574555,0.002133226520099285,0.00029214139851418963,0.0013894966597582936,40.7,0.0,41.2,7.155396301896734,4.836281906951478,5.659482215759621,6.326149473155099,5.733341276897746,7.173958319756794,4.77912349311153,5.68697535633982,6.336825731146441,5.786897381366708,0.00483570143562595,-0.018403300604036943,-0.033560129564776275,-0.0024233504651824944,0.004055417114141591,-0.010000000000000009,0.0025255414018001687,-0.0001348530484932553,0.005036926506813977,0.0006888832668412448,0.04334393702467754,0.03930869667290715,-0.006372851888222897,-0.0004645812484049827,-0.002131790820952162,0.00014489699999999106,0.0292356876738582,-0.06145789199999996,0.003005061291382116,-0.009999999999999787,-0.11999999999999922,-0.20000000000000018,-0.25,-0.3600000000000003,-0.4800000000000004,-0.45999999999999996,-0.35000000000000053,-0.29999999999999893,-0.06,-0.53,-0.58,-0.36,-0.07,0.17,1.3,1.9,-0.0007827789049406064,-0.0007971303730185397,0.0007945785421448193,0.01845767825430311,-0.06264598061978477,0.02259046012838528,-3.890316417454187e-06,-5.1967504139938114e-06,0.0028361947510520125,0.0004473631554322566,-2.1499666225111014e-06,-0.0007815553348198279,-5.66220756059721e-06,-6.852905803711451e-06,0.0006709048615354263,-4.092240000197478e-06,-0.0005633648495191323,0.0013241661638305757,-0.0012977410092762653,-0.000666485989102128,0.0023186767785974283,0.002035498544509462,-5.9682508943836865e-06,2.9000000000000057,0.0025771276733692616,-0.00029639518989199587,0.0035732614766912363,13.179
1995-07-01,0.00335311508219327,0.003253260837576377,-0.002715769416698599,-0.011892774959168406,-0.0028263748652879173,-0.004181163502159357,-0.004084674241473074,-0.005279558100133919,-0.0055648470926170646,-0.021528829264379823,0.0003765664591695028,-0.005081898280934638,-0.0043051891311636226,-0.0076988905789581175,-0.010440408843803262,-0.0068159012240505135,0.007119126978493817,0.0007182056357484257,-0.9059000000000026,214.0,0.02148323699999999,0.0029815529178112143,0.002358245724698449,0.10000000000000053,0.5999999999999996,-0.043574199160235416,0.08584246978464805,0.01966416868642895,0.028682654597022683,0.012072581234268576,0.013963488587327433,0.0007755803391376048,-0.000735055702753229,-0.001076619519030153,0.0022831060145698245,-0.0016828670734998497,-9.65018094838399e-05,-0.0040756970538140536,0.001146448259406796,0.0001261643923697875,0.0009255146521756075,0.00047503203760790313,0.001021823313489989,-0.0004115014717811505,40.7,0.0,41.1,7.2868764117507,4.74493212836325,5.638354669333745,6.583409222158765,5.834810737062605,7.21081845347222,4.762173934797756,5.713732805509369,6.393590753950631,5.817111159963204,0.0005454258523514,-0.007599562942358418,-0.02636246399834974,-0.00224551936816475,0.00347595089105468,0.010000000000000009,0.002096428628363789,-0.001784893337694271,0.0038573680608013916,0.0006850828506426154,0.0017159783901270487,-1.244214403017807e-05,0.004815098759284098,0.001871548590555605,0.0019425807160713404,0.000356827000000004,0.03286458146475013,-0.06758518499999999,0.009744824221447956,-0.15000000000000036,-0.15000000000000036,-0.04999999999999982,-0.04999999999999982,-0.04999999999999982,0.08000000000000007,0.11000000000000032,0.11000000000000032,0.1399999999999988,-0.06,-0.43,-0.48,-0.26,0.16,0.43,1.56,2.19,0.0015637219761828192,0.000796495462259017,-0.0015968044435821227,-0.01952772870948305,0.00647947385474712,0.020347413965438044,-0.0006589683894890896,0.003043562324225313,-0.01141281081877743,-1.0133228167674702e-05,-0.0014652017273277806,0.0,-5.6353565076605605e-06,-0.001961852002792419,-0.0013472537999463796,-0.0013481619573214587,0.0002793170607162665,0.0011650210161571195,0.0011957024397046823,-0.00024648814584971035,0.001523531330001049,-0.002719700550766202,0.004037737967323096,1.7000000000000028,-0.010688221249678165,-0.010759469493187623,0.0023190112751727554,14.0765
1995-08-01,0.0014477471255105456,0.001879299449329963,0.004883087126795971,0.020055388348835024,0.007782443074763279,0.013058082415700945,0.01400767211683096,0.01524136263672382,0.015023458367604547,0.030810349784801794,0.009153318719371306,0.019074708054300338,0.011880246894969915,0.021711552993418426,-0.002369523482282254,0.011542577161562484,0.06536443130227898,0.0008505952034969511,0.5951000000000022,-42.0,-0.002483843000000041,-5.289426060706148e-05,0.00028838297458655404,0.0,-0.3000000000000007,0.039191431005140664,-0.05242248405739769,0.034031357183943456,0.08575391061834026,-0.012072581234268576,-0.04164691733574344,0.0022296363527551932,0.0019445590899422882,-0.0030567316797229793,0.004550633563995987,0.001276916999783495,0.0019282690124420299,0.0002916727452504375,0.002299545872984865,0.0020584350564689657,0.0003144799544934074,0.0016033652528086861,0.0014579387332442906,-0.00041167087495352916,40.8,0.10000000000000053,41.2,7.255591274253665,4.77912349311153,5.777652323222656,6.450470422144176,5.831882477283517,7.234177179749849,4.795790545596741,5.736572297479192,6.396929655216146,5.872117789475416,-0.0007943154232492589,0.03598960062803869,0.03612966438018539,0.004869979594246843,0.0032457182843863563,-0.010000000000000009,-0.0012228219929140138,0.0008372301974635121,0.004098191434850129,-0.003444766949081135,-0.017501013089385786,-0.012293056585124917,-0.005201627850286883,-0.004524430461103179,-0.0028337193958858364,0.00016301900000000036,0.0031169414744951496,0.00501564099999996,-0.02101789201145765,-0.10999999999999943,0.03000000000000025,-0.019999999999999574,0.040000000000000036,0.16000000000000014,0.23000000000000043,0.20999999999999996,0.16000000000000014,0.15000000000000036,0.08,-0.34,-0.33,0.01,0.5,0.75,1.83,2.45,-0.002345277311002647,-0.001592990924518034,-0.000796495462259017,-0.005192405091334784,0.10406106503491985,-0.009238823932429696,0.0006525184868495515,0.007575214634006677,0.0014107143601167493,0.0013446387950395433,0.001463058051760946,0.0015612805669524832,-5.608696003633895e-06,0.0013025062645253271,0.0013418304388181923,0.0013427312968996574,0.0008965769089526177,0.0015846356661386451,-0.00014499709762105795,0.001155733852742813,-0.005395003451659441,-4.5963814088167965e-07,-0.0056709784747486225,1.7999999999999972,0.022026857482380535,0.009897616560515132,0.007334520199653305,13.3487
1995-09-01,0.003841623976478914,0.004645479020386034,0.0023426388815321886,-0.001222849435627893,0.002345676206779501,0.0038889466540856787,0.0038822948262451362,0.0037407913087799116,0.001967956212761024,0.010395906787523224,-0.0012188102148842361,0.009343282031352818,0.0038909907917696884,0.018597434193376117,0.0007677267042680569,0.008791729396192771,-0.04297537423171516,0.023993595182257188,0.3562999999999903,9.0,0.0016383709999999718,0.0020758876209576727,0.0022481358349537572,-0.10000000000000053,0.0,0.044738181540092015,-0.058367516108015494,-0.03619726662931999,-0.10094888483341169,0.020834086902842053,0.016011480242909215,0.002046544729859434,0.001897697455559566,-0.0018024518218027197,0.0071630843507684006,0.0004059500737163546,0.0013475793742063757,-0.001021227019966986,0.002083036698785179,0.0009228188574361695,0.0010721879204425022,0.0012636236083540808,0.0018921481520379757,5.1468128372533783e-05,40.8,0.0,41.2,7.221835825288449,4.718498871295094,5.700443573390687,6.396929655216146,5.8805329864007,7.259116128097101,4.852030263919617,5.752572638825633,6.45833828334479,5.8289456176102075,0.013134869244501246,0.03690169353005146,0.11251216485831428,0.009280049130511614,0.004020196342914062,-0.010000000000000009,-0.0028855078100091802,-0.002393176466227942,0.002340376804943922,0.002753346788795241,0.017525550257061262,0.0158515758422606,-0.0014234367629404332,0.0005439551009720489,0.0030832231286819223,0.0003925719999999938,0.03455892827809404,-0.06998505300000035,0.012729877214642471,0.05999999999999961,-0.08000000000000007,-0.1200000000000001,-0.11000000000000032,-0.1299999999999999,-0.2400000000000002,-0.29000000000000004,-0.25,-0.2599999999999998,-0.06,-0.52,-0.5,-0.18,0.2,0.4,1.52,2.13,0.002344055652711674,0.0031840811567604987,-0.000796495462259017,0.041684994493067506,-0.03029898423614652,-0.013630732828938008,-0.0006568043560379877,-0.009847113681132669,0.001425983947985543,-0.0009192405504281354,-0.001463058051760946,-0.0007815534319313144,-5.582224243738665e-06,-0.0006537984778312023,-0.001343633372733244,-0.0006740706551484621,-0.0014595474168546119,-0.002676220136816454,-0.0005758677151197489,-0.0015259967680547604,0.0015360986123398312,0.0020286252112451386,-6.503644156552468e-07,-7.299999999999997,-0.02395720794214462,-0.0027258239602332424,-0.0038614643525471948,12.237
1995-10-01,0.0014605448699072099,0.0030353567454390884,-0.0038954061881932844,0.0005222345150244223,-0.004017605396311907,-0.0016626733743798638,-0.004731906803886687,-0.006974226251582394,-0.009181569092478803,-0.011370400101604616,-0.00836458771565507,-0.0008403085522719067,0.0021362114777874197,0.0020848776440782757,9.66349256428245e-05,-0.0012483295039542597,-0.04629379172095138,-0.025151065679636986,-0.4913999999999987,62.0,0.019587770000000004,0.0007914762197689384,0.0020357581844763217,-0.09999999999999964,-0.1999999999999993,-0.04730369513342847,0.03593200922606332,-0.014853920987962788,0.006676228898744085,-0.03305419823761735,0.0259046523320432,0.0012631991133282838,-8.618089374934357e-05,-0.0016249890729334027,0.005432250878378397,-0.0017990313298898997,-0.0010586594511678982,-0.002923551271049263,0.0015937099338838578,0.0013826335082054442,0.0005541292001645104,-0.0005311017615312608,0.0014530662248617432,0.0017483420918722459,40.9,0.0,41.2,7.221835825288449,4.836281906951478,5.648974238161206,6.408528791059498,5.863631175598097,7.24422751560335,4.852030263919617,5.7745515455444085,6.452048954437226,5.755742213586912,-0.006293859638857313,-0.02979488442234235,-0.06947237281476859,0.0018344208907343784,0.004270334329195435,0.020000000000000018,-0.0011512692817552406,-0.000511247922130309,0.0005099005804360957,-0.0011479198507258204,-0.021102312540384638,-0.02113939997200487,-0.004318989469769718,-0.002975858272836085,-0.0045368019998131,-4.02340000000001e-05,0.007144793626718382,-0.004695968999999689,-0.014397585044970018,-0.040000000000000036,0.08000000000000007,0.0,0.020000000000000462,-0.03000000000000025,-0.13999999999999968,-0.16000000000000014,-0.20000000000000018,-0.17999999999999972,0.06,-0.48,-0.44,-0.17,0.1,0.28,1.36,1.99,0.0007766820352799186,-0.0007990230093639639,-6.34910759522711e-07,-0.02378800937206993,-0.05533372168508377,-0.02399850942933046,0.0013020746349914347,0.0022661466873641345,0.005025901729049487,-0.0009093984196066884,0.0021905813798177576,-6.075007510375485e-07,0.0011695323273706038,0.0019444659395988495,0.0020069117717484986,0.0013359959465146787,0.0018936151116504263,0.001546592339791708,0.0014792778490031466,0.0020989200240659756,0.0007636340991914459,-0.0020309140881047405,0.0016083614889930153,1.2999999999999972,0.017030697532110395,-0.002534824065223873,-0.0054000619013514495,14.2377
1995-11-01,0.0032398268588789136,0.0042513961616723606,0.008295517453116297,0.008152837330428042,0.011995129841380958,0.002525292115327815,0.0025761194469993143,0.0023813572124744553,0.0033536934646960503,0.000799313854221495,0.004303762905172093,0.0038668679897364555,0.0024558135465539976,0.008381660943667324,-0.006988371853752895,0.000865854970467872,0.05901394185322406,0.005807071921534401,-0.32909999999999684,-145.0,-0.026958235999999913,-0.0007688539179486753,-0.0015963224129258435,0.09999999999999964,0.3999999999999986,0.03142754583321139,-0.011409377938157661,0.029062986743137564,0.03088687267690471,0.02748758346556368,0.0146963232901971,0.0011769837554762574,-0.00021548473374011223,-0.004890871084389126,0.000933619711172895,-0.00040668119659947877,0.00048134778305986003,-0.001758242211195693,0.0015174669648807537,0.00138072447198212,0.00114422823225091,0.0006171997985493505,0.002320523158777732,-5.1378220783604434e-05,40.8,0.0,41.3,7.280697195384741,4.59511985013459,5.777652323222656,6.54965074223381,5.802118375377063,7.265429723253953,4.836281906951478,5.749392985908253,6.432940092739179,5.908082938168931,-0.011879964105022012,0.004319383903746754,0.04085738803847505,0.00427777509315419,0.002581445276472749,-0.010000000000000009,0.0013064316564426193,-0.0013349048460042923,0.0005096407143350135,0.005022369465547349,0.014084739881738528,0.01584228514860153,0.00868538641670824,0.0009554037327506038,0.018629114091960552,0.002057315000000004,0.021401809694691742,-0.037829031000000235,0.008129471055244863,0.040000000000000036,-0.08000000000000007,0.08000000000000007,-0.05000000000000071,-0.16000000000000014,-0.16999999999999993,-0.11000000000000032,-0.10000000000000053,-0.07000000000000028,-0.06,-0.44,-0.53,-0.37,-0.11,0.13,1.22,1.88,-5.459006951369361e-06,-2.5195295023650033e-06,-0.0007990391598040603,0.022340908447835872,0.07535179969134598,0.01960374054625369,-0.0013071808463145373,-0.003781293298534827,-0.00574300466404587,0.0004398879522735655,-0.002920242119961003,0.0007773009133877906,-0.0011833732967092558,-0.002597824076009836,-0.002677377770716305,-0.0020091518855105406,-0.0026144198341695457,-0.0020723320024123026,-0.004166638158069169,-0.002139714554304284,-0.0007695105307639061,0.0026949635002679884,-0.00161095249483445,-2.0,-0.041775250411641096,0.012977016633035632,-0.0024403806502126812,12.9719
1995-12-01,0.001806446592674149,0.001100184917296687,0.006341515164877798,0.004728339523611069,0.008280425202935149,0.0033882328502832237,0.0032056472272916636,0.004286998836001921,0.003069466817940736,0.006097265204838109,0.0019184451945832848,0.007501268452091203,0.003607393642796275,0.008286600679483502,-0.00585462551717697,0.003277479222935753,0.004409530463002298,0.007671283624847369,-0.14220000000000255,375.0,0.050735372,-0.0007769920240026096,-0.0007991178165038804,0.0,-0.09999999999999787,-0.05481825397549933,0.02559401293011465,-0.0034261275484217535,0.02906653309464069,-0.03241774957342258,-0.03234783386551854,0.0013277350540139565,0.00034475328934391314,0.0003631082102346639,-0.002616334888072558,0.0012775843781884788,0.0040342000731605765,-0.0029372909941933756,0.00156773652054909,0.0006687565557506048,0.0012166124378474308,0.0018063485142132407,0.0011582453879199761,0.00015412674386361402,40.5,-0.20000000000000018,40.9,7.266128779556451,4.624972813284271,5.723585101952381,6.502790045915623,5.87493073085203,7.273786317844895,4.859812404361672,5.703782474656201,6.42648845745769,5.978885764901122,0.028785174623237708,0.044668927027544214,0.06868013408408835,0.006964825208893188,-0.0014015149199604338,-0.030000000000000027,-0.003018945075337065,0.0008512528069886116,0.0013153709332636154,0.009433509932269324,0.026248226074936376,0.02312850083417395,-0.0054908636545309975,-0.0013459751600199965,-0.02029108782890887,-0.00018452700000000377,0.03147107090924006,-0.059984912,0.0219919581690613,-0.20000000000000018,-0.10000000000000053,-0.22000000000000064,-0.13999999999999968,-0.1200000000000001,-0.1800000000000006,-0.21999999999999975,-0.1999999999999993,-0.1899999999999995,0.04,-0.46,-0.47,-0.29,-0.09,0.11,1.22,1.89,0.0023174478295100442,0.004733093195842919,0.0031923390656452,0.0014329741363123816,0.025676351919169615,0.015587223391412053,-1.6932170154859705e-06,0.004539725747752854,0.002871502332022935,-0.0004555240058863319,0.0029170476859432526,-0.0007791177490954482,-0.0011750818106017746,0.0012932417667830265,0.002003339568174667,0.001333776785466867,0.001949188937634183,0.0043308442184839535,0.004526461406563875,0.0005128487717280805,-0.0007659882880113322,-0.009445353756230901,0.002404165627086563,2.799999999999997,0.03207852455652116,-0.00992412935101683,0.0030041153344129157,12.288
1996-01-01,0.003376712752025668,0.0010125832850462757,-0.0045153249484704006,-0.0100321418599858,-0.008112705495715744,-0.0053952788312097155,-0.0096615190862126,-0.011138759453561242,-0.011504714503312918,-0.02668881914487642,-0.005865167581124098,-0.010566174423535912,-0.00011444508647251439,0.00338408368700982,-0.005497281808625409,-0.006454138225719497,0.02205377771315753,0.0020296224449758427,-0.9474000000000018,-250.0,-0.038701540000000034,0.0007920732742388026,0.00029574802483978146,0.0,-0.1999999999999993,0.02339070814228794,-0.011247775318646624,0.017014447029648494,0.03949613834265531,-0.00412712100465118,0.024358443832039,-5.916084568013957e-05,-0.0005602844667631501,-0.0010897204129580729,0.0020562676653668177,-0.0013356951955341145,-0.0007671653617524754,-0.0022086440547219865,6.307888016010565e-05,0.00012534207958836419,0.00038679376086570016,-8.594264765982018e-05,0.0015904001038951066,-0.0008222839398452919,39.5,0.0,39.7,7.2909747781429814,4.553876891600541,5.820082930352362,6.459904454377535,5.981414211254481,7.234898420314831,4.574710978503383,5.746203190540153,6.413458957167357,5.905361848054571,-0.030239188100333436,-0.04684875042748793,-0.10696322142900527,0.010805966361761676,0.005409617390332855,0.050000000000000044,0.00228261269300134,0.0024082652168715413,-0.00012721837050388984,-0.024382745733384503,-0.043670269521601135,-0.03706380980624757,0.005875944787922194,0.004033575138015166,0.007198360356476918,0.00039227900000000926,-0.0002441028824398117,0.017360400000000276,-0.012443411129652304,-0.040000000000000036,-0.23999999999999932,-0.13999999999999968,-0.20999999999999996,-0.21999999999999975,-0.14999999999999947,-0.05999999999999961,-0.010000000000000675,-0.020000000000000462,-0.16,-0.56,-0.64,-0.47,-0.2,0.09,1.25,1.91,-0.0015623656311438694,-0.0016058518993800064,-0.0007990391598040603,0.0077225343973932326,-0.06516485004664263,-0.03232784419434864,0.00388432643390324,0.002261009089360222,0.00930239266231414,0.001325881709293597,0.0043462116138446305,0.0015509869610284,0.0023337161632985826,0.0032168540519244004,0.002655570689066522,0.0026538088655216896,0.00030315261948743455,-0.0012751856054915578,0.0033696936284988155,-0.0005340484316880278,0.009874164312299705,0.021527047305246683,0.0055607885931761025,-1.7000000000000028,-0.005130657397115712,-0.013823986600177918,-0.000994201752225976,15.069
1996-02-01,0.008288153450815017,0.008602520730196517,0.007644438905134443,0.008995170420130094,0.015730987304257482,0.0143580872795539,0.015899961145319885,0.018116596834026666,0.015156963767175569,0.026143855329257448,0.011073666762675849,0.024433055635751266,0.012435217410406985,0.02128416891559004,-0.0009528007219552492,0.014468364514440779,0.0270837921662066,0.018954545018809554,0.7497000000000043,-94.0,0.0004908940000000195,0.0025304267026573513,0.004099477754740732,-0.09999999999999964,0.29999999999999716,-0.004413394438413043,-0.05202118475087847,-0.02736382789165237,-0.04939275532957588,-0.006639028534809022,0.008652300233427113,0.0035097820481890807,0.003614772849044101,0.005256015724890872,0.011142176553242678,0.0012196185848409868,0.0015337426319490532,0.0007367568299088134,0.0034841778173468896,0.0015028808038728414,0.0003682359697680937,0.0020177020790299594,0.0031732321448956213,0.001797868726216123,40.9,0.20000000000000018,41.3,7.307202314764738,4.882801922586371,5.659482215759621,6.472346294500901,6.052089168924417,7.258412150595307,4.7535901911063645,5.762051382780177,6.421622267806518,5.916202062607435,-0.020679716234829115,-0.032836249156014574,0.0025868277898233316,0.0032310491049312162,0.0005519657739743167,0.0,-0.0009063309437493672,-0.001253591572192292,0.0019065782705816048,-0.00443748312979686,-0.03859983051788163,-0.044086238039445336,-0.005895786291014282,-0.0027031052592745297,-0.003231958374865229,-0.0004207469999999991,0.055585686662594114,-0.10634224800000025,0.0477706101134614,-0.33999999999999986,-0.25,-0.16999999999999993,-0.15000000000000036,-0.14999999999999947,0.019999999999999574,0.15999999999999925,0.1800000000000006,0.16000000000000014,-0.07,-0.39,-0.45,-0.28,0.16,0.59,1.77,2.41,-0.0030888055445865703,-0.005497290764306051,-0.004789151642556,-0.014255023054169591,0.018452127540838248,-0.017559102519535408,-0.00324735739395976,-0.007550027841151774,-0.005747465349390524,-0.0017866671814177337,-0.005810271222501662,-0.0015533962686662406,-0.0005934662769915278,-0.0032305722229093448,-0.0020063888081098824,-0.002005047889950262,-0.0006464985641416732,-0.0017549400699996553,-0.003286985532216846,0.0005626023956804005,-0.01442484725755877,-0.021470176884484715,-0.011948142737325362,-0.7999999999999972,0.012998594714217049,0.0033317368431582395,0.011889210878900158,16.5672
1996-03-01,0.0034878390060661957,0.0029080799077370045,0.004834391969221308,0.0004976003650991601,0.00884252965773591,-0.0014490116362919636,-0.0020439007648249685,-0.004564759260927254,-0.006166413945392968,-0.032013987726229765,0.0032819002500845684,-0.0025336254012087167,-0.0007187413661586817,-0.00637667052185531,0.003987596232407853,-0.0022707490804663166,-0.011860080029962639,-0.0002921857854873977,-0.6251000000000033,115.0,0.015339745000000016,0.001713435857254808,0.0017733532545829434,0.0,0.9000000000000021,-0.044853947782542036,-0.0030939251199484374,0.06177136709710318,0.01614384837135585,0.10202439913581607,0.023965004690404967,0.0021537589722413486,-0.00017183606881410185,0.0025275333910741438,0.0057085137986145895,-0.002091686312558849,-0.0023014969882790837,-0.001769129165534622,0.0027201221994577196,0.0017505110125863865,0.0013245278707518793,0.0020207725082421746,0.0011514106050416473,0.0024092074087409543,40.7,-0.20000000000000018,41.1,7.261225091971921,4.90527477843843,5.799092654460526,6.4692503167957724,5.749392985908253,7.270312886079025,4.919980925828125,5.814130531825066,6.39024066706535,5.910796644040527,0.04471990764362843,0.09002461432505626,0.07610305543525442,0.022519273892349645,-0.0021520663236671567,-0.040000000000000036,0.008119232273113397,0.0030279965254447205,0.0035914266975076714,0.024633497731922027,0.0762617553122924,0.0785853845323069,0.0008344689537391758,0.002527604050735377,-0.0023212290985652473,-0.0003091659999999996,-0.0038099397471897944,0.024189828999999996,-0.012022327995441895,0.08999999999999986,0.15999999999999925,0.1299999999999999,0.1900000000000004,0.39999999999999947,0.5899999999999999,0.45999999999999996,0.35999999999999943,0.39999999999999947,0.0,-0.35,-0.35,0.03,0.66,0.96,2.04,2.72,0.0061491354403502285,0.009374453517245307,0.006389145869258428,-0.03252104174356063,0.10339033558469302,0.053053709395651794,0.0012832553598149943,0.006796164254751602,0.0006943708657338732,-4.907699424627765e-06,0.0043253671228358215,0.0007730944342903001,-0.0005883287913173163,0.0012767021734241268,0.0006532666853678037,0.0006528402833332336,0.0014381998432480003,0.0020251614268520512,0.003838265745201852,0.0004230565261407193,0.0015076786019152522,0.007358555100014819,-0.0016088638144173828,5.200000000000003,-0.0215497848991415,0.0034044378155773103,-0.012803978386049408,18.7075
